SYMBOL,ANGEL_SYMBOL,ANGEL_TOKEN,LTP,LTP_DATE,HIGH_52W_NOW,LISTED_FROM,PRICE_3M,PRICE_3M_DATE,PRICE_3M_ADJ,HIGH_52W_3M,PRICE_6M,PRICE_6M_DATE,PRICE_6M_ADJ,HIGH_52W_6M,PRICE_9M,PRICE_9M_DATE,PRICE_9M_ADJ,HIGH_52W_9M,PRICE_1Y,PRICE_1Y_DATE,PRICE_1Y_ADJ,HIGH_52W_1Y,PRICE_1_25Y,PRICE_1_25Y_DATE,PRICE_1_25Y_ADJ,HIGH_52W_1_25Y,PRICE_1_5Y,PRICE_1_5Y_DATE,PRICE_1_5Y_ADJ,HIGH_52W_1_5Y,MOM_NOW_R3,MOM_NOW_R6,MOM_NOW_R12,MOM_3M_R3,MOM_3M_R6,MOM_3M_R12,MOM_6M_R3,MOM_6M_R6,MOM_6M_R12,MOM_9M_R3,MOM_9M_R6,MOM_9M_R12,MOM_1Y_R3,MOM_1Y_R6,MOM_1Y_R12,MOM_1_25Y_R3,MOM_1_25Y_R6,MOM_1_25Y_R12,MOM_1_5Y_R3,MOM_1_5Y_R6,MOM_1_5Y_R12,ADJ_FACTOR,CORP_ACTIONS,BACK_DATE,STATUS,FETCHED_AT
360ONE,360ONE-EQ,13061,1048.0,2026-10-09,1236.2,2024-03-26,1129.0,2026-07-10,1129.0,1236.2,1012.65,2026-04-10,1012.65,1273.8,1143.6,2026-01-09,1143.6,1273.8,1084.4,2025-10-09,1084.4,1318.0,1194.4,2025-07-10,1194.4,1318.0,808.55,2025-04-09,808.55,1318.0,-7.17,3.49,0.28,11.49,-1.28,-11.92,-11.45,-7.53,29.63,4.43,-4.22,-5.46,-9.21,34.12,3.36,47.72,2.39,5.37,-31.24,-19.95,24.51,1.0,,2025-10-09,OK,2026-10-10 12:55
ABB,ABB-EQ,13,6780.0,2026-10-09,7924.5,2024-03-26,6836.0,2026-07-10,6836.0,7822.5,6859.5,2026-04-10,6859.5,6905.5,5093.0,2026-01-09,5093.0,6579.65,5146.5,2025-10-09,5146.5,8940.6,5893.5,2025-07-10,5893.5,8940.6,5036.2,2025-04-09,5036.2,9149.95,-0.82,-1.16,43.82,-0.34,34.22,15.4,34.68,32.27,24.7,-1.79,-11.53,-20.52,-12.67,2.19,-39.33,17.02,-9.09,-27.8,-24.35,-40.46,-20.97,1.0,,2025-10-09,OK,2026-10-10 12:55
ACC,ACC-EQ,22,1133.0,2026-10-09,1987.0,2024-03-26,1384.5,2026-07-10,1384.5,2028.8,1424.6,2026-04-10,1424.6,2119.9,1705.8,2026-01-09,1705.8,2119.9,1874.8,2025-10-09,1874.8,2378.4,2001.5,2025-07-10,2001.5,2744.25,1986.7,2025-04-09,1986.7,2844.0,-18.17,-20.47,-32.92,-2.81,-18.84,-34.24,-16.48,-24.45,-26.69,-9.54,-13.96,-9.7,-6.33,-5.63,-20.92,0.74,1.4,-27.89,-1.06,-15.09,-26.29,1.0,,2025-10-09,OK,2026-10-10 12:55
ACMESOLAR,ACMESOLAR-EQ,27061,418.1,2026-10-09,476.9,2024-11-13,377.0,2026-07-10,377.0,398.15,268.65,2026-04-10,268.65,324.3,226.4,2026-01-09,226.4,324.3,281.1,2025-10-09,281.1,324.3,287.08,2025-07-10,287.08,292.4,195.48,2025-04-09,195.48,292.4,10.9,55.63,42.87,40.33,66.52,17.35,18.66,-5.74,17.78,-20.56,-23.36,-9.11,-2.08,43.8,,46.86,20.57,,-14.99,,,1.0,,2025-10-09,OK,2026-10-10 12:55
AIAENG,AIAENG-EQ,13086,3737.7,2026-10-09,5180.0,2024-03-26,4683.5,2026-07-10,4683.5,5180.0,3773.3,2026-04-10,3773.3,4206.1,3953.7,2026-01-09,3953.7,4168.7,3271.9,2025-10-09,3271.9,4275.0,3430.4,2025-07-10,3430.4,4949.95,3106.5,2025-04-09,3106.5,4949.95,-20.19,-0.94,27.51,24.12,18.46,29.4,-4.56,15.32,20.49,20.84,17.68,7.52,-4.62,5.32,-26.22,10.43,-0.08,-18.39,-8.6,-24.44,-23.26,1.0,,2025-10-09,OK,2026-10-10 12:55
APLAPOLLO,APLAPOLLO-EQ,25780,2114.1,2026-10-09,2301.4,2024-03-26,1835.9,2026-07-10,1835.9,2301.4,2064.6,2026-04-10,2064.6,2301.4,1893.3,2026-01-09,1893.3,1993.7,1735.0,2025-10-09,1735.0,1936.0,1719.2,2025-07-10,1719.2,1936.0,1474.4,2025-04-09,1474.4,1728.95,15.15,2.4,24.96,-11.08,-3.03,2.51,9.05,18.75,36.75,8.9,11.25,11.94,0.92,17.67,10.35,16.6,10.86,20.86,-4.17,-4.01,-10.44,1.0,,2025-10-09,OK,2026-10-10 12:55
AUBANK,AUBANK-EQ,21238,982.0,2026-10-09,1144.1,2024-03-26,1072.1,2026-07-10,1072.1,1090.4,981.8,2026-04-10,981.8,1039.2,999.2,2026-01-09,999.2,1026.8,760.0,2025-10-09,760.0,841.0,828.2,2025-07-10,828.2,841.0,554.3,2025-04-09,554.3,755.4,-8.4,0.02,39.54,9.2,7.3,15.82,-1.74,28.63,65.69,30.91,21.71,74.32,-8.23,37.11,-1.11,49.41,45.29,21.5,-2.14,-21.41,-14.77,1.0,,2025-10-09,OK,2026-10-10 12:55
AWL,AWL-EQ,8110,182.18,2026-10-09,282.9,2024-03-26,190.0,2026-07-10,190.0,286.0,182.26,2026-04-10,182.26,291.2,222.98,2026-01-09,222.98,301.6,268.15,2025-10-09,268.15,352.8,270.05,2025-07-10,270.05,403.95,271.7,2025-04-09,271.7,403.95,-4.12,-0.04,-30.07,4.25,-14.79,-30.7,-18.26,-32.23,-33.97,-17.09,-17.38,-23.59,-0.7,-1.31,-23.63,-0.61,-16.51,-17.0,-16.69,-19.23,-28.33,1.0,,2025-10-09,OK,2026-10-10 12:55
AADHARHFC,AADHARHFC-EQ,23729,443.65,2026-10-09,563.0,2024-05-15,534.55,2026-07-10,534.55,563.0,478.6,2026-04-10,478.6,547.8,475.95,2026-01-09,475.95,547.8,513.75,2025-10-09,513.75,547.8,453.1,2025-07-10,453.1,516.8,459.4,2025-04-09,459.4,516.8,-17.0,-7.3,-8.15,11.69,12.31,3.7,0.56,-7.16,5.0,-7.67,5.37,14.33,13.39,11.83,16.61,-1.37,7.26,7.78,8.64,4.55,,1.0,,2025-10-09,OK,2026-10-10 12:55
AARTIIND,AARTIIND-EQ,7,460.15,2026-10-09,551.75,2024-03-26,484.1,2026-07-10,484.1,523.1,423.75,2026-04-10,423.75,495.0,361.65,2026-01-09,361.65,495.0,380.5,2025-10-09,380.5,541.65,448.0,2025-07-10,448.0,765.5,357.75,2025-04-09,357.75,769.25,-4.95,8.59,30.41,14.24,33.86,-3.2,17.17,12.1,20.24,-4.33,-17.99,-14.42,-15.07,6.36,-26.81,25.23,8.37,-31.22,-10.08,-32.51,-44.12,1.0,,2025-10-09,OK,2026-10-10 12:55
AAVAS,AAVAS-EQ,5385,1193.0,2026-10-09,1771.9,2024-03-26,1525.9,2026-07-10,1525.9,2049.0,1243.8,2026-04-10,1243.8,2234.0,1449.4,2026-01-09,1449.4,2234.0,1624.3,2025-10-09,1624.3,2234.0,1954.4,2025-07-10,1954.4,2234.0,2043.7,2025-04-09,2043.7,2139.0,-21.82,-4.08,-20.56,22.68,5.28,-33.5,-14.19,-23.77,-40.71,-11.17,-27.86,-8.32,-16.89,-20.52,-7.74,-4.37,16.35,5.18,21.59,18.64,10.63,1.0,,2025-10-09,OK,2026-10-10 12:55
ABBOTINDIA,ABBOTINDIA-EQ,17903,26000.0,2026-10-09,30655.0,2024-03-26,27165.0,2026-07-10,27165.0,35310.0,25780.0,2026-04-10,25780.0,37000.0,28095.0,2026-01-09,28095.0,37000.0,29690.0,2025-10-09,29690.0,37000.0,34555.0,2025-07-10,34555.0,37000.0,29108.05,2025-04-09,29108.05,31898.95,-4.29,0.85,-15.04,5.37,-3.31,-23.44,-8.24,-14.44,-6.56,-6.75,-18.38,-6.21,-14.08,2.0,6.95,18.71,16.14,12.69,-1.69,1.63,15.93,1.0,,2025-10-09,OK,2026-10-10 12:55
ACE,ACE-EQ,13587,1176.9,2026-10-09,1268.0,2024-03-26,989.0,2026-07-10,989.0,1213.4,909.35,2026-04-10,909.35,1389.0,913.2,2026-01-09,913.2,1412.0,1071.4,2025-10-09,1071.4,1600.0,1212.0,2025-07-10,1212.0,1600.0,1194.6,2025-04-09,1194.6,1649.0,19.0,29.42,5.19,8.76,8.3,-27.57,-0.42,-14.93,-28.56,-14.57,-23.66,-33.55,-11.6,-10.31,-15.64,1.46,-13.35,-11.92,-16.77,-11.87,-26.92,1.0,,2025-10-09,OK,2026-10-10 12:55
ACUTAAS,ACUTAAS-EQ,5578,3160.6,2026-10-09,3740.0,2024-03-26,3400.8,2026-07-10,3400.8,3740.0,2362.2,2026-04-10,2362.2,2634.8,1685.2,2026-01-09,1685.2,1902.0,1421.4,2025-10-09,1421.4,1530.3,1134.2,2025-07-10,1134.2,1322.0,1066.35,2025-04-09,1066.35,1322.0,-7.06,33.8,128.07,43.97,101.8,182.75,40.17,60.97,105.65,14.83,47.0,53.8,25.32,33.3,79.17,6.36,3.85,64.42,-8.87,27.04,91.05,1.0,,2025-10-09,OK,2026-10-10 12:55
ADANIENSOL,ADANIENSOL-EQ,10217,1262.0,2026-10-09,1789.0,2024-03-26,1654.0,2026-07-10,1654.0,1712.0,1157.9,2026-04-10,1157.9,1160.4,960.6,2026-01-09,960.6,1067.7,931.95,2025-10-09,931.95,1090.95,891.05,2025-07-10,891.05,1348.0,837.4,2025-04-09,837.4,1348.0,-23.7,8.99,52.72,42.84,72.18,72.34,20.54,25.06,18.46,3.75,9.9,30.75,4.59,11.29,-19.24,6.41,18.57,-8.75,8.73,-14.84,-29.14,1.0,,2025-10-09,OK,2026-10-10 12:55
ADANIENT,ADANIENT-EQ,25,2634.4,2026-10-09,3245.0,2024-03-26,3157.3,2026-07-10,3157.3,3245.0,2086.8,2026-04-10,2086.8,2612.76,2153.7,2026-01-09,2153.7,2612.76,2464.82,2025-10-09,2464.82,3113.02,2502.24,2025-07-10,2502.24,3158.58,2168.64,2025-04-09,2168.64,3629.66,-16.56,26.24,25.96,51.3,46.6,17.14,-3.11,-15.62,-8.94,-12.91,-13.18,-7.94,-1.5,13.66,-26.7,15.38,4.16,-15.6,-11.07,-29.07,-30.33,1.0,,2025-10-09,OK,2026-10-10 12:55
ADANIGREEN,ADANIGREEN-EQ,3563,1255.8,2026-10-09,1631.5,2024-03-26,1536.6,2026-07-10,1536.6,1589.1,1085.35,2026-04-10,1085.35,1177.55,946.1,2026-01-09,946.1,1177.55,1051.5,2025-10-09,1051.5,1807.0,995.8,2025-07-10,995.8,2091.0,860.75,2025-04-09,860.75,2174.1,-18.27,15.7,25.06,41.58,62.41,48.93,14.72,1.98,-1.29,-11.11,-4.93,1.24,5.59,22.16,-47.12,15.69,1.85,-39.6,-12.96,-51.76,-56.89,1.0,,2025-10-09,OK,2026-10-10 12:55
ADANIPORTS,ADANIPORTS-EQ,15083,1761.0,2026-10-09,1891.1,2024-03-26,1828.1,2026-07-10,1828.1,1891.1,1475.3,2026-04-10,1475.3,1584.0,1435.9,2026-01-09,1435.9,1549.0,1395.6,2025-10-09,1395.6,1494.0,1443.1,2025-07-10,1443.1,1604.95,1131.8,2025-04-09,1131.8,1621.4,-3.67,19.37,27.19,23.91,27.31,26.2,2.74,4.68,24.65,1.88,0.29,32.3,-3.29,23.31,-1.94,27.5,27.44,-0.94,-1.78,-19.63,-15.75,1.0,,2025-10-09,OK,2026-10-10 12:55
ADANIPOWER,ADANIPOWER-EQ,17388,189.0,2026-10-09,254.2,2024-03-26,218.45,2026-07-10,218.45,254.2,175.81,2026-04-10,175.81,182.7,141.68,2026-01-09,141.68,182.7,148.91,2025-10-09,148.91,182.7,121.16,2025-07-10,121.16,150.58,101.69,2025-04-09,101.69,179.17,-13.48,7.5,44.32,24.25,54.19,82.06,24.09,17.44,36.54,-5.36,17.29,41.78,22.9,46.44,1.47,19.15,21.67,-18.07,0.69,-19.84,-18.06,1.0,,2025-10-09,OK,2026-10-10 12:55
ATGL,ATGL-EQ,6066,563.45,2026-10-09,859.85,2024-03-26,723.9,2026-07-10,723.9,859.85,581.05,2026-04-10,581.05,798.0,556.55,2026-01-09,556.55,798.0,627.7,2025-10-09,627.7,862.0,651.95,2025-07-10,651.95,941.9,579.4,2025-04-09,579.4,1190.0,-22.16,-3.03,-2.45,24.58,30.07,11.73,4.4,-7.48,-2.16,-11.38,-13.68,-13.67,-3.72,8.34,-21.47,12.52,-4.43,-19.93,-17.81,-23.48,-37.04,1.0,,2025-10-09,OK,2026-10-10 12:55
ABCAPITAL,ABCAPITAL-EQ,21614,380.7,2026-10-09,430.7,2024-03-26,408.3,2026-07-10,408.3,410.7,341.9,2026-04-10,341.9,369.3,353.85,2026-01-09,353.85,369.3,297.95,2025-10-09,297.95,307.8,272.0,2025-07-10,272.0,282.65,181.95,2025-04-09,181.95,246.9,-6.76,11.35,34.25,19.42,15.39,25.99,-3.38,16.55,77.96,20.62,31.32,106.86,9.54,63.75,28.41,49.49,56.75,5.67,1.7,-19.35,-22.12,1.0,,2025-10-09,OK,2026-10-10 12:55
ABREL,ABREL-EQ,625,1022.3,2026-10-09,1914.0,2024-03-26,1447.0,2026-07-10,1447.0,2253.5,1361.1,2026-04-10,1361.1,2537.9,1620.1,2026-01-09,1620.1,2537.9,1610.1,2025-10-09,1610.1,3140.0,2193.9,2025-07-10,2193.9,3140.0,1713.9,2025-04-09,1713.9,3140.0,-29.35,-24.89,-16.91,6.31,-10.68,-45.56,-15.99,-16.38,-30.98,-0.47,-26.39,-23.69,-26.61,-6.06,-34.4,28.01,1.24,11.83,-23.06,-36.85,4.23,1.0,,2025-10-09,OK,2026-10-10 12:55
ABSLAMC,ABSLAMC-EQ,6018,1004.05,2026-10-09,1224.9,2024-03-26,1146.6,2026-07-10,1146.6,1224.9,997.85,2026-04-10,997.85,1046.55,802.5,2026-01-09,802.5,908.0,804.1,2025-10-09,804.1,911.85,850.3,2025-07-10,850.3,911.85,619.9,2025-04-09,619.9,911.85,-12.43,0.62,32.63,14.91,42.88,30.58,24.34,21.48,62.93,-2.3,-4.95,-4.76,-5.43,29.71,20.26,37.17,10.18,22.17,-22.43,-12.05,23.01,1.0,,2025-10-09,OK,2026-10-10 12:55
CPPLUS,CPPLUS-EQ,758858,4185.2,2026-10-09,4262.4,2025-08-05,3662.4,2026-07-10,3662.4,3787.0,1894.4,2026-04-10,1894.4,1980.0,1405.3,2026-01-09,1405.3,1745.1,1360.8,2025-10-09,1360.8,1476.0,,,,,,,,,14.27,120.92,175.29,93.33,160.61,,34.8,36.17,,1.01,,,,,,,,,,,,1.0,,2025-10-09,OK,2026-10-10 12:55
AEGISLOG,AEGISLOG-EQ,40,1388.9,2026-10-09,1528.7,2024-03-26,1246.1,2026-07-10,1246.1,1423.5,632.45,2026-04-10,632.45,946.5,741.25,2026-01-09,741.25,946.5,805.9,2025-10-09,805.9,1037.0,747.75,2025-07-10,747.75,1037.0,772.05,2025-04-09,772.05,1037.0,11.46,119.61,66.7,97.03,68.11,7.12,-14.68,-22.16,-20.14,-8.77,0.33,-16.94,7.78,4.38,0.31,-3.15,-15.77,-11.91,-18.56,10.32,70.77,1.0,,2025-10-09,OK,2026-10-10 12:55
AEGISVOPAK,AEGISVOPAK-EQ,757336,284.8,2026-10-09,320.95,2025-06-02,283.18,2026-07-10,283.18,302.0,189.99,2026-04-10,189.99,302.0,228.97,2026-01-09,228.97,302.0,268.7,2025-10-09,268.7,302.0,261.3,2025-07-10,261.3,268.5,,,,,0.57,49.9,10.77,49.05,23.68,-24.28,-17.02,-31.34,,-17.25,-11.97,,2.83,,,,,,,,,1.0,,2025-10-09,OK,2026-10-10 12:55
AETHER,AETHER-EQ,9810,1748.1,2026-10-09,1814.1,2024-03-26,1500.8,2026-07-10,1500.8,1538.5,1190.2,2026-04-10,1190.2,1250.0,979.8,2026-01-09,979.8,1021.75,749.95,2025-10-09,749.95,977.7,780.45,2025-07-10,780.45,1071.0,816.4,2025-04-09,816.4,1071.0,16.48,46.87,114.8,26.1,53.17,44.1,21.47,58.65,24.39,30.61,25.85,-7.38,-3.91,-8.14,-21.7,-4.4,-13.56,-11.09,-8.84,-13.75,8.36,1.0,,2025-10-09,OK,2026-10-10 12:55
AFCONS,AFCONS-EQ,25977,242.04,2026-10-09,479.4,2024-11-04,300.9,2026-07-10,300.9,479.4,324.9,2026-04-10,324.9,479.4,363.05,2026-01-09,363.05,537.85,465.7,2025-10-09,465.7,570.0,428.55,2025-07-10,428.55,570.0,422.5,2025-04-09,422.5,570.0,-19.56,-25.5,-41.13,-7.39,-17.12,-22.98,-10.51,-29.88,-33.66,-21.65,-14.58,-23.0,8.67,10.22,,1.43,-16.92,,-19.97,,,1.0,,2025-10-09,OK,2026-10-10 12:55
AFFLE,AFFLE-EQ,11343,1417.5,2026-10-09,1993.7,2024-03-26,1480.4,2026-07-10,1480.4,2185.9,1401.6,2026-04-10,1401.6,2185.9,1783.9,2026-01-09,1783.9,2185.9,1957.4,2025-10-09,1957.4,2185.9,1960.6,2025-07-10,1960.6,2080.0,1401.7,2025-04-09,1401.7,1884.0,-4.25,1.13,-18.91,5.62,-17.01,-25.43,-21.43,-28.76,0.69,-9.33,-10.25,-0.68,-0.16,39.64,28.66,39.87,19.2,39.27,-16.73,-12.89,32.39,1.0,,2025-10-09,OK,2026-10-10 12:55
AJANTPHARM,AJANTPHARM-EQ,8124,3410.1,2026-10-09,3796.0,2024-03-26,3348.6,2026-07-10,3348.6,3506.9,2806.0,2026-04-10,2806.0,3228.0,2764.6,2026-01-09,2764.6,3079.9,2421.2,2025-10-09,2421.2,3395.0,2591.3,2025-07-10,2591.3,3485.0,2470.15,2025-04-09,2470.15,3485.0,1.84,21.53,45.98,19.34,21.12,18.66,1.5,15.27,23.4,13.57,5.26,-9.57,-6.56,-1.98,-24.1,4.9,-11.72,14.23,-16.71,-26.8,17.28,1.0,,2025-10-09,OK,2026-10-10 12:55
ALKEM,ALKEM-EQ,11703,5279.0,2026-10-09,5933.5,2024-03-26,5669.5,2026-07-10,5669.5,5933.5,5440.0,2026-04-10,5440.0,5933.5,5785.5,2026-01-09,5785.5,5868.0,5480.5,2025-10-09,5480.5,6340.55,4732.8,2025-07-10,4732.8,6439.9,4838.85,2025-04-09,4838.85,6439.9,-6.89,-2.96,-6.23,4.22,-2.01,11.97,-5.97,-0.27,14.58,6.07,20.36,2.65,15.8,13.26,-15.22,-2.19,-13.22,-5.11,-13.0,-23.12,-5.12,1.0,,2025-10-09,OK,2026-10-10 12:55
ABDL,ABDL-EQ,24308,711.55,2026-10-09,753.8,2024-07-02,648.75,2026-07-10,648.75,711.7,509.4,2026-04-10,509.4,696.8,501.75,2026-01-09,501.75,696.8,545.05,2025-10-09,545.05,565.5,443.4,2025-07-10,443.4,454.8,312.75,2025-04-09,312.75,444.4,9.68,39.68,10.84,27.36,29.3,28.94,1.52,-6.54,51.38,-7.94,12.19,43.62,22.93,74.28,54.89,41.77,3.32,34.35,-27.85,-4.36,,1.0,,2025-10-09,OK,2026-10-10 12:55
ARE&M,ARE&M-EQ,100,721.0,2026-10-09,1023.0,2024-03-26,890.05,2026-07-10,890.05,1057.85,741.4,2026-04-10,741.4,1094.0,896.8,2026-01-09,896.8,1118.95,997.7,2025-10-09,997.7,1422.55,984.45,2025-07-10,984.45,1696.75,968.55,2025-04-09,968.55,1775.95,-18.99,-2.75,-16.59,20.05,-0.75,-17.61,-17.33,-26.28,-18.34,-10.82,-8.31,-14.22,1.35,3.01,-25.65,1.64,-10.65,-39.89,-12.51,-29.57,10.96,1.0,,2025-10-09,OK,2026-10-10 12:55
AMBER,AMBER-EQ,1185,6445.0,2026-10-09,8974.0,2024-03-26,7779.0,2026-07-10,7779.0,8974.0,7245.0,2026-04-10,7245.0,8626.0,6329.5,2026-01-09,6329.5,8626.0,8246.0,2025-10-09,8246.0,8497.0,7753.0,2025-07-10,7753.0,8177.0,6159.4,2025-04-09,6159.4,8177.0,-17.15,-11.04,-12.56,7.37,22.9,-1.65,14.46,-12.55,18.65,-23.6,-15.23,-14.76,6.36,33.88,51.67,25.87,0.64,44.51,-20.94,19.51,69.85,1.0,,2025-10-09,OK,2026-10-10 12:55
AMBUJACEM,AMBUJACEM-EQ,1270,351.5,2026-10-09,588.75,2024-03-26,436.45,2026-07-10,436.45,624.95,445.2,2026-04-10,445.2,624.95,536.95,2026-01-09,536.95,624.95,565.9,2025-10-09,565.9,624.95,585.4,2025-07-10,585.4,695.0,547.8,2025-04-09,547.8,706.95,-19.46,-21.05,-29.85,-1.97,-18.72,-30.0,-17.09,-21.79,-16.43,-5.67,-8.55,0.85,-3.33,3.3,-6.64,6.86,11.45,-15.62,1.81,-9.89,-21.43,1.0,,2025-10-09,OK,2026-10-10 12:55
ANANDRATHI,ANANDRATHI-EQ,7145,2038.7,2026-10-09,2268.4,2024-03-26,2146.8,2026-07-10,2146.8,2176.2,1789.25,2026-04-10,1789.25,1801.85,1570.0,2026-01-09,1570.0,1660.7,1475.85,2025-10-09,1475.85,1545.2,1059.95,2025-07-10,1059.95,1161.5,884.38,2025-04-09,884.38,1161.5,-5.04,13.94,47.75,19.98,36.74,63.92,13.96,21.05,76.69,6.22,41.97,45.53,39.24,66.88,41.84,19.85,7.51,-3.6,-7.74,-14.28,-11.64,1.0,,2025-10-09,OK,2026-10-10 12:55
ANANTRAJ,ANANTRAJ-EQ,13620,570.75,2026-10-09,704.55,2024-03-26,585.85,2026-07-10,585.85,743.65,488.1,2026-04-10,488.1,743.65,551.1,2026-01-09,551.1,928.0,698.35,2025-10-09,698.35,947.9,554.4,2025-07-10,554.4,947.9,415.4,2025-04-09,415.4,947.9,-2.58,16.93,-12.14,20.03,6.31,-6.32,-11.43,-29.69,13.76,-20.61,-1.82,-43.78,25.97,68.12,-29.78,33.46,-38.75,14.34,-55.6,-43.76,41.53,1.0,,2025-10-09,OK,2026-10-10 12:55
ANGELONE,ANGELONE-EQ,324,292.0,2026-10-09,360.45,2024-03-26,346.05,2026-07-10,346.05,360.45,280.99,2026-04-10,280.99,328.5,233.35,2026-01-09,233.35,328.5,226.46,2025-10-09,226.46,350.32,272.74,2025-07-10,272.74,350.32,222.84,2025-04-09,222.84,350.32,-15.62,3.92,32.05,23.15,48.3,20.94,20.42,21.99,-1.93,1.31,-12.89,-5.62,-16.97,1.62,-9.95,22.39,3.87,41.65,-16.03,-14.1,-28.28,1.0,,2025-10-09,OK,2026-10-10 12:55
ANTHEM,ANTHEM-EQ,757885,862.3,2026-10-09,977.55,2025-07-21,754.7,2026-07-10,754.7,873.5,744.4,2026-04-10,744.4,873.5,629.7,2026-01-09,629.7,873.5,772.75,2025-10-09,772.75,873.5,,,,,,,,,14.26,15.84,22.03,1.38,19.85,,18.22,-7.04,,-21.37,,,,,,,,,,,,1.0,,2025-10-09,OK,2026-10-10 12:55
ANURAS,ANURAS-EQ,2829,1132.4,2026-10-09,1415.0,2024-03-26,1268.0,2026-07-10,1268.0,1415.0,1286.2,2026-04-10,1286.2,1407.0,1309.7,2026-01-09,1309.7,1374.8,1099.2,2025-10-09,1099.2,1197.0,1144.6,2025-07-10,1144.6,1166.0,713.45,2025-04-09,713.45,910.2,-10.69,-11.96,11.86,-1.42,-3.18,11.16,-1.79,15.04,82.07,17.15,14.93,80.85,-3.97,54.07,46.82,60.43,59.49,46.81,1.62,-3.17,-9.88,1.0,,2025-10-09,OK,2026-10-10 12:55
APARINDS,APARINDS-EQ,11491,17984.0,2026-10-09,19265.0,2024-03-26,14058.0,2026-07-10,14058.0,17157.0,11342.0,2026-04-10,11342.0,11648.0,8188.0,2026-01-09,8188.0,10757.95,8469.0,2025-10-09,8469.0,11779.9,8900.0,2025-07-10,8900.0,11779.9,4817.3,2025-04-09,4817.3,11779.9,27.93,58.56,106.02,23.95,71.69,58.26,38.52,35.27,92.22,-2.35,-5.58,-16.16,-4.84,75.8,-20.75,84.75,-15.35,-6.06,-55.33,-51.98,-20.91,1.0,,2025-10-09,OK,2026-10-10 12:55
APOLLOHOSP,APOLLOHOSP-EQ,157,8027.5,2026-10-09,9070.5,2024-03-26,8841.0,2026-07-10,8841.0,8950.0,7511.5,2026-04-10,7511.5,8099.5,7256.5,2026-01-09,7256.5,8099.5,7695.0,2025-10-09,7695.0,7980.0,7359.0,2025-07-10,7359.0,7635.0,6834.1,2025-04-09,6834.1,7545.35,-9.2,6.87,16.53,17.7,21.84,15.35,3.51,-2.21,12.44,-5.53,0.93,-1.03,4.57,12.6,11.65,7.68,3.77,8.51,-4.32,-2.49,-5.46,1.0,,2025-10-09,OK,2026-10-10 12:55
APOLLOTYRE,APOLLOTYRE-EQ,163,400.05,2026-10-09,540.5,2024-03-26,440.1,2026-07-10,440.1,540.5,438.15,2026-04-10,438.15,540.5,504.4,2026-01-09,504.4,540.5,484.85,2025-10-09,484.85,557.0,472.25,2025-07-10,472.25,584.9,407.8,2025-04-09,407.8,584.9,-9.1,-8.7,-12.91,0.45,-12.75,-18.3,-13.13,-10.26,6.49,3.31,9.99,9.49,2.67,18.89,-5.08,15.8,-0.7,-11.36,-15.55,-19.59,-12.99,1.0,,2025-10-09,OK,2026-10-10 12:55
APTUS,APTUS-EQ,5435,215.73,2026-10-09,322.75,2024-03-26,283.8,2026-07-10,283.8,364.0,223.23,2026-04-10,223.23,364.0,275.45,2026-01-09,275.45,364.0,309.5,2025-10-09,309.5,401.65,344.0,2025-07-10,344.0,401.65,299.7,2025-04-09,299.7,401.65,-23.99,-3.36,-16.55,27.13,3.03,-26.58,-18.96,-29.87,-23.4,-13.46,-20.82,0.38,-10.03,3.27,-7.95,14.78,19.51,1.9,2.97,-20.83,-5.66,1.0,,2025-10-09,OK,2026-10-10 12:55
ASAHIINDIA,ASAHIINDIA-EQ,5378,945.95,2026-10-09,1074.0,2024-03-26,914.9,2026-07-10,914.9,1074.0,869.85,2026-04-10,869.85,1074.0,941.2,2026-01-09,941.2,1074.0,865.5,2025-10-09,865.5,933.0,813.45,2025-07-10,813.45,854.8,619.75,2025-04-09,619.75,833.95,3.39,8.75,11.93,5.18,-2.79,7.35,-7.58,-3.34,39.5,4.58,10.51,43.58,6.4,39.65,17.58,31.25,17.47,11.24,-10.68,-16.79,2.12,1.0,,2025-10-09,OK,2026-10-10 12:55
ASHOKLEY,ASHOKLEY-EQ,212,145.06,2026-10-09,215.42,2024-03-26,157.49,2026-07-10,157.49,215.42,178.02,2026-04-10,178.02,215.42,187.76,2026-01-09,187.76,191.8,138.64,2025-10-09,138.64,144.5,124.9,2025-07-10,124.9,132.33,102.34,2025-04-09,102.34,132.33,-7.89,-18.51,20.46,-11.53,-16.12,13.32,-5.19,29.42,80.44,36.5,52.49,47.4,11.0,35.47,21.77,22.04,16.51,6.75,-8.11,-7.73,17.46,1.0,,2025-10-09,OK,2026-10-10 12:55
ASIANPAINT,ASIANPAINT-EQ,236,2339.1,2026-10-09,2985.7,2024-03-26,2677.8,2026-07-10,2677.8,2985.7,2360.7,2026-04-10,2360.7,2985.7,2825.5,2026-01-09,2825.5,2985.7,2336.4,2025-10-09,2336.4,3103.55,2451.2,2025-07-10,2451.2,3394.9,2411.15,2025-04-09,2411.15,3394.9,-12.65,-0.91,6.53,13.43,-5.23,10.77,-16.45,0.88,-7.43,20.74,15.84,19.33,-4.68,-3.1,-17.59,1.66,4.3,-25.95,3.29,-21.69,-20.25,1.0,,2025-10-09,OK,2026-10-10 12:55
ASTERDM,ASTERDM-EQ,1508,699.85,2026-10-09,891.3,2024-03-26,808.9,2026-07-10,808.9,836.5,681.8,2026-04-10,681.8,732.2,614.5,2026-01-09,614.5,732.2,697.75,2025-10-09,697.75,715.0,599.9,2025-07-10,599.9,675.0,492.75,2025-04-09,492.75,558.0,-13.48,2.65,11.84,18.64,31.64,35.51,10.95,-0.55,39.2,-10.36,1.25,22.23,16.31,41.6,52.33,21.75,16.43,66.59,-5.53,17.1,-10.81,1.0,,2025-10-09,OK,2026-10-10 12:55
ASTRAL,ASTRAL-EQ,14418,1409.8,2026-10-09,1768.7,2024-03-26,1333.8,2026-07-10,1333.8,1768.7,1630.0,2026-04-10,1630.0,1768.7,1449.0,2026-01-09,1449.0,1593.5,1406.1,2025-10-09,1406.1,1917.55,1491.6,2025-07-10,1491.6,2354.15,1265.9,2025-04-09,1265.9,2454.0,5.7,-13.51,4.89,-18.17,-7.95,0.66,12.49,14.22,37.95,1.53,-1.77,-10.22,-5.73,11.08,-23.12,17.83,-3.82,-35.28,-18.5,-33.43,-35.45,1.0,,2025-10-09,OK,2026-10-10 12:55
ATHERENERG,ATHERENERG-EQ,757645,1434.4,2026-10-09,1744.0,2025-05-06,1225.8,2026-07-10,1225.8,1242.9,863.05,2026-04-10,863.05,875.45,633.3,2026-01-09,633.3,790.0,624.05,2025-10-09,624.05,679.0,330.9,2025-07-10,330.9,344.45,,,,,17.02,66.2,153.18,42.03,93.56,214.9,36.28,45.09,,6.46,90.52,,88.59,,,,,,,,,1.0,,2025-10-09,OK,2026-10-10 12:55
ATUL,ATUL-EQ,263,5882.5,2026-10-09,7180.0,2024-03-26,6236.0,2026-07-10,6236.0,7675.0,6450.0,2026-04-10,6450.0,7788.0,6074.5,2026-01-09,6074.5,7788.0,5988.5,2025-10-09,5988.5,8180.0,7505.0,2025-07-10,7505.0,8180.0,5196.6,2025-04-09,5196.6,8180.0,-5.67,-8.8,3.89,-3.32,2.66,-11.51,6.18,6.93,19.37,0.7,-17.75,-15.01,-20.21,15.24,-19.71,44.42,8.49,7.66,-24.12,-34.29,-3.26,1.0,,2025-10-09,OK,2026-10-10 12:55
AUROPHARMA,AUROPHARMA-EQ,275,1693.0,2026-10-09,1740.0,2024-03-26,1564.7,2026-07-10,1564.7,1636.8,1349.4,2026-04-10,1349.4,1363.0,1198.7,2026-01-09,1198.7,1278.6,1119.9,2025-10-09,1119.9,1515.9,1129.9,2025-07-10,1129.9,1592.0,1058.0,2025-04-09,1058.0,1592.0,8.2,25.46,51.7,15.96,30.53,28.65,12.57,19.38,23.33,6.05,6.57,-6.36,-0.89,5.85,-30.84,6.8,-9.49,-12.43,-17.45,-29.9,-3.42,1.0,,2025-10-09,OK,2026-10-10 12:55
AIIL,AIIL-EQ,23553,549.7,2026-10-09,683.0,2024-04-23,514.0,2026-07-10,514.0,683.0,441.15,2026-04-10,441.15,683.0,609.56,2026-01-09,609.56,663.74,657.74,2025-10-09,657.74,659.6,534.86,2025-07-10,534.86,548.54,311.8,2025-04-09,311.8,397.6,6.95,24.61,-21.86,16.51,-15.68,-13.03,-27.63,-33.15,45.33,-7.63,15.95,36.68,22.97,110.95,70.15,71.54,44.49,116.79,-17.79,-14.74,,1.0,,2025-10-09,OK,2026-10-10 12:55
AVANTIFEED,AVANTIFEED-EQ,7936,699.1,2026-10-09,1593.8,2024-03-26,924.75,2026-07-10,924.75,1593.8,1459.1,2026-04-10,1459.1,1489.0,803.95,2026-01-09,803.95,964.2,644.35,2025-10-09,644.35,964.2,744.0,2025-07-10,744.0,964.2,759.25,2025-04-09,759.25,964.2,-24.4,-52.09,25.27,-36.62,15.03,35.12,81.49,126.27,59.37,24.67,7.9,30.83,-13.39,-15.13,8.38,-2.01,19.87,21.73,18.62,24.89,56.58,1.0,,2025-10-09,OK,2026-10-10 12:55
DMART,DMART-EQ,19913,3516.8,2026-10-09,4644.0,2024-03-26,4081.1,2026-07-10,4081.1,4949.5,4400.6,2026-04-10,4400.6,4949.5,3801.3,2026-01-09,3801.3,4949.5,4305.1,2025-10-09,4305.1,4949.5,4169.0,2025-07-10,4169.0,5484.85,4139.3,2025-04-09,4139.3,5484.85,-13.83,-20.08,-13.24,-7.26,7.36,-3.01,15.77,1.86,-4.7,-12.02,-6.47,0.07,3.26,4.01,2.46,0.72,9.31,-15.61,7.71,-10.89,-23.59,1.0,,2025-10-09,OK,2026-10-10 12:55
AXISBANK,AXISBANK-EQ,5900,1259.1,2026-10-09,1418.3,2024-03-26,1323.7,2026-07-10,1323.7,1418.3,1350.8,2026-04-10,1350.8,1418.3,1272.0,2026-01-09,1272.0,1304.6,1167.4,2025-10-09,1167.4,1247.0,1164.3,2025-07-10,1164.3,1339.65,1061.65,2025-04-09,1061.65,1339.65,-4.88,-6.79,6.09,-2.01,4.06,12.9,6.19,14.44,18.29,7.76,8.37,20.08,0.27,9.96,-10.08,9.67,9.66,-4.56,-1.24,-9.27,-4.09,1.0,,2025-10-09,OK,2026-10-10 12:55
AZAD,AZAD-EQ,20905,2910.2,2026-10-09,3127.9,2024-03-26,2479.5,2026-07-10,2479.5,2520.0,1704.7,2026-04-10,1704.7,1899.0,1564.0,2026-01-09,1564.0,1899.0,1641.1,2025-10-09,1641.1,1929.8,1604.6,2025-07-10,1604.6,1929.8,1266.2,2025-04-09,1266.2,2080.0,17.37,70.72,70.92,45.45,58.54,34.58,9.0,2.93,27.28,-5.57,-1.53,-8.63,2.27,29.61,13.73,26.73,-8.31,-5.72,-29.61,-12.71,0.83,1.0,,2025-10-09,OK,2026-10-10 12:55
BEML,BEML-EQ,395,1894.7,2026-10-09,2275.75,2024-03-26,1862.6,2026-07-10,1862.6,2363.5,1621.2,2026-04-10,1621.2,2437.4,1792.1,2026-01-09,1792.1,2437.4,2179.55,2025-10-09,2179.55,2437.4,2302.5,2025-07-10,2302.5,2604.43,1494.35,2025-04-09,1494.35,2744.0,1.72,16.87,-3.75,14.89,3.93,-23.1,-9.54,-25.7,7.75,-17.87,-19.07,-11.51,-5.34,45.85,13.1,54.08,21.61,-10.27,-19.94,-16.46,-25.45,1.0,,2025-10-09,OK,2026-10-10 12:55
BLS,BLS-EQ,17279,216.23,2026-10-09,349.2,2024-03-26,237.15,2026-07-10,237.15,414.9,288.48,2026-04-10,288.48,422.0,302.0,2026-01-09,302.0,518.0,337.3,2025-10-09,337.3,521.8,383.85,2025-07-10,383.85,521.8,346.55,2025-04-09,346.55,521.8,-8.82,-25.05,-29.9,-17.79,-21.47,-33.92,-4.48,-14.44,-28.11,-10.43,-21.58,-31.99,-12.13,-2.67,1.13,10.76,-17.84,2.28,-28.14,-3.29,-3.29,1.0,,2025-10-09,OK,2026-10-10 12:55
BSE,BSE-EQ,19585,3287.2,2026-10-09,4446.8,2024-03-26,3811.6,2026-07-10,3811.6,4446.8,3281.2,2026-04-10,3281.2,3330.0,2669.5,2026-01-09,2669.5,3030.0,2330.2,2025-10-09,2330.2,3030.0,2466.3,2025-07-10,2466.3,3030.0,1849.45,2025-04-09,1849.45,2044.47,-13.76,0.18,41.18,16.16,42.78,59.33,22.91,37.58,53.42,11.93,12.58,48.79,-5.52,25.99,68.85,33.35,42.14,299.96,2.74,32.7,45.64,1.0,,2025-10-09,OK,2026-10-10 12:55
BAGMANE,,,,,,,,,,,,,,,,,,,,,,,,,,,,,,,,,,,,,,,,,,,,,,,,,,,,,,2025-10-09,NO ANGEL TOKEN,2026-10-10 12:55
BAJAJ-AUTO,BAJAJ-AUTO-EQ,16669,9778.0,2026-10-09,12470.0,2024-03-26,10156.0,2026-07-10,10156.0,10834.0,9813.5,2026-04-10,9813.5,10187.0,9562.5,2026-01-09,9562.5,9888.0,8810.0,2025-10-09,8810.0,12030.95,8285.0,2025-07-10,8285.0,12774.0,7572.3,2025-04-09,7572.3,12774.0,-3.72,-0.36,33.83,3.49,6.21,22.44,2.62,9.69,23.18,6.89,18.54,1.76,6.34,16.35,-20.6,9.41,-6.23,-9.6,-12.38,-35.93,-17.77,1.0,,2025-10-09,OK,2026-10-10 12:55
BAJFINANCE,BAJFINANCE-EQ,317,960.0,2026-10-09,1176.4,2024-03-26,1020.5,2026-07-10,1020.5,1102.5,924.55,2026-04-10,924.55,1102.5,959.6,2026-01-09,959.6,1102.5,1024.1,2025-10-09,1024.1,1036.0,947.65,2025-07-10,947.65,978.8,873.58,2025-04-09,873.58,926.01,-5.93,3.83,1.48,10.38,6.35,-6.71,-3.65,-9.7,2.3,-6.28,2.8,38.83,8.07,17.23,29.91,8.48,30.22,34.62,18.77,19.66,15.97,1.0,,2025-10-09,OK,2026-10-10 12:55
BAJAJFINSV,BAJAJFINSV-EQ,16675,1734.7,2026-10-09,2195.0,2024-03-26,1916.0,2026-07-10,1916.0,2195.0,1809.2,2026-04-10,1809.2,2195.0,1992.4,2026-01-09,1992.4,2195.0,2014.6,2025-10-09,2014.6,2135.0,2039.4,2025-07-10,2039.4,2135.0,1895.7,2025-04-09,1895.7,2029.9,-9.46,-4.12,-4.35,5.9,-3.83,-18.4,-9.19,-9.73,-5.3,-0.59,-1.23,21.87,-1.22,6.27,8.48,7.58,20.65,26.26,11.71,1.54,7.6,1.0,,2025-10-09,OK,2026-10-10 12:55
BAJAJHLDNG,BAJAJHLDNG-EQ,305,10820.0,2026-10-09,13250.0,2024-03-26,10654.0,2026-07-10,10654.0,14763.0,9997.5,2026-04-10,9997.5,14763.0,11043.0,2026-01-09,11043.0,14763.0,11909.0,2025-10-09,11909.0,14763.0,13875.0,2025-07-10,13875.0,14740.0,11092.3,2025-04-09,11092.3,13238.0,1.56,8.23,-6.98,6.57,-3.52,-27.68,-9.47,-17.2,-8.25,-8.54,-19.7,-0.6,-14.17,7.36,24.74,25.09,24.23,47.24,-1.58,5.91,42.4,1.0,,2025-10-09,OK,2026-10-10 12:55
BAJAJHFL,BAJAJHFL-EQ,25270,81.51,2026-10-09,112.4,2024-09-16,88.07,2026-07-10,88.07,124.0,85.94,2026-04-10,85.94,136.96,93.52,2026-01-09,93.52,136.96,110.09,2025-10-09,110.09,157.9,121.62,2025-07-10,121.62,188.5,118.25,2025-04-09,118.25,188.5,-7.45,-5.15,-24.68,2.48,-5.83,-31.97,-8.11,-21.87,-29.18,-14.98,-22.58,-20.41,-9.48,-6.9,-27.97,2.85,0.6,,-4.22,-23.84,,1.0,,2025-10-09,OK,2026-10-10 12:55
BALKRISIND,BALKRISIND-EQ,335,2010.3,2026-10-09,2775.0,2024-03-26,2252.9,2026-07-10,2252.9,2801.3,2268.9,2026-04-10,2268.9,2817.5,2368.0,2026-01-09,2368.0,2839.95,2275.4,2025-10-09,2275.4,3080.2,2636.3,2025-07-10,2636.3,3375.0,2280.6,2025-04-09,2280.6,3375.0,-10.77,-11.4,-2.94,-0.71,-4.86,-20.98,-4.18,-0.8,-4.6,3.53,-10.83,-16.34,-13.69,-0.23,-24.32,15.6,-5.14,-21.1,-17.78,-24.95,5.03,1.0,,2025-10-09,OK,2026-10-10 12:55
BALRAMCHIN,BALRAMCHIN-EQ,341,678.15,2026-10-09,780.95,2024-03-26,566.9,2026-07-10,566.9,627.8,473.5,2026-04-10,473.5,627.8,429.75,2026-01-09,429.75,627.8,479.7,2025-10-09,479.7,674.0,612.5,2025-07-10,612.5,691.8,520.65,2025-04-09,520.65,691.8,19.62,43.22,45.93,19.73,31.91,-12.4,10.18,-0.98,-0.31,-10.13,-30.25,-9.7,-21.68,-7.87,-20.45,17.64,23.53,41.26,3.74,-20.29,15.32,1.0,,2025-10-09,OK,2026-10-10 12:55
BANDHANBNK,BANDHANBNK-EQ,2263,157.0,2026-10-09,220.76,2024-03-26,210.0,2026-07-10,210.0,218.13,168.07,2026-04-10,168.07,192.48,144.03,2026-01-09,144.03,192.48,163.3,2025-10-09,163.3,211.8,178.26,2025-07-10,178.26,222.31,146.86,2025-04-09,146.86,222.31,-25.24,-6.59,5.14,24.95,45.8,12.06,16.69,-0.74,24.25,-14.94,-17.97,-5.08,-8.39,11.19,-13.44,21.38,19.71,-5.89,-3.2,-22.23,-19.01,1.0,,2025-10-09,OK,2026-10-10 12:55
BANKBARODA,BANKBARODA-EQ,4668,235.8,2026-10-09,325.5,2024-03-26,250.95,2026-07-10,250.95,325.5,276.19,2026-04-10,276.19,325.5,300.65,2026-01-09,300.65,311.8,264.15,2025-10-09,264.15,272.05,238.84,2025-07-10,238.84,266.95,230.21,2025-04-09,230.21,299.7,-6.04,-14.62,-11.38,-9.14,-16.53,12.75,-8.14,3.46,25.67,12.62,26.62,23.83,10.6,14.74,-4.8,3.75,3.38,-3.75,-1.18,-6.54,-23.15,1.0,,2025-10-09,OK,2026-10-10 12:55
BANKINDIA,BANKINDIA-EQ,4745,134.46,2026-10-09,178.36,2024-03-26,144.9,2026-07-10,144.9,178.36,147.93,2026-04-10,147.93,178.36,146.02,2026-01-09,146.02,153.24,125.79,2025-10-09,125.79,130.24,114.42,2025-07-10,114.42,130.24,106.76,2025-04-09,106.76,157.95,-7.2,-9.11,12.14,-2.05,-0.77,26.6,1.31,16.69,44.53,15.18,27.46,40.01,9.94,17.83,7.01,7.17,15.95,3.11,6.64,1.31,-33.46,1.0,,2025-10-09,OK,2026-10-10 12:55
MAHABANK,MAHABANK-EQ,11377,83.16,2026-10-09,94.5,2024-03-26,84.25,2026-07-10,84.25,94.5,70.59,2026-04-10,70.59,77.0,62.48,2026-01-09,62.48,65.97,56.59,2025-10-09,56.59,59.85,56.62,2025-07-10,56.62,70.8,45.46,2025-04-09,45.46,73.5,-1.29,17.81,49.43,19.35,34.84,48.68,12.98,22.7,47.47,8.6,11.67,15.45,-0.05,24.48,-4.15,24.55,15.25,-11.38,-9.28,-16.83,-26.02,1.0,,2025-10-09,OK,2026-10-10 12:55
BATAINDIA,BATAINDIA-EQ,371,613.25,2026-10-09,1195.0,2024-03-26,690.7,2026-07-10,690.7,1282.5,715.45,2026-04-10,715.45,1300.7,924.0,2026-01-09,924.0,1445.2,1172.3,2025-10-09,1172.3,1479.0,1264.1,2025-07-10,1264.1,1633.0,1227.75,2025-04-09,1227.75,1633.0,-11.21,-14.28,-43.61,-3.46,-25.25,-47.47,-22.57,-38.8,-41.46,-20.96,-25.43,-31.17,-7.26,-4.52,-11.81,2.96,-10.53,-20.81,-13.58,-12.38,-9.46,1.0,,2025-10-09,OK,2026-10-10 12:55
BELRISE,BELRISE-EQ,757102,234.17,2026-10-09,268.2,2025-05-28,231.56,2026-07-10,231.56,252.0,206.09,2026-04-10,206.09,209.04,174.1,2026-01-09,174.1,190.1,156.86,2025-10-09,156.86,164.5,115.58,2025-07-10,115.58,117.89,,,,,1.13,13.63,45.7,12.36,33.0,96.51,18.37,32.76,,12.15,46.0,,35.72,,,,,,,,,1.0,,2025-10-09,OK,2026-10-10 12:55
BERGEPAINT,BERGEPAINT-EQ,404,471.9,2026-10-09,594.55,2024-03-26,497.25,2026-07-10,497.25,594.55,454.0,2026-04-10,454.0,605.0,514.2,2026-01-09,514.2,605.0,533.0,2025-10-09,533.0,605.0,578.2,2025-07-10,578.2,629.5,537.6,2025-04-09,537.6,629.5,-5.1,3.94,-11.67,9.53,-3.3,-10.64,-11.71,-15.16,-19.89,-3.91,-10.19,17.14,-7.82,-0.86,-8.07,7.55,23.35,8.85,16.38,-6.63,-9.23,1.0,,2025-10-09,OK,2026-10-10 12:55
BHARATCOAL,BHARATCOAL-EQ,760726,31.12,2026-10-09,45.09,2026-01-19,37.56,2026-07-10,37.56,45.09,32.74,2026-04-10,32.74,45.09,,,,,,,,,,,,,,,,,-17.15,-4.95,,14.72,,,,,,,,,,,,,,,,,,,,2025-10-09,NOT LISTED ON BACK DATE,2026-10-10 12:55
BDL,BDL-EQ,2144,1075.9,2026-10-09,1633.4,2024-03-26,1344.5,2026-07-10,1344.5,1897.6,1345.9,2026-04-10,1345.9,2096.6,1520.5,2026-01-09,1520.5,2096.6,1520.3,2025-10-09,1520.3,2096.6,1892.8,2025-07-10,1892.8,2096.6,1285.8,2025-04-09,1285.8,1794.7,-19.98,-20.06,-19.88,-0.1,-11.58,-37.46,-11.48,-12.44,5.77,-1.08,-18.1,16.38,-19.68,18.24,22.42,47.21,57.31,20.55,8.8,10.55,31.79,1.0,,2025-10-09,OK,2026-10-10 12:55
BEL,BEL-EQ,383,368.15,2026-10-09,473.45,2024-03-26,414.85,2026-07-10,414.85,473.45,442.45,2026-04-10,442.45,473.45,418.65,2026-01-09,418.65,436.0,409.35,2025-10-09,409.35,436.0,413.5,2025-07-10,413.5,436.0,280.15,2025-04-09,280.15,340.5,-11.26,-16.79,-0.82,-6.24,-0.91,-1.25,5.68,7.0,62.09,1.25,2.28,37.72,-1.0,46.12,31.71,47.6,47.02,19.04,-0.69,-0.8,19.36,1.0,,2025-10-09,OK,2026-10-10 12:55
BHARATFORG,BHARATFORG-EQ,422,1816.9,2026-10-09,2295.0,2024-03-26,2117.0,2026-07-10,2117.0,2238.0,1798.8,2026-04-10,1798.8,1935.5,1444.5,2026-01-09,1444.5,1506.5,1209.3,2025-10-09,1209.3,1526.9,1234.8,2025-07-10,1234.8,1771.2,969.85,2025-04-09,969.85,1804.5,-14.18,1.01,63.7,17.69,46.56,57.86,24.53,47.44,85.3,18.4,18.91,12.75,-2.07,24.69,-21.76,27.32,0.61,-19.35,-22.32,-35.78,-6.95,1.0,,2025-10-09,OK,2026-10-10 12:55
BHEL,BHEL-EQ,438,433.6,2026-10-09,455.95,2024-03-26,395.25,2026-07-10,395.25,424.9,284.71,2026-04-10,284.71,305.9,274.25,2026-01-09,274.25,305.9,239.04,2025-10-09,239.04,275.55,261.3,2025-07-10,261.3,334.8,211.81,2025-04-09,211.81,335.35,9.7,52.3,81.43,38.83,44.12,44.39,3.81,18.81,20.75,14.44,6.01,27.09,-8.52,12.86,-18.83,23.37,20.76,-20.55,-4.32,-19.86,-24.88,1.0,,2025-10-09,OK,2026-10-10 12:55
BPCL,BPCL-EQ,526,287.8,2026-10-09,391.65,2024-03-26,309.75,2026-07-10,309.75,391.65,299.35,2026-04-10,299.35,391.65,355.2,2026-01-09,355.2,388.15,344.0,2025-10-09,344.0,358.65,350.95,2025-07-10,350.95,376.0,287.95,2025-04-09,287.95,376.0,-7.09,-3.86,-11.76,3.47,-12.8,-17.94,-15.72,-11.62,12.88,4.87,3.0,26.84,-1.98,19.47,-7.35,21.88,25.34,6.58,0.4,-15.02,-12.27,1.0,,2025-10-09,OK,2026-10-10 12:55
BHARTIARTL,BHARTIARTL-EQ,10604,1805.1,2026-10-09,2174.5,2024-03-26,1920.4,2026-07-10,1920.4,2174.5,1870.0,2026-04-10,1870.0,2174.5,2027.1,2026-01-09,2027.1,2174.5,1942.0,2025-10-09,1942.0,2045.8,1964.5,2025-07-10,1964.5,2045.8,1715.55,2025-04-09,1715.55,1779.0,-6.0,-3.47,-6.56,2.7,-5.26,-9.64,-7.75,-3.6,5.33,4.5,5.47,28.62,-1.15,13.2,12.85,14.51,22.24,28.51,7.28,2.23,35.41,1.0,,2025-10-09,OK,2026-10-10 12:55
BHARTIHEXA,BHARTIHEXA-EQ,23489,1531.9,2026-10-09,1955.6,2024-04-12,1604.7,2026-07-10,1604.7,1955.6,1523.7,2026-04-10,1523.7,2052.9,1761.6,2026-01-09,1761.6,2052.9,1747.3,2025-10-09,1747.3,2052.9,1791.6,2025-07-10,1791.6,2052.9,1432.5,2025-04-09,1432.5,1609.3,-4.54,0.54,-11.59,5.32,-8.91,-18.66,-13.5,-13.03,7.24,0.55,-1.65,13.17,-2.47,21.98,23.61,25.07,21.41,67.39,-3.15,0.04,,1.0,,2025-10-09,OK,2026-10-10 12:55
GROWW,GROWW-EQ,759806,192.39,2026-10-09,227.2,2025-11-12,204.47,2026-07-10,204.47,227.2,193.7,2026-04-10,193.7,198.5,158.97,2026-01-09,158.97,193.8,,,,,,,,,,,,,-5.91,-0.68,,5.56,28.62,,21.85,,,,,,,,,,,,,,,,,2025-10-09,NOT LISTED ON BACK DATE,2026-10-10 12:55
BIOCON,BIOCON-EQ,11373,349.4,2026-10-09,447.15,2024-03-26,418.5,2026-07-10,418.5,440.4,348.6,2026-04-10,348.6,424.95,379.6,2026-01-09,379.6,424.95,352.5,2025-10-09,352.5,406.0,372.4,2025-07-10,372.4,404.7,306.3,2025-04-09,306.3,404.7,-16.51,0.23,12.06,20.05,10.25,11.33,-8.17,-1.37,29.07,7.4,1.44,2.28,-5.34,15.08,5.03,21.58,0.46,-4.63,-17.48,-11.74,20.95,1.0,,2025-10-09,OK,2026-10-10 12:55
BSOFT,BSOFT-EQ,6994,285.3,2026-10-09,474.0,2024-03-26,290.15,2026-07-10,290.15,474.0,366.0,2026-04-10,366.0,474.0,422.05,2026-01-09,422.05,564.4,359.85,2025-10-09,359.85,624.35,427.95,2025-07-10,427.95,760.45,356.7,2025-04-09,356.7,760.45,-1.67,-22.05,-22.97,-20.72,-31.25,-26.26,-13.28,1.82,7.06,17.42,0.74,-22.15,-15.91,0.88,-36.77,19.97,-21.25,-38.08,-34.44,-39.67,-43.77,1.0,,2025-10-09,OK,2026-10-10 12:55
BBOX,BBOX-EQ,3435,892.1,2026-10-09,1103.0,2024-03-26,922.4,2026-07-10,922.4,1103.0,523.75,2026-04-10,523.75,613.8,510.95,2026-01-09,510.95,677.75,548.0,2025-10-09,548.0,714.8,533.3,2025-07-10,533.3,714.8,326.7,2025-04-09,326.7,714.8,-3.28,70.33,39.25,76.11,80.53,89.89,2.51,-8.98,57.36,-11.2,-2.68,-18.55,2.76,67.74,-5.44,63.24,-17.23,36.24,-50.91,-30.81,27.63,1.0,,2025-10-09,OK,2026-10-10 12:55
BLUESTARCO,BLUESTARCO-EQ,8311,1574.0,2026-10-09,2032.9,2024-03-26,1662.0,2026-07-10,1662.0,2040.0,1690.0,2026-04-10,1690.0,2104.5,1794.0,2026-01-09,1794.0,2269.8,1892.3,2025-10-09,1892.3,2417.0,1796.7,2025-07-10,1796.7,2417.0,1939.3,2025-04-09,1939.3,2417.0,-5.29,-6.86,-23.01,-1.66,-7.36,-11.97,-5.8,-13.29,0.09,-7.96,-0.32,-13.91,5.32,-2.42,-6.07,-7.35,-10.75,-5.06,-7.9,-3.47,48.77,1.0,,2025-10-09,OK,2026-10-10 12:55
BOSCHLTD,BOSCHLTD-EQ,2181,43545.0,2026-10-09,50000.0,2024-03-26,41815.0,2026-07-10,41815.0,42565.0,37330.0,2026-04-10,37330.0,41945.0,37990.0,2026-01-09,37990.0,41945.0,38465.0,2025-10-09,38465.0,41945.0,36195.0,2025-07-10,36195.0,39088.8,26182.7,2025-04-09,26182.7,39088.8,4.14,16.65,27.65,12.01,10.07,4.41,-1.74,-3.35,21.13,-1.64,4.01,10.95,6.27,46.91,7.48,38.24,10.25,-10.86,-20.69,-32.18,-10.87,1.0,,2025-10-09,OK,2026-10-10 12:55
FIRSTCRY,FIRSTCRY-EQ,24814,169.17,2026-10-09,379.6,2024-08-13,212.25,2026-07-10,212.25,438.7,243.61,2026-04-10,243.61,438.7,279.05,2026-01-09,279.05,561.0,374.45,2025-10-09,374.45,734.0,377.65,2025-07-10,377.65,734.0,317.0,2025-04-09,317.0,734.0,-20.3,-30.56,-53.93,-12.87,-23.94,-42.83,-12.7,-34.9,-29.07,-25.43,-26.54,-48.99,-0.85,18.12,-36.17,19.13,-31.92,,-45.43,-50.57,,1.0,,2025-10-09,OK,2026-10-10 12:55
BRIGADE,BRIGADE-EQ,15184,548.8,2026-10-09,802.01,2024-03-26,574.6,2026-07-10,574.6,856.5,542.4,2026-04-10,542.4,999.0,644.14,2026-01-09,644.14,999.0,689.33,2025-10-09,689.33,1031.63,809.93,2025-07-10,809.93,1086.53,682.01,2025-04-09,682.01,1089.83,-4.49,1.18,-3.83,5.94,-10.8,-39.98,-15.79,-23.28,-26.1,-8.89,-19.2,-26.13,-14.89,1.07,-32.82,18.76,-8.83,-8.7,-25.56,-32.45,-2.83,1.0,,2025-10-09,OK,2026-10-10 12:55
BRITANNIA,BRITANNIA-EQ,547,4825.0,2026-10-09,6271.0,2024-03-26,5353.0,2026-07-10,5353.0,6336.0,5557.5,2026-04-10,5557.5,6336.0,5977.5,2026-01-09,5977.5,6336.0,5876.0,2025-10-09,5876.0,6336.0,5878.0,2025-07-10,5878.0,6469.9,5339.45,2025-04-09,5339.45,6469.9,-9.86,-13.18,-13.38,-3.68,-10.45,-12.03,-7.03,-5.35,10.9,1.81,3.8,18.31,-0.03,10.05,0.74,10.09,19.32,-1.54,9.87,-12.43,-1.19,1.0,,2025-10-09,OK,2026-10-10 12:55
BIRET,,,,,,,,,,,,,,,,,,,,,,,,,,,,,,,,,,,,,,,,,,,,,,,,,,,,,,2025-10-09,NO ANGEL TOKEN,2026-10-10 12:55
CCL,CCL-EQ,11452,1051.5,2026-10-09,1242.2,2024-03-26,1214.0,2026-07-10,1214.0,1236.2,1078.3,2026-04-10,1078.3,1183.1,940.6,2026-01-09,940.6,1074.4,830.85,2025-10-09,830.85,962.0,881.2,2025-07-10,881.2,915.0,573.8,2025-04-09,573.8,855.0,-13.39,-2.49,32.96,12.58,29.07,35.43,14.64,29.97,81.7,13.37,5.92,43.94,-5.71,44.8,33.82,53.57,30.73,43.26,-16.45,-14.23,2.42,1.0,,2025-10-09,OK,2026-10-10 12:55
CESC,CESC-EQ,628,133.23,2026-10-09,204.5,2024-03-26,163.93,2026-07-10,163.93,204.5,157.52,2026-04-10,157.52,185.26,165.47,2026-01-09,165.47,185.26,170.25,2025-10-09,170.25,203.8,178.44,2025-07-10,178.44,212.49,150.05,2025-04-09,150.05,212.49,-18.73,-15.42,-12.09,4.07,-0.93,-5.74,-4.8,-7.97,2.83,-3.32,-5.34,-1.25,-4.59,13.46,-15.77,18.92,5.03,-7.93,-13.97,-20.04,-2.34,1.0,,2025-10-09,OK,2026-10-10 12:55
CGPOWER,CGPOWER-EQ,760,855.55,2026-10-09,980.9,2024-03-26,916.6,2026-07-10,916.6,980.9,731.1,2026-04-10,731.1,797.55,594.75,2026-01-09,594.75,797.55,761.15,2025-10-09,761.15,874.7,677.3,2025-07-10,677.3,874.7,551.0,2025-04-09,551.0,874.7,-6.66,17.02,21.78,25.37,54.12,34.08,22.93,-2.96,31.81,-21.06,-10.93,-1.87,12.38,38.14,-7.89,22.92,-0.13,-6.94,-20.67,-31.43,18.94,1.0,,2025-10-09,OK,2026-10-10 12:55
CIEINDIA,CIEINDIA-EQ,14937,370.75,2026-10-09,526.0,2024-03-26,464.3,2026-07-10,464.3,526.0,485.75,2026-04-10,485.75,526.0,407.85,2026-01-09,407.85,487.0,415.6,2025-10-09,415.6,558.0,436.5,2025-07-10,436.5,618.2,387.45,2025-04-09,387.45,622.4,-20.15,-23.67,-8.17,-4.42,13.84,-0.29,19.1,14.85,21.58,-3.57,-5.49,-11.91,-4.79,7.27,-25.49,12.66,-5.25,-24.2,-15.95,-28.61,-17.47,1.0,,2025-10-09,OK,2026-10-10 12:55
CRISIL,CRISIL-EQ,757,4423.8,2026-10-09,5064.9,2024-03-26,4097.4,2026-07-10,4097.4,6130.0,4095.4,2026-04-10,4095.4,6139.0,4742.8,2026-01-09,4742.8,6139.0,4624.7,2025-10-09,4624.7,6950.0,5921.0,2025-07-10,5921.0,6950.0,4211.1,2025-04-09,4211.1,6950.0,7.97,8.02,1.42,0.05,-13.61,-32.39,-13.65,-12.57,2.38,1.25,-20.6,-23.25,-21.89,9.82,10.53,40.6,4.36,28.01,-27.02,-6.75,-9.73,1.0,,2025-10-09,OK,2026-10-10 12:55
CANFINHOME,CANFINHOME-EQ,583,718.15,2026-10-09,971.5,2024-03-26,921.5,2026-07-10,921.5,971.5,842.75,2026-04-10,842.75,971.5,896.05,2026-01-09,896.05,971.5,789.75,2025-10-09,789.75,897.95,800.6,2025-07-10,800.6,951.75,656.85,2025-04-09,656.85,951.75,-22.07,-14.78,-0.36,9.34,2.84,5.66,-5.95,6.19,31.83,12.91,12.81,30.17,-1.36,20.23,-14.66,21.88,15.51,-8.07,-6.88,-24.52,-23.18,1.0,,2025-10-09,OK,2026-10-10 12:55
CANBK,CANBK-EQ,10794,119.59,2026-10-09,162.89,2024-03-26,128.78,2026-07-10,128.78,162.89,140.15,2026-04-10,140.15,162.89,150.54,2026-01-09,150.54,158.0,126.17,2025-10-09,126.17,128.55,112.39,2025-07-10,112.39,119.3,88.42,2025-04-09,88.42,128.9,-7.14,-14.67,-1.66,-8.11,-14.45,18.75,-6.9,10.02,57.67,18.17,34.51,52.04,12.26,42.69,3.49,27.11,17.39,2.61,-8.98,-15.31,-32.18,1.0,,2025-10-09,OK,2026-10-10 12:55
CANHLIFE,CANHLIFE-EQ,759477,139.22,2026-10-09,166.69,2025-10-17,144.03,2026-07-10,144.03,159.0,144.8,2026-04-10,144.8,159.0,147.28,2026-01-09,147.28,157.8,,,,,,,,,,,,,-3.34,-3.85,,-0.53,-2.21,,-1.68,,,,,,,,,,,,,,,,,2025-10-09,NOT LISTED ON BACK DATE,2026-10-10 12:55
CAPLIPOINT,CAPLIPOINT-EQ,3906,2460.8,2026-10-09,2990.0,2024-03-26,2583.6,2026-07-10,2583.6,2689.0,1708.4,2026-04-10,1708.4,2395.0,1810.5,2026-01-09,1810.5,2463.65,2026.1,2025-10-09,2026.1,2641.0,2042.5,2025-07-10,2042.5,2641.0,1713.8,2025-04-09,1713.8,2641.0,-4.75,44.04,34.4,51.23,42.7,13.07,-5.64,-16.94,-1.38,-11.97,-10.52,-22.17,-0.8,18.22,15.76,19.18,-17.56,32.31,-33.66,-9.98,47.71,1.0,,2025-10-09,OK,2026-10-10 12:55
CGCL,CGCL-EQ,20329,241.82,2026-10-09,287.45,2024-03-26,252.22,2026-07-10,252.22,264.53,183.54,2026-04-10,183.54,214.0,183.96,2026-01-09,183.96,231.35,189.84,2025-10-09,189.84,231.35,177.67,2025-07-10,177.67,231.35,154.27,2025-04-09,154.27,251.75,-4.12,31.75,43.49,37.42,37.11,13.54,-0.23,-3.28,9.7,-3.06,4.4,-3.89,6.85,23.06,-7.55,15.17,-5.08,-20.67,-18.49,-23.67,-26.92,1.0,,2025-10-09,OK,2026-10-10 12:55
CARBORUNIV,CARBORUNIV-EQ,595,1202.6,2026-10-09,1368.9,2024-03-26,1091.2,2026-07-10,1091.2,1306.9,895.45,2026-04-10,895.45,1087.5,804.85,2026-01-09,804.85,1264.05,914.05,2025-10-09,914.05,1536.75,997.5,2025-07-10,997.5,1771.0,940.5,2025-04-09,940.5,1841.15,10.21,34.3,19.7,21.86,35.58,1.89,11.26,-4.49,-16.31,-14.15,-17.25,-32.23,-8.37,-2.81,-32.72,6.06,-21.02,-43.26,-24.44,-35.03,-27.43,1.0,,2025-10-09,OK,2026-10-10 12:55
CARTRADE,CARTRADE-EQ,5407,2951.0,2026-10-09,3290.5,2024-03-26,2809.9,2026-07-10,2809.9,3290.5,1836.7,2026-04-10,1836.7,3290.5,2645.2,2026-01-09,2645.2,3290.5,2475.0,2025-10-09,2475.0,2755.0,1837.6,2025-07-10,1837.6,1889.0,1385.95,2025-04-09,1385.95,1889.0,5.02,60.67,22.31,52.99,6.23,33.4,-30.56,-24.87,21.88,8.2,39.24,72.67,34.69,78.58,205.92,32.59,13.44,100.15,-10.2,54.89,117.35,1.0,,2025-10-09,OK,2026-10-10 12:55
CASTROLIND,CASTROLIND-EQ,1250,194.67,2026-10-09,207.2,2024-03-26,183.84,2026-07-10,183.84,232.43,179.42,2026-04-10,179.42,232.43,188.65,2026-01-09,188.65,251.95,199.83,2025-10-09,199.83,251.95,220.92,2025-07-10,220.92,284.4,196.16,2025-04-09,196.16,284.4,5.89,8.5,-5.34,2.46,-2.55,-17.35,-4.89,-10.52,-5.29,-5.91,-14.21,-5.9,-9.55,1.87,-14.26,12.62,11.38,-11.32,-2.42,-14.79,5.11,1.0,,2025-10-09,OK,2026-10-10 12:55
CEATLTD,CEATLTD-EQ,15254,3262.3,2026-10-09,4438.0,2024-03-26,3866.6,2026-07-10,3866.6,4438.0,3637.6,2026-04-10,3637.6,4438.0,3728.6,2026-01-09,3728.6,4438.0,3503.6,2025-10-09,3503.6,4044.0,3795.0,2025-07-10,3795.0,4044.0,2677.2,2025-04-09,2677.2,3578.8,-15.63,-10.32,-6.01,6.3,3.7,-17.85,-2.44,2.76,32.72,5.33,0.14,21.97,-7.68,30.87,11.72,41.75,21.82,44.85,-14.19,-11.42,-2.25,1.0,,2025-10-09,OK,2026-10-10 12:55
CEMPRO,CEMPRO-EQ,5622,1125.1,2026-10-09,1649.2,2024-03-26,1566.8,2026-07-10,1566.8,1597.4,630.35,2026-04-10,630.35,944.0,708.15,2026-01-09,708.15,944.0,808.0,2025-10-09,808.0,944.0,875.5,2025-07-10,875.5,944.0,537.25,2025-04-09,537.25,694.3,-28.19,78.49,57.07,148.56,121.25,41.3,-10.99,-22.93,3.36,-13.42,-18.72,53.28,-7.71,50.4,27.22,62.96,66.76,67.18,3.11,-12.81,65.57,1.0,,2025-10-09,OK,2026-10-10 12:55
CENTRALBK,CENTRALBK-EQ,14894,30.1,2026-10-09,40.92,2024-03-26,32.6,2026-07-10,32.6,40.92,35.61,2026-04-10,35.61,41.2,36.9,2026-01-09,36.9,56.24,37.32,2025-10-09,37.32,61.9,39.05,2025-07-10,39.05,67.64,33.86,2025-04-09,33.86,73.0,-7.67,-15.47,-18.06,-8.45,-11.65,-21.23,-3.5,-6.58,8.12,-3.2,-4.11,-29.91,-4.43,10.22,-38.43,15.33,-24.39,-37.14,-35.73,-41.38,-33.05,1.0,,2025-10-09,OK,2026-10-10 12:55
CDSL,CDSL-EQ,21174,1260.0,2026-10-09,1673.7,2024-03-26,1431.9,2026-07-10,1431.9,1753.9,1303.4,2026-04-10,1303.4,1828.9,1409.7,2026-01-09,1409.7,1828.9,1558.6,2025-10-09,1558.6,1989.8,1747.2,2025-07-10,1747.2,1989.8,1146.65,2025-04-09,1146.65,1989.8,-12.01,-3.33,-12.19,9.86,1.57,-31.27,-7.54,-18.81,6.34,-12.18,-16.52,-11.63,-10.79,35.93,5.23,52.37,4.38,55.61,-33.43,-22.09,18.66,1.0,,2025-10-09,OK,2026-10-10 12:55
CMPDI,CMPDI-EQ,761581,206.18,2026-10-09,283.69,2026-03-30,267.0,2026-07-10,267.0,283.69,165.94,2026-04-10,165.94,168.7,,,,,,,,,,,,,,,,,-22.78,24.25,,60.9,,,,,,,,,,,,,,,,,,,,2025-10-09,NOT LISTED ON BACK DATE,2026-10-10 12:55
CHAMBLFERT,CHAMBLFERT-EQ,637,374.3,2026-10-09,509.05,2024-03-26,453.75,2026-07-10,453.75,580.7,456.7,2026-04-10,456.7,742.2,450.55,2026-01-09,450.55,742.2,507.05,2025-10-09,507.05,742.2,550.65,2025-07-10,550.65,742.2,638.05,2025-04-09,638.05,642.5,-17.51,-18.04,-18.04,-0.65,0.71,-13.26,1.36,-8.36,-32.33,-9.59,-15.82,-13.24,-7.92,-20.53,8.58,-13.7,11.92,12.86,27.48,28.79,53.37,1.0,,2025-10-09,OK,2026-10-10 12:55
CHENNPETRO,CHENNPETRO-EQ,2049,1487.7,2026-10-09,1677.5,2024-03-26,1180.7,2026-07-10,1180.7,1249.0,973.85,2026-04-10,973.85,1103.0,782.7,2026-01-09,782.7,1103.0,798.9,2025-10-09,798.9,999.0,733.8,2025-07-10,733.8,1275.0,606.8,2025-04-09,606.8,1275.0,26.0,52.76,100.83,21.24,50.85,61.39,24.42,21.39,49.42,-2.44,8.81,54.5,8.87,31.66,-21.44,20.93,19.87,-33.6,-1.4,-34.08,-43.19,1.0,,2025-10-09,OK,2026-10-10 12:55
CHOICEIN,CHOICEIN-EQ,8866,713.1,2026-10-09,860.5,2024-03-26,835.0,2026-07-10,835.0,860.5,702.35,2026-04-10,702.35,860.5,820.2,2026-01-09,820.2,860.5,798.85,2025-10-09,798.85,836.8,701.6,2025-07-10,701.6,740.0,504.7,2025-04-09,504.7,568.9,-14.6,1.53,-6.03,18.89,1.8,-8.67,-14.37,-11.75,28.77,3.05,16.18,35.81,13.86,58.28,65.44,39.01,31.64,82.33,-6.06,6.87,58.83,1.0,,2025-10-09,OK,2026-10-10 12:55
CHOLAHLDNG,CHOLAHLDNG-EQ,21740,1400.4,2026-10-09,2064.0,2024-03-26,1652.1,2026-07-10,1652.1,2169.0,1596.8,2026-04-10,1596.8,2231.6,1821.0,2026-01-09,1821.0,2231.6,1836.4,2025-10-09,1836.4,2231.6,2116.4,2025-07-10,2116.4,2231.6,1647.9,2025-04-09,1647.9,2154.95,-15.24,-12.3,-16.65,3.46,-9.28,-32.37,-12.31,-13.09,-4.73,-0.89,-12.34,21.02,-13.23,11.44,-9.36,28.43,33.95,36.34,6.85,-15.46,47.09,1.0,,2025-10-09,OK,2026-10-10 12:55
CHOLAFIN,CHOLAFIN-EQ,685,1587.6,2026-10-09,1952.5,2024-03-26,1807.8,2026-07-10,1807.8,1875.0,1581.2,2026-04-10,1581.2,1831.5,1717.1,2026-01-09,1717.1,1831.5,1621.4,2025-10-09,1621.4,1684.4,1546.8,2025-07-10,1546.8,1684.4,1430.6,2025-04-09,1430.6,1652.0,-12.18,0.4,12.8,14.33,5.28,-4.8,-7.91,-2.04,8.86,6.37,12.05,35.38,4.82,13.34,-3.49,8.12,20.07,15.25,12.18,-8.39,17.31,1.0,,2025-10-09,OK,2026-10-10 12:55
CIPLA,CIPLA-EQ,694,1301.0,2026-10-09,1673.0,2024-03-26,1439.4,2026-07-10,1439.4,1673.0,1229.5,2026-04-10,1229.5,1673.0,1465.7,2026-01-09,1465.7,1673.0,1513.1,2025-10-09,1513.1,1694.0,1477.8,2025-07-10,1477.8,1702.05,1415.6,2025-04-09,1415.6,1702.05,-9.62,5.82,-9.91,17.07,-1.79,-6.82,-16.12,-21.28,-6.08,-6.15,-1.3,0.18,2.39,6.89,-7.67,4.39,-0.7,-0.16,-5.3,-15.76,0.86,1.0,,2025-10-09,OK,2026-10-10 12:55
CUB,CUB-EQ,5701,231.42,2026-10-09,248.85,2024-03-26,229.33,2026-07-10,229.33,243.08,192.86,2026-04-10,192.86,243.08,210.83,2026-01-09,210.83,226.65,160.07,2025-10-09,160.07,174.41,160.63,2025-07-10,160.63,174.41,119.84,2025-04-09,119.84,140.93,0.91,19.99,44.73,18.91,8.77,18.2,-8.52,19.7,54.61,30.85,33.78,56.51,-0.35,33.57,30.31,34.04,26.61,25.07,-5.4,3.59,-0.97,1.0,,2025-10-09,OK,2026-10-10 12:55
CLEANMAX,CLEANMAX-EQ,760183,1323.0,2026-10-09,1536.0,2026-03-02,1339.6,2026-07-10,1339.6,1536.0,861.7,2026-04-10,861.7,960.0,,,,,,,,,,,,,,,,,-1.24,53.53,,55.46,,,,,,,,,,,,,,,,,,,,2025-10-09,NOT LISTED ON BACK DATE,2026-10-10 12:55
CLEAN,CLEAN-EQ,5049,794.4,2026-10-09,1097.2,2024-03-26,770.05,2026-07-10,770.05,1489.9,724.35,2026-04-10,724.35,1600.0,852.55,2026-01-09,852.55,1600.0,1037.6,2025-10-09,1037.6,1640.0,1444.4,2025-07-10,1444.4,1690.0,1144.7,2025-04-09,1144.7,1690.0,3.16,9.67,-20.42,6.31,-9.68,-47.9,-15.04,-32.45,-35.13,-20.49,-40.24,-38.77,-28.16,-9.36,-24.78,26.18,0.1,1.28,-19.08,-26.54,-7.3,1.0,,2025-10-09,OK,2026-10-10 12:55
COALINDIA,COALINDIA-EQ,20374,411.55,2026-10-09,491.25,2024-03-26,429.3,2026-07-10,429.3,491.25,434.1,2026-04-10,434.1,476.0,418.35,2026-01-09,418.35,436.7,383.35,2025-10-09,383.35,502.45,384.05,2025-07-10,384.05,543.55,374.6,2025-04-09,374.6,543.55,-4.13,-5.19,12.43,-1.11,2.62,17.43,3.76,12.9,19.26,8.8,9.82,2.67,-0.18,2.34,-20.33,2.52,3.18,-18.58,-1.51,-23.07,-14.71,1.0,,2025-10-09,OK,2026-10-10 12:55
COCHINSHIP,COCHINSHIP-EQ,21508,1230.0,2026-10-09,1864.0,2024-03-26,1418.0,2026-07-10,1418.0,2024.0,1464.6,2026-04-10,1464.6,2545.0,1569.0,2026-01-09,1569.0,2545.0,1785.2,2025-10-09,1785.2,2545.0,2017.7,2025-07-10,2017.7,2936.25,1359.9,2025-04-09,1359.9,2979.45,-13.26,-16.02,-12.84,-3.18,-9.62,-30.41,-6.65,-17.55,7.41,-11.67,-20.87,9.8,-11.52,31.27,-1.53,48.37,36.86,-17.2,-8.88,-17.82,15.15,1.0,,2025-10-09,OK,2026-10-10 12:55
COFORGE,COFORGE-EQ,11543,1867.9,2026-10-09,2021.2,2024-03-26,1503.8,2026-07-10,1503.8,1989.7,1224.3,2026-04-10,1224.3,1994.0,1681.6,2026-01-09,1681.6,1994.0,1720.1,2025-10-09,1720.1,2005.36,1887.7,2025-07-10,1887.7,2005.36,1264.73,2025-04-09,1264.73,2005.36,24.21,52.57,7.26,22.83,-10.57,-25.69,-27.19,-28.91,-12.33,-2.36,-9.97,-1.96,-8.88,36.01,14.99,49.26,1.68,61.45,-33.84,-14.28,31.92,1.0,,2025-10-09,OK,2026-10-10 12:55
COHANCE,COHANCE-EQ,17945,441.0,2026-10-09,917.85,2024-03-26,451.9,2026-07-10,451.9,1121.15,377.9,2026-04-10,377.9,1250.0,475.9,2026-01-09,475.9,1328.0,881.5,2025-10-09,881.5,1360.0,995.95,2025-07-10,995.95,1360.0,1058.65,2025-04-09,1058.65,1360.0,-2.41,16.7,-49.71,19.58,-5.04,-56.77,-20.59,-58.23,-72.45,-47.4,-53.25,-52.14,-11.49,-16.73,-15.36,-5.92,-9.79,23.94,-3.72,-12.13,83.3,1.0,,2025-10-09,OK,2026-10-10 12:55
COLPAL,COLPAL-EQ,15141,1817.8,2026-10-09,2329.9,2024-03-26,2052.4,2026-07-10,2052.4,2504.0,1939.1,2026-04-10,1939.1,2747.4,2056.0,2026-01-09,2056.0,2975.0,2208.6,2025-10-09,2208.6,3752.85,2411.3,2025-07-10,2411.3,3890.0,2508.1,2025-04-09,2508.1,3890.0,-11.43,-6.26,-18.5,5.84,-0.18,-14.72,-5.69,-12.96,-18.04,-7.71,-13.47,-25.86,-8.41,-11.94,-35.39,-3.86,-16.58,-19.42,-10.1,-32.45,-6.93,1.0,,2025-10-09,OK,2026-10-10 12:55
CAMS,CAMS-EQ,342,672.5,2026-10-09,844.9,2024-03-26,790.5,2026-07-10,790.5,857.8,715.8,2026-04-10,715.8,875.0,727.3,2026-01-09,727.3,939.13,766.22,2025-10-09,766.22,1073.5,837.58,2025-07-10,837.58,1073.5,718.04,2025-04-09,718.04,1073.5,-14.93,-6.05,-6.68,10.44,8.69,-11.52,-1.58,-7.3,-5.83,-5.81,-10.64,-20.94,-8.52,6.71,-12.65,16.65,-10.17,4.55,-23.74,-18.6,11.69,1.0,,2025-10-09,OK,2026-10-10 12:55
CONCORDBIO,CONCORDBIO-EQ,18060,1361.4,2026-10-09,1627.0,2024-03-26,1304.7,2026-07-10,1304.7,1980.0,1060.4,2026-04-10,1060.4,2150.4,1318.0,2026-01-09,1318.0,2451.7,1590.1,2025-10-09,1590.1,2451.7,1808.5,2025-07-10,1808.5,2664.0,1605.5,2025-04-09,1605.5,2664.0,4.35,28.39,-7.9,23.04,-1.01,-26.42,-19.54,-33.85,-27.85,-17.78,-26.91,-40.47,-12.08,-0.96,-18.8,12.64,-22.05,23.33,-29.05,-17.61,9.8,1.0,,2025-10-09,OK,2026-10-10 12:55
CONCOR,CONCOR-EQ,4749,442.0,2026-10-09,557.0,2024-03-26,463.75,2026-07-10,463.75,627.9,483.7,2026-04-10,483.7,652.04,513.05,2026-01-09,513.05,652.04,537.75,2025-10-09,537.75,726.36,627.85,2025-07-10,627.85,860.0,548.16,2025-04-09,548.16,944.0,-4.69,-8.62,-5.16,-4.12,-9.61,-29.04,-5.72,-10.66,-14.18,-5.24,-16.57,-17.03,-14.35,-1.9,-24.48,14.54,3.51,-23.38,-9.45,-23.56,-30.56,1.0,,2025-10-09,OK,2026-10-10 12:55
COROMANDEL,COROMANDEL-EQ,739,1703.4,2026-10-09,2499.0,2024-03-26,2067.8,2026-07-10,2067.8,2718.9,2154.8,2026-04-10,2154.8,2718.9,2308.4,2026-01-09,2308.4,2718.9,2243.8,2025-10-09,2243.8,2718.9,2297.2,2025-07-10,2297.2,2548.0,2004.7,2025-04-09,2004.7,2125.0,-17.62,-20.95,-12.53,-4.04,-10.42,-18.13,-6.65,-2.96,0.8,3.96,-0.71,16.99,-2.32,11.93,37.62,14.59,17.69,44.59,3.46,24.47,52.37,1.0,,2025-10-09,OK,2026-10-10 12:55
CRAFTSMAN,CRAFTSMAN-EQ,2854,10183.0,2026-10-09,11999.0,2024-03-26,9301.0,2026-07-10,9301.0,9938.0,7430.0,2026-04-10,7430.0,8220.0,7621.0,2026-01-09,7621.0,8069.0,6589.5,2025-10-09,6589.5,7254.5,5952.5,2025-07-10,5952.5,7121.25,4290.5,2025-04-09,4290.5,7121.25,9.48,37.05,79.16,25.18,22.04,50.97,-2.51,13.47,70.74,16.39,28.36,34.15,10.7,53.58,8.96,38.74,14.53,3.36,-17.54,-30.98,14.43,1.0,,2025-10-09,OK,2026-10-10 12:55
CREDITACC,CREDITACC-EQ,4421,1267.5,2026-10-09,1634.0,2024-03-26,1529.4,2026-07-10,1529.4,1608.1,1222.9,2026-04-10,1222.9,1496.7,1325.0,2026-01-09,1325.0,1490.1,1381.7,2025-10-09,1381.7,1430.0,1280.2,2025-07-10,1280.2,1354.8,1017.25,2025-04-09,1017.25,1551.95,-17.12,3.65,1.05,25.06,15.43,-0.97,-7.71,-11.39,17.5,-3.99,1.42,27.04,7.93,35.83,13.31,25.85,28.08,-4.58,-1.15,-11.68,-35.5,1.0,,2025-10-09,OK,2026-10-10 12:55
CROMPTON,CROMPTON-EQ,17094,205.11,2026-10-09,310.5,2024-03-26,261.7,2026-07-10,261.7,353.25,241.72,2026-04-10,241.72,362.75,252.35,2026-01-09,252.35,373.0,284.55,2025-10-09,284.55,446.65,343.8,2025-07-10,343.8,484.0,328.8,2025-04-09,328.8,484.0,-21.62,-15.15,-18.13,8.27,3.71,-25.93,-4.21,-16.0,-24.73,-12.3,-24.82,-32.5,-17.23,-13.46,-26.25,4.56,-7.13,-16.09,-11.01,-24.68,20.33,1.0,,2025-10-09,OK,2026-10-10 12:55
CUMMINSIND,CUMMINSIND-EQ,1901,4830.0,2026-10-09,6100.0,2024-03-26,5621.5,2026-07-10,5621.5,6100.0,5138.7,2026-04-10,5138.7,5154.9,4116.7,2026-01-09,4116.7,4615.0,3957.2,2025-10-09,3957.2,4168.7,3518.9,2025-07-10,3518.9,4056.8,2781.45,2025-04-09,2781.45,4171.9,-14.08,-6.01,30.66,9.4,36.55,59.41,24.83,29.57,66.49,3.8,16.08,45.91,12.46,42.27,6.65,26.51,13.2,-15.97,-12.09,-26.06,-2.52,1.0,,2025-10-09,OK,2026-10-10 12:55
CUPID,CUPID-EQ,18520,366.1,2026-10-09,368.0,2024-03-26,212.24,2026-07-10,212.24,226.0,93.73,2026-04-10,93.73,105.39,84.9,2026-01-09,84.9,105.39,48.06,2025-10-09,48.06,49.68,21.92,2025-07-10,21.92,22.7,11.98,2025-04-09,11.98,27.67,72.49,290.59,481.98,126.44,149.99,587.0,10.4,90.31,625.38,72.39,258.23,397.26,119.25,301.17,142.8,82.97,39.89,17.29,-22.81,-26.0,-51.07,1.0,,2025-10-09,OK,2026-10-10 12:55
CYIENT,CYIENT-EQ,5748,1158.8,2026-10-09,1222.0,2024-03-26,841.15,2026-07-10,841.15,1317.7,910.0,2026-04-10,910.0,1376.0,1159.1,2026-01-09,1159.1,1811.25,1176.7,2025-10-09,1176.7,2112.0,1293.9,2025-07-10,1293.9,2157.45,1149.1,2025-04-09,1149.1,2157.45,37.76,27.34,-8.63,-7.57,-27.43,-34.39,-21.49,-22.68,-19.54,-1.51,-8.83,-36.5,-9.06,2.4,-36.65,12.6,-27.87,-24.71,-36.13,-38.39,-39.41,1.0,,2025-10-09,OK,2026-10-10 12:55
DLF,DLF-EQ,14732,648.6,2026-10-09,786.5,2024-03-26,685.75,2026-07-10,685.75,856.45,569.6,2026-04-10,569.6,886.8,670.9,2026-01-09,670.9,886.8,729.0,2025-10-09,729.0,896.6,831.55,2025-07-10,831.55,929.0,612.85,2025-04-09,612.85,929.0,-5.42,13.87,-10.14,20.39,2.21,-32.27,-15.1,-23.05,-6.47,-9.36,-17.69,-12.28,-12.33,18.95,-11.84,35.69,6.52,3.74,-23.64,-28.07,-28.94,1.0,,2025-10-09,OK,2026-10-10 12:55
DOMS,DOMS-EQ,20551,2059.4,2026-10-09,2755.0,2024-03-26,2376.2,2026-07-10,2376.2,2770.0,2408.6,2026-04-10,2408.6,3064.6,2491.8,2026-01-09,2491.8,3064.6,2556.4,2025-10-09,2556.4,3115.0,2400.0,2025-07-10,2400.0,3115.0,2579.7,2025-04-09,2579.7,3115.0,-13.33,-14.5,-14.3,-1.35,-4.64,-11.73,-3.34,-5.67,-18.68,-2.41,5.69,-8.9,6.52,-0.9,-3.45,-6.97,-12.83,6.09,-6.12,-3.86,60.89,1.0,,2025-10-09,OK,2026-10-10 12:55
DABUR,DABUR-EQ,772,386.7,2026-10-09,534.0,2024-03-26,443.5,2026-07-10,443.5,577.0,435.7,2026-04-10,435.7,577.0,522.4,2026-01-09,522.4,577.0,485.4,2025-10-09,485.4,579.35,522.4,2025-07-10,522.4,672.0,465.25,2025-04-09,465.25,672.0,-12.81,-11.25,-23.45,1.79,-15.1,-18.09,-16.6,-11.03,1.42,6.68,-1.59,-3.57,-7.08,4.33,-3.68,12.28,0.24,-22.5,-9.44,-17.66,-1.95,1.0,,2025-10-09,OK,2026-10-10 12:55
DALBHARAT,DALBHARAT-EQ,8075,1598.6,2026-10-09,2319.9,2024-03-26,1786.5,2026-07-10,1786.5,2496.3,1968.7,2026-04-10,1968.7,2496.3,2046.5,2026-01-09,2046.5,2496.3,2234.7,2025-10-09,2234.7,2496.3,2171.7,2025-07-10,2171.7,2245.0,1825.9,2025-04-09,1825.9,2011.0,-10.52,-18.8,-22.42,-9.25,-12.7,-24.58,-3.8,-11.63,1.64,-8.13,-5.97,7.9,2.9,22.39,30.96,18.94,20.5,15.79,1.43,-0.81,-15.93,1.0,,2025-10-09,OK,2026-10-10 12:55
DATAPATTNS,DATAPATTNS-EQ,7358,4084.8,2026-10-09,5000.0,2024-03-26,4343.0,2026-07-10,4343.0,4955.9,3269.6,2026-04-10,3269.6,3609.5,2650.6,2026-01-09,2650.6,3268.8,2824.9,2025-10-09,2824.9,3268.8,2945.7,2025-07-10,2945.7,3487.0,1627.65,2025-04-09,1627.65,3655.0,-5.95,24.93,72.86,32.83,63.85,47.8,23.35,16.55,107.86,-5.51,-6.97,10.07,-4.1,73.56,6.79,80.98,27.49,-2.54,-29.64,-32.13,-39.33,1.0,,2025-10-09,OK,2026-10-10 12:55
DEEPAKFERT,DEEPAKFERT-EQ,827,1392.6,2026-10-09,1681.0,2024-03-26,1526.2,2026-07-10,1526.2,1680.0,1088.85,2026-04-10,1088.85,1778.6,1206.4,2026-01-09,1206.4,1778.6,1512.0,2025-10-09,1512.0,1778.6,1578.4,2025-07-10,1578.4,1778.6,1158.6,2025-04-09,1158.6,1443.1,-8.75,27.9,-10.2,40.17,26.51,-5.29,-9.74,-27.26,-13.96,-19.41,-23.78,4.25,-4.21,30.5,30.83,36.23,33.85,104.22,-0.2,7.3,102.54,1.0,,2025-10-09,OK,2026-10-10 12:55
DEEPAKNTR,DEEPAKNTR-EQ,19943,1621.9,2026-10-09,1897.9,2024-03-26,1644.0,2026-07-10,1644.0,1999.5,1461.7,2026-04-10,1461.7,2174.0,1601.0,2026-01-09,1601.0,2462.1,1780.8,2025-10-09,1780.8,3011.15,1983.8,2025-07-10,1983.8,3169.0,1807.35,2025-04-09,1807.35,3169.0,-1.34,10.96,-7.8,12.47,2.69,-16.09,-8.7,-18.31,-17.58,-10.52,-19.47,-37.81,-10.23,-1.47,-37.49,9.76,-19.31,-28.23,-25.83,-35.04,-11.3,1.0,,2025-10-09,OK,2026-10-10 12:55
DELHIVERY,DELHIVERY-EQ,9599,400.5,2026-10-09,524.0,2024-03-26,520.3,2026-07-10,520.3,524.0,470.15,2026-04-10,470.15,490.0,405.95,2026-01-09,405.95,490.0,468.0,2025-10-09,468.0,489.1,415.1,2025-07-10,415.1,447.65,243.35,2025-04-09,243.35,478.0,-23.03,-14.81,-3.59,10.67,28.17,3.85,15.81,1.14,71.75,-12.67,-1.29,20.31,12.74,92.32,11.86,70.58,23.41,-5.5,-27.3,-41.33,-43.69,1.0,,2025-10-09,OK,2026-10-10 12:55
DEVYANI,DEVYANI-EQ,5373,123.59,2026-10-09,169.75,2024-03-26,112.47,2026-07-10,112.47,191.0,108.55,2026-04-10,108.55,191.0,133.13,2026-01-09,133.13,198.87,165.0,2025-10-09,165.0,209.75,171.57,2025-07-10,171.57,222.74,147.09,2025-04-09,147.09,222.74,9.89,13.86,-16.87,3.61,-15.52,-36.2,-18.46,-33.6,-23.87,-18.56,-21.38,-27.94,-3.83,12.18,3.48,16.64,-8.32,5.73,-22.99,-18.31,-1.87,1.0,,2025-10-09,OK,2026-10-10 12:55
DIVISLAB,DIVISLAB-EQ,10940,9340.0,2026-10-09,9740.0,2024-03-26,6836.0,2026-07-10,6836.0,6968.0,6116.5,2026-04-10,6116.5,7071.5,6616.5,2026-01-09,6616.5,7071.5,6132.0,2025-10-09,6132.0,7071.5,6844.5,2025-07-10,6844.5,7071.5,5386.15,2025-04-09,5386.15,6285.45,36.63,52.7,54.73,11.76,3.32,-3.01,-7.56,-5.53,17.94,2.19,-3.2,8.07,-10.41,13.85,0.21,27.08,17.51,43.93,-8.22,-10.08,44.92,1.0,,2025-10-09,OK,2026-10-10 12:55
DIXON,DIXON-EQ,21690,12774.0,2026-10-09,17505.0,2024-03-26,13421.0,2026-07-10,13421.0,18471.0,10676.0,2026-04-10,10676.0,18471.0,11902.0,2026-01-09,11902.0,18471.0,17098.0,2025-10-09,17098.0,19148.9,15849.0,2025-07-10,15849.0,19148.9,13282.45,2025-04-09,13282.45,19148.9,-4.82,19.65,-19.03,25.71,12.76,-27.52,-10.3,-38.8,-20.06,-31.77,-24.6,-26.71,7.88,28.73,21.59,19.32,-5.96,20.7,-21.43,-10.29,70.7,1.0,,2025-10-09,OK,2026-10-10 12:55
LALPATHLAB,LALPATHLAB-EQ,11654,1933.6,2026-10-09,2038.6,2024-03-26,1692.8,2026-07-10,1692.8,1803.0,1404.7,2026-04-10,1404.7,1770.0,1418.2,2026-01-09,1418.2,1770.0,1544.1,2025-10-09,1544.1,1826.98,1464.75,2025-07-10,1464.75,1826.98,1333.88,2025-04-09,1333.88,1826.98,14.22,37.65,24.32,20.51,19.36,7.1,-0.95,-9.28,5.31,-8.41,-3.08,-4.32,5.42,15.76,-11.91,9.81,-2.49,0.39,-10.91,-26.01,13.78,1.0,,2025-10-09,OK,2026-10-10 12:55
DRREDDY,DRREDDY-EQ,881,1197.0,2026-10-09,1414.9,2024-03-26,1244.3,2026-07-10,1244.3,1414.9,1232.2,2026-04-10,1232.2,1379.7,1210.1,2026-01-09,1210.1,1386.0,1246.1,2025-10-09,1246.1,1405.9,1262.6,2025-07-10,1262.6,1421.49,1094.05,2025-04-09,1094.05,1421.49,-3.8,-2.86,-8.11,0.98,2.83,0.72,1.83,-2.55,21.16,-4.29,-3.55,-8.81,-1.31,13.9,-3.13,15.41,-7.95,2.3,-20.19,-17.92,-9.19,1.0,,2025-10-09,OK,2026-10-10 12:55
DUMMYHEG,,,,,,,,,,,,,,,,,,,,,,,,,,,,,,,,,,,,,,,,,,,,,,,,,,,,,,2025-10-09,NO ANGEL TOKEN,2026-10-10 12:55
EIDPARRY,EIDPARRY-EQ,916,688.9,2026-10-09,1118.0,2024-03-26,758.65,2026-07-10,758.65,1246.8,854.5,2026-04-10,854.5,1246.8,939.7,2026-01-09,939.7,1246.8,1037.3,2025-10-09,1037.3,1246.8,1109.8,2025-07-10,1109.8,1129.0,753.05,2025-04-09,753.05,997.0,-9.19,-19.38,-27.05,-11.22,-19.27,-34.83,-9.07,-16.76,7.58,-8.46,-18.46,23.24,-6.53,37.75,30.05,47.37,31.21,26.56,-13.04,-8.5,12.38,1.0,,2025-10-09,OK,2026-10-10 12:55
EIHOTEL,EIHOTEL-EQ,919,291.3,2026-10-09,405.0,2024-03-26,329.75,2026-07-10,329.75,434.8,312.2,2026-04-10,312.2,434.8,346.6,2026-01-09,346.6,434.8,390.45,2025-10-09,390.45,441.75,380.9,2025-07-10,380.9,445.45,353.2,2025-04-09,353.2,502.2,-11.66,-6.69,-25.89,5.62,-4.86,-23.0,-9.92,-19.05,-9.39,-10.13,-8.17,-7.19,2.51,10.55,0.07,7.84,-6.81,-10.38,-16.1,-13.3,-30.48,1.0,,2025-10-09,OK,2026-10-10 12:55
EMBASSY,,,,,,,,,,,,,,,,,,,,,,,,,,,,,,,,,,,,,,,,,,,,,,,,,,,,,,2025-10-09,NO ANGEL TOKEN,2026-10-10 12:55
EICHERMOT,EICHERMOT-EQ,910,7050.0,2026-10-09,8230.0,2024-03-26,7365.5,2026-07-10,7365.5,8230.0,7424.0,2026-04-10,7424.0,8230.0,7507.0,2026-01-09,7507.0,7613.5,6896.5,2025-10-09,6896.5,7122.5,5652.0,2025-07-10,5652.0,5906.5,5258.3,2025-04-09,5258.3,5575.5,-4.28,-5.04,12.15,-0.79,-1.88,27.73,-1.11,6.59,37.94,7.78,33.76,40.64,22.02,31.15,45.99,7.49,9.96,10.9,1.84,11.67,17.46,1.0,,2025-10-09,OK,2026-10-10 12:55
ELECON,ELECON-EQ,13643,416.4,2026-10-09,608.85,2024-03-26,510.55,2026-07-10,510.55,683.0,419.5,2026-04-10,419.5,716.25,423.55,2026-01-09,423.55,716.25,603.85,2025-10-09,603.85,739.1,648.7,2025-07-10,648.7,739.1,414.55,2025-04-09,414.55,739.1,-18.44,-0.74,-30.55,21.7,20.54,-19.38,-0.96,-24.67,-3.2,-23.94,-31.61,-21.94,-6.91,45.66,-14.59,56.48,7.17,9.4,-31.56,-36.76,-17.02,1.0,,2025-10-09,OK,2026-10-10 12:55
ELGIEQUIP,ELGIEQUIP-EQ,937,583.15,2026-10-09,653.4,2024-03-26,576.35,2026-07-10,576.35,633.85,512.8,2026-04-10,512.8,608.4,447.1,2026-01-09,447.1,608.4,487.85,2025-10-09,487.85,685.95,556.4,2025-07-10,556.4,752.95,402.2,2025-04-09,402.2,798.95,1.18,13.72,26.85,12.39,28.91,8.35,14.69,5.98,24.59,-7.6,-18.86,-13.98,-12.32,21.3,-30.15,38.34,-1.44,-25.63,-30.26,-40.26,-29.61,1.0,,2025-10-09,OK,2026-10-10 12:55
EMAMILTD,EMAMILTD-EQ,13517,369.45,2026-10-09,556.15,2024-03-26,421.4,2026-07-10,421.4,634.2,424.15,2026-04-10,424.15,653.35,510.0,2026-01-09,510.0,653.35,541.7,2025-10-09,541.7,758.3,597.15,2025-07-10,597.15,860.0,599.85,2025-04-09,599.85,860.0,-12.33,-12.9,-31.86,-0.65,-17.37,-33.88,-16.83,-21.8,-27.77,-5.97,-13.12,-11.72,-9.29,-9.69,-22.02,-0.45,0.23,-24.27,2.78,-20.42,24.2,1.0,,2025-10-09,OK,2026-10-10 12:55
EMCURE,EMCURE-EQ,24398,1833.5,2026-10-09,2100.7,2024-07-10,1814.4,2026-07-10,1814.4,1944.0,1600.5,2026-04-10,1600.5,1671.8,1540.6,2026-01-09,1540.6,1568.3,1395.8,2025-10-09,1395.8,1532.95,1283.0,2025-07-10,1283.0,1580.0,905.6,2025-04-09,905.6,1580.0,1.05,14.56,37.15,13.36,17.77,34.93,3.89,12.46,72.27,8.25,18.76,-2.01,8.79,54.13,-7.22,41.67,-10.71,-1.74,-37.38,-39.35,,1.0,,2025-10-09,OK,2026-10-10 12:55
EMMVEE,EMMVEE-EQ,759728,300.05,2026-10-09,371.55,2025-11-18,333.25,2026-07-10,333.25,369.8,231.72,2026-04-10,231.72,248.4,208.42,2026-01-09,208.42,248.4,,,,,,,,,,,,,-9.96,29.49,,43.82,59.89,,11.18,,,,,,,,,,,,,,,,,2025-10-09,NOT LISTED ON BACK DATE,2026-10-10 12:55
ENDURANCE,ENDURANCE-EQ,18822,2407.5,2026-10-09,3072.0,2024-03-26,2686.4,2026-07-10,2686.4,3079.9,2433.0,2026-04-10,2433.0,3079.9,2622.0,2026-01-09,2622.0,3079.9,2939.4,2025-10-09,2939.4,3079.9,2644.5,2025-07-10,2644.5,3030.0,1850.75,2025-04-09,1850.75,3061.3,-10.38,-1.05,-6.25,10.42,2.46,-5.37,-7.21,-15.78,34.28,-9.24,-0.04,22.66,11.15,58.82,28.5,42.89,26.29,-5.33,-11.85,-20.23,-1.12,1.0,,2025-10-09,OK,2026-10-10 12:55
ENGINERSIN,ENGINERSIN-EQ,4907,293.1,2026-10-09,321.4,2024-03-26,239.64,2026-07-10,239.64,267.0,213.75,2026-04-10,213.75,255.45,193.44,2026-01-09,193.44,255.45,202.43,2025-10-09,202.43,255.45,250.14,2025-07-10,250.14,303.9,158.88,2025-04-09,158.88,303.9,22.31,37.12,34.91,12.11,23.88,-7.23,10.5,5.35,25.26,-4.66,-22.78,8.64,-19.07,27.41,2.03,57.44,41.5,-7.58,-12.64,-21.19,-29.51,1.0,,2025-10-09,OK,2026-10-10 12:55
ESCORTS,ESCORTS-EQ,958,2730.5,2026-10-09,3987.8,2024-03-26,2941.8,2026-07-10,2941.8,4180.0,3195.0,2026-04-10,3195.0,4180.0,3818.4,2026-01-09,3818.4,4180.0,3628.2,2025-10-09,3628.2,4180.0,3324.3,2025-07-10,3324.3,4420.0,3128.75,2025-04-09,3128.75,4420.0,-7.18,-14.54,-17.61,-7.92,-22.96,-17.56,-16.33,-12.18,8.56,4.96,15.7,7.59,9.14,15.96,-6.87,6.25,-1.93,-19.58,-6.34,-22.65,-2.99,1.0,,2025-10-09,OK,2026-10-10 12:55
ETERNAL,ETERNAL-EQ,5097,323.45,2026-10-09,368.45,2024-03-26,289.65,2026-07-10,289.65,368.45,240.23,2026-04-10,240.23,368.45,284.35,2026-01-09,284.35,368.45,345.5,2025-10-09,345.5,347.5,262.85,2025-07-10,262.85,304.7,211.39,2025-04-09,211.39,304.7,11.67,34.64,-7.21,20.57,1.86,-8.77,-15.52,-31.03,5.87,-18.36,7.97,15.45,31.44,63.44,16.34,24.34,7.13,20.96,-15.46,-24.49,9.08,1.0,,2025-10-09,OK,2026-10-10 12:55
EXIDEIND,EXIDEIND-EQ,676,394.4,2026-10-09,496.4,2024-03-26,424.4,2026-07-10,424.4,431.0,324.5,2026-04-10,324.5,431.0,346.45,2026-01-09,346.45,431.0,397.6,2025-10-09,397.6,534.4,388.95,2025-07-10,388.95,569.95,364.35,2025-04-09,364.35,620.35,-7.07,21.54,3.31,30.79,22.5,-0.67,-6.34,-19.01,-14.51,-13.53,-8.98,-6.81,2.22,9.13,-17.83,6.75,-2.14,-28.84,-10.14,-29.84,-9.68,1.0,,2025-10-09,OK,2026-10-10 12:55
NYKAA,NYKAA-EQ,6545,343.0,2026-10-09,349.55,2024-03-26,330.1,2026-07-10,330.1,330.95,259.49,2026-04-10,259.49,285.6,254.0,2026-01-09,254.0,273.22,264.11,2025-10-09,264.11,265.6,217.14,2025-07-10,217.14,229.8,177.0,2025-04-09,177.0,229.8,3.91,32.18,29.87,27.21,29.96,20.84,2.16,-2.15,42.2,-4.22,16.93,45.15,21.63,49.21,21.66,22.68,27.58,13.7,4.41,-10.83,-8.72,1.0,,2025-10-09,OK,2026-10-10 12:55
FEDERALBNK,FEDERALBNK-EQ,1023,330.0,2026-10-09,371.7,2024-03-26,329.85,2026-07-10,329.85,334.3,291.7,2026-04-10,291.7,302.0,255.3,2026-01-09,255.3,271.1,207.34,2025-10-09,207.34,220.0,210.98,2025-07-10,210.98,220.0,189.96,2025-04-09,189.96,217.0,0.05,13.13,66.39,13.08,29.2,47.45,14.26,40.04,41.85,22.56,23.11,34.2,-1.73,9.15,3.12,11.07,9.07,11.85,-2.83,2.22,14.97,1.0,,2025-10-09,OK,2026-10-10 12:55
FACT,FACT-EQ,1008,729.4,2026-10-09,1058.6,2024-03-26,855.55,2026-07-10,855.55,1058.6,857.6,2026-04-10,857.6,1112.0,867.75,2026-01-09,867.75,1112.0,889.3,2025-10-09,889.3,1112.0,927.9,2025-07-10,927.9,1151.95,596.85,2025-04-09,596.85,1187.0,-14.74,-14.95,-11.57,-0.24,-1.41,-2.86,-1.17,-3.88,48.26,-2.75,-5.24,-15.45,-4.16,49.0,9.47,55.47,-3.59,1.52,-38.09,-32.57,-8.07,1.0,,2025-10-09,OK,2026-10-10 12:55
FINCABLES,FINCABLES-EQ,1038,1388.7,2026-10-09,1499.0,2024-03-26,1054.5,2026-07-10,1054.5,1203.9,847.75,2026-04-10,847.75,1028.0,770.65,2026-01-09,770.65,1091.25,805.6,2025-10-09,805.6,1360.6,964.25,2025-07-10,964.25,1675.0,856.9,2025-04-09,856.9,1700.0,31.69,63.81,68.0,24.39,36.83,3.14,10.0,5.54,3.61,-4.06,-19.51,-31.8,-16.45,-5.99,-35.28,12.53,-11.21,-37.76,-21.82,-33.83,-18.82,1.0,,2025-10-09,OK,2026-10-10 12:55
FSL,FSL-EQ,14304,268.1,2026-10-09,371.75,2024-03-26,259.71,2026-07-10,259.71,381.4,220.39,2026-04-10,220.39,403.8,318.5,2026-01-09,318.5,414.0,328.4,2025-10-09,328.4,422.3,361.0,2025-07-10,361.0,422.3,312.05,2025-04-09,312.05,422.3,3.23,21.65,-22.43,17.84,-18.46,-30.68,-30.8,-34.05,-30.14,-4.7,-10.03,-14.41,-9.03,5.24,12.07,15.69,-8.61,61.81,-21.32,-0.49,66.24,1.0,,2025-10-09,OK,2026-10-10 12:55
FIVESTAR,FIVESTAR-EQ,12032,502.25,2026-10-09,666.0,2024-03-26,546.4,2026-07-10,546.4,794.45,428.6,2026-04-10,428.6,850.0,507.6,2026-01-09,507.6,850.0,524.35,2025-10-09,524.35,943.75,759.15,2025-07-10,759.15,943.75,698.2,2025-04-09,698.2,943.75,-8.08,17.18,1.66,27.48,7.64,-43.34,-15.56,-18.9,-45.49,-3.95,-34.09,-21.41,-30.93,-24.9,-34.04,8.73,5.45,-3.31,-3.56,-13.09,-9.44,1.0,,2025-10-09,OK,2026-10-10 12:55
FORCEMOT,FORCEMOT-EQ,11573,16900.0,2026-10-09,26450.0,2024-03-26,18170.0,2026-07-10,18170.0,26450.0,22617.0,2026-04-10,22617.0,26450.0,18710.0,2026-01-09,18710.0,21990.0,15303.0,2025-10-09,15303.0,21990.0,16616.0,2025-07-10,16616.0,17039.0,8470.9,2025-04-09,8470.9,10277.85,-6.99,-25.28,13.41,-19.66,-2.89,4.5,20.88,43.32,155.76,18.56,13.94,155.68,-7.9,80.65,150.08,96.15,153.9,46.21,23.6,16.67,-12.25,1.0,,2025-10-09,OK,2026-10-10 12:55
FORTIS,FORTIS-EQ,14592,786.25,2026-10-09,1104.3,2024-03-26,968.0,2026-07-10,968.0,1104.3,847.85,2026-04-10,847.85,1104.3,903.05,2026-01-09,903.05,1104.3,1068.85,2025-10-09,1068.85,1072.55,773.45,2025-07-10,773.45,813.0,654.0,2025-04-09,654.0,744.5,-18.78,-7.27,-14.39,14.17,7.19,27.87,-6.11,-20.04,34.74,-14.83,18.12,19.59,38.19,63.43,56.33,18.26,8.44,65.69,-9.66,7.66,42.22,1.0,,2025-10-09,OK,2026-10-10 12:55
FRACTAL,FRACTAL-EQ,760961,707.6,2026-10-09,1118.0,2026-02-16,847.55,2026-07-10,847.55,1118.0,829.2,2026-04-10,829.2,921.0,,,,,,,,,,,,,,,,,-16.51,-14.66,,2.21,,,,,,,,,,,,,,,,,,,,2025-10-09,NOT LISTED ON BACK DATE,2026-10-10 12:55
GAIL,GAIL-EQ,4717,166.64,2026-10-09,186.87,2024-03-26,173.73,2026-07-10,173.73,188.89,154.08,2026-04-10,154.08,202.79,164.36,2026-01-09,164.36,202.79,178.45,2025-10-09,178.45,234.5,185.67,2025-07-10,185.67,246.3,168.86,2025-04-09,168.86,246.3,-4.08,8.15,-1.99,12.75,5.7,-9.51,-6.25,-14.02,-12.37,-8.29,-9.64,-8.2,-3.89,5.68,-22.29,9.95,1.45,-14.64,-11.4,-24.13,-23.9,1.0,,2025-10-09,OK,2026-10-10 12:55
GVT&D,GVT&D-EQ,16783,4194.4,2026-10-09,5650.0,2024-03-26,4677.1,2026-07-10,4677.1,5650.0,4067.0,2026-04-10,4067.0,4344.0,2898.1,2026-01-09,2898.1,3323.8,3048.0,2025-10-09,3048.0,3204.9,2381.9,2025-07-10,2381.9,2500.0,1296.95,2025-04-09,1296.95,2243.0,-10.32,3.13,53.31,15.0,61.39,104.29,40.33,35.01,191.77,-3.79,24.23,46.06,27.97,135.01,55.43,83.65,19.68,39.34,-34.86,-25.83,51.56,1.0,,2025-10-09,OK,2026-10-10 12:55
GMRAIRPORT,GMRAIRPORT-EQ,13528,92.31,2026-10-09,115.64,2024-03-26,112.51,2026-07-10,112.51,115.64,95.25,2026-04-10,95.25,110.36,99.89,2026-01-09,99.89,110.36,90.71,2025-10-09,90.71,97.0,92.3,2025-07-10,92.3,103.75,85.85,2025-04-09,85.85,103.75,-17.95,-3.09,8.75,18.12,12.63,9.34,-4.65,5.42,9.25,10.56,10.24,29.52,-1.72,5.66,-0.99,7.51,21.32,-12.78,11.77,-2.1,-15.34,1.0,,2025-10-09,OK,2026-10-10 12:55
GABRIEL,GABRIEL-EQ,1085,1362.2,2026-10-09,1600.0,2024-03-26,1250.8,2026-07-10,1250.8,1388.0,933.5,2026-04-10,933.5,1388.0,976.2,2026-01-09,976.2,1388.0,1290.1,2025-10-09,1290.1,1388.0,1076.0,2025-07-10,1076.0,1084.0,518.65,2025-04-09,518.65,607.8,8.91,45.92,5.48,33.99,28.13,-5.71,-4.37,-26.57,70.46,-23.21,-9.88,109.39,19.9,148.74,164.98,107.46,135.99,30.67,10.82,9.18,37.08,1.0,,2025-10-09,OK,2026-10-10 12:55
GALLANTT,GALLANTT-EQ,13337,503.75,2026-10-09,948.0,2024-03-26,667.6,2026-07-10,667.6,948.0,658.5,2026-04-10,658.5,802.25,578.0,2026-01-09,578.0,802.25,662.8,2025-10-09,662.8,802.25,589.25,2025-07-10,589.25,610.0,398.1,2025-04-09,398.1,446.05,-24.54,-23.5,-15.95,1.38,15.5,8.75,13.93,0.17,31.34,-12.07,-0.85,75.25,12.48,66.49,99.55,48.02,72.98,34.68,17.66,11.31,62.89,1.0,,2025-10-09,OK,2026-10-10 12:55
GRSE,GRSE-EQ,5475,2046.0,2026-10-09,3339.0,2024-03-26,2662.0,2026-07-10,2662.0,3339.0,2539.8,2026-04-10,2539.8,3538.4,2454.2,2026-01-09,2454.2,3538.4,2722.0,2025-10-09,2722.0,3538.4,2896.8,2025-07-10,2896.8,3538.4,1566.35,2025-04-09,1566.35,2833.8,-23.14,-19.44,-8.38,4.81,8.47,-10.11,3.49,-4.52,56.36,-7.74,-12.4,55.94,-6.03,73.78,43.8,84.94,88.65,30.92,1.53,-4.28,51.63,1.0,,2025-10-09,OK,2026-10-10 12:55
GICRE,GICRE-EQ,277,312.6,2026-10-09,417.95,2024-03-26,365.0,2026-07-10,365.0,417.95,397.6,2026-04-10,397.6,453.8,366.55,2026-01-09,366.55,463.65,378.2,2025-10-09,378.2,525.5,376.85,2025-07-10,376.85,525.5,395.0,2025-04-09,395.0,525.5,-14.36,-21.38,-7.48,-8.2,-0.42,0.85,8.47,3.58,-7.3,-4.51,-2.32,-18.21,0.36,-4.25,-6.06,-4.59,-18.94,-0.59,-11.57,1.4,12.91,1.0,,2025-10-09,OK,2026-10-10 12:55
GILLETTE,GILLETTE-EQ,1576,7100.5,2026-10-09,9664.0,2024-03-26,7845.0,2026-07-10,7845.0,11500.0,7704.0,2026-04-10,7704.0,11500.0,7900.5,2026-01-09,7900.5,11500.0,9496.0,2025-10-09,9496.0,11500.0,10442.0,2025-07-10,10442.0,11006.0,7883.1,2025-04-09,7883.1,10699.0,-9.49,-7.83,-21.24,1.83,-0.7,-26.24,-2.49,-19.25,1.22,-17.19,-26.5,-15.36,-9.06,20.46,14.51,32.46,7.46,37.14,-19.08,-12.37,19.31,1.0,,2025-10-09,OK,2026-10-10 12:55
GLAND,GLAND-EQ,1186,3061.8,2026-10-09,3171.0,2024-03-26,2479.4,2026-07-10,2479.4,2573.5,1741.9,2026-04-10,1741.9,2131.0,1681.0,2026-01-09,1681.0,2131.0,1952.8,2025-10-09,1952.8,2131.0,1844.1,2025-07-10,1844.1,2220.95,1392.8,2025-04-09,1392.8,2220.95,23.49,75.77,54.97,42.34,47.5,22.98,3.62,-9.44,19.69,-12.6,-9.58,-6.96,5.89,40.21,12.99,32.4,0.77,-16.05,-24.71,-18.08,-8.09,1.0,,2025-10-09,OK,2026-10-10 12:55
GLAXO,GLAXO-EQ,1153,2540.3,2026-10-09,3120.7,2024-03-26,2438.2,2026-07-10,2438.2,3272.5,2394.0,2026-04-10,2394.0,3515.7,2372.1,2026-01-09,2372.1,3515.7,2761.0,2025-10-09,2761.0,3515.7,3251.9,2025-07-10,3251.9,3515.7,2675.3,2025-04-09,2675.3,3088.0,4.19,6.11,4.68,1.85,2.79,-33.12,0.92,-13.49,-7.08,-14.28,-26.87,17.43,-15.1,3.2,0.25,21.55,47.25,35.0,21.16,-4.92,39.35,1.0,,2025-10-09,OK,2026-10-10 12:55
GLENMARK,GLENMARK-EQ,7406,2293.0,2026-10-09,2537.6,2024-03-26,2282.9,2026-07-10,2282.9,2474.0,2163.2,2026-04-10,2163.2,2297.9,2007.2,2026-01-09,2007.2,2284.8,1935.6,2025-10-09,1935.6,2284.8,1904.0,2025-07-10,1904.0,1920.0,1376.3,2025-04-09,1376.3,1830.95,0.44,6.0,25.8,5.53,13.74,12.63,7.77,11.55,65.13,3.5,-7.97,22.44,1.66,40.64,18.48,38.34,19.5,17.09,-15.46,-22.95,34.01,1.0,,2025-10-09,OK,2026-10-10 12:55
MEDANTA,MEDANTA-EQ,11956,1312.7,2026-10-09,1544.0,2024-03-26,1336.9,2026-07-10,1336.9,1456.5,1066.15,2026-04-10,1066.15,1456.5,1175.4,2026-01-09,1175.4,1456.5,1374.5,2025-10-09,1374.5,1456.5,1301.8,2025-07-10,1301.8,1328.8,1228.2,2025-04-09,1228.2,1511.0,-1.81,23.13,7.7,25.4,13.74,-5.86,-9.29,-20.99,-10.34,-12.89,-9.81,8.21,5.58,11.91,37.56,5.99,21.75,-4.24,13.78,22.64,-13.31,1.0,,2025-10-09,OK,2026-10-10 12:55
GPIL,GPIL-EQ,13409,206.47,2026-10-09,320.0,2024-03-26,254.35,2026-07-10,254.35,320.0,289.55,2026-04-10,289.55,296.0,258.4,2026-01-09,258.4,290.0,243.25,2025-10-09,243.25,278.0,184.44,2025-07-10,184.44,253.4,182.6,2025-04-09,182.6,253.4,-18.82,-28.69,4.02,-12.16,-1.57,50.24,12.05,18.89,38.96,6.1,38.31,19.07,31.89,33.21,23.53,1.01,-6.59,-19.01,-9.68,-5.78,18.95,1.0,,2025-10-09,OK,2026-10-10 12:55
GODFRYPHLP,GODFRYPHLP-EQ,1181,1813.2,2026-10-09,3467.7,2024-03-26,2115.3,2026-07-10,2115.3,3947.0,2101.6,2026-04-10,2101.6,3947.0,2079.6,2026-01-09,2079.6,3947.0,3310.8,2025-10-09,3310.8,3947.0,2845.67,2025-07-10,2845.67,3215.17,2307.18,2025-04-09,2307.18,2826.67,-14.28,-13.72,-40.24,0.65,1.72,-21.47,1.06,-37.09,-7.99,-37.75,-25.74,78.79,16.35,43.5,54.14,23.34,80.84,107.21,42.14,-2.34,63.44,1.0,,2025-10-09,OK,2026-10-10 12:55
GODREJCP,GODREJCP-EQ,10099,860.5,2026-10-09,1273.9,2024-03-26,1088.4,2026-07-10,1088.4,1309.0,1078.1,2026-04-10,1078.1,1309.0,1229.6,2026-01-09,1229.6,1309.0,1128.8,2025-10-09,1128.8,1366.6,1286.7,2025-07-10,1286.7,1541.85,1242.35,2025-04-09,1242.35,1541.85,-20.94,-20.18,-23.48,0.96,-11.48,-20.14,-12.32,-4.58,-12.15,8.83,-4.31,-4.28,-12.27,-9.14,-6.64,3.57,8.94,-15.94,7.45,-6.83,-15.65,1.0,,2025-10-09,OK,2026-10-10 12:55
GODREJIND,GODREJIND-EQ,10925,985.4,2026-10-09,1443.0,2024-03-26,1417.7,2026-07-10,1417.7,1443.0,892.05,2026-04-10,892.05,1390.0,1024.2,2026-01-09,1024.2,1390.0,1066.0,2025-10-09,1066.0,1390.0,1134.0,2025-07-10,1134.0,1390.0,1108.7,2025-04-09,1108.7,1314.0,-30.49,10.46,6.32,58.93,38.42,-8.91,-12.9,-17.32,-19.85,-5.07,-6.52,0.32,-6.0,-3.85,8.22,2.28,10.27,44.43,6.34,-1.37,32.27,1.0,,2025-10-09,OK,2026-10-10 12:55
GODREJPROP,GODREJPROP-EQ,17875,1550.0,2026-10-09,2352.0,2024-03-26,2133.0,2026-07-10,2133.0,2407.9,1716.5,2026-04-10,1716.5,2506.5,1991.5,2026-01-09,1991.5,2522.0,2031.5,2025-10-09,2031.5,3239.65,2256.2,2025-07-10,2256.2,3402.7,1973.3,2025-04-09,1973.3,3402.7,-27.33,-9.7,-8.58,24.26,7.11,-27.24,-13.81,-17.95,-16.33,-4.8,-9.74,-19.3,-9.96,2.95,-34.67,14.34,-9.6,-25.83,-23.05,-33.88,-27.0,1.0,,2025-10-09,OK,2026-10-10 12:55
GRANULES,GRANULES-EQ,11872,815.25,2026-10-09,923.65,2024-03-26,889.85,2026-07-10,889.85,901.8,631.95,2026-04-10,631.95,650.0,601.95,2026-01-09,601.95,627.0,566.15,2025-10-09,566.15,628.0,473.8,2025-07-10,473.8,721.0,431.1,2025-04-09,431.1,721.0,-8.38,29.01,56.28,40.81,47.83,60.57,4.98,11.15,35.98,5.87,28.35,-8.44,19.49,31.33,-8.46,9.9,-21.82,4.66,-29.14,-24.85,12.56,1.0,,2025-10-09,OK,2026-10-10 12:55
GRAPHITE,GRAPHITE-EQ,592,806.6,2026-10-09,874.35,2024-03-26,612.6,2026-07-10,612.6,802.4,638.75,2026-04-10,638.75,747.0,628.45,2026-01-09,628.45,685.0,589.95,2025-10-09,589.95,622.0,564.65,2025-07-10,564.65,623.35,446.6,2025-04-09,446.6,709.4,31.67,26.28,43.17,-4.09,-2.52,12.82,1.64,13.4,45.31,11.58,11.74,-1.07,4.48,32.1,-9.76,26.43,3.22,-0.92,-18.36,-22.48,-39.82,1.0,,2025-10-09,OK,2026-10-10 12:55
GRASIM,GRASIM-EQ,1232,2890.0,2026-10-09,3411.1,2024-03-26,3213.6,2026-07-10,3213.6,3246.0,2742.6,2026-04-10,2742.6,2979.0,2776.9,2026-01-09,2776.9,2977.8,2810.6,2025-10-09,2810.6,2911.0,2775.1,2025-07-10,2775.1,2896.0,2557.75,2025-04-09,2557.75,2877.75,-10.07,5.37,17.41,17.17,15.73,10.67,-1.24,-2.43,6.95,-1.21,0.54,13.96,1.28,9.89,2.95,8.5,15.13,-3.36,5.01,-5.82,3.59,1.0,,2025-10-09,OK,2026-10-10 12:55
GRAVITA,GRAVITA-EQ,20534,1466.4,2026-10-09,1913.6,2024-03-26,1854.6,2026-07-10,1854.6,1949.0,1558.4,2026-04-10,1558.4,2170.0,1680.0,2026-01-09,1680.0,2259.95,1619.7,2025-10-09,1619.7,2609.85,1776.0,2025-07-10,1776.0,2700.0,1593.05,2025-04-09,1593.05,2700.0,-20.93,-5.9,4.74,19.01,10.39,-11.04,-7.24,-5.11,-5.51,2.29,-3.38,-20.19,-8.8,1.67,-31.35,11.48,-21.21,35.06,-29.14,-34.45,66.3,1.0,,2025-10-09,OK,2026-10-10 12:55
GESHIP,GESHIP-EQ,13776,1533.7,2026-10-09,1798.0,2024-03-26,1420.9,2026-07-10,1420.9,1798.0,1372.9,2026-04-10,1372.9,1509.0,1086.8,2026-01-09,1086.8,1179.0,1050.2,2025-10-09,1050.2,1365.0,1006.25,2025-07-10,1006.25,1543.7,860.4,2025-04-09,860.4,1543.7,7.94,11.71,32.68,3.5,30.74,35.93,26.32,30.78,65.85,3.53,9.56,13.51,4.37,22.06,-24.65,16.95,5.67,-27.95,-10.77,-33.52,-9.65,1.0,,2025-10-09,OK,2026-10-10 12:55
FLUOROCHEM,FLUOROCHEM-EQ,13750,4476.8,2026-10-09,4958.9,2024-03-26,3941.5,2026-07-10,3941.5,4038.0,3346.6,2026-04-10,3346.6,4050.0,3444.1,2026-01-09,3444.1,4083.55,3790.1,2025-10-09,3790.1,4880.95,3414.6,2025-07-10,3414.6,4880.95,3685.15,2025-04-09,3685.15,4880.95,13.58,33.77,25.45,17.78,14.44,6.63,-2.83,-10.23,-11.93,-7.62,1.79,-10.4,11.0,2.85,-16.64,-7.34,-13.5,14.39,-5.56,-15.57,17.43,1.0,,2025-10-09,OK,2026-10-10 12:55
GMDCLTD,GMDCLTD-EQ,5204,462.15,2026-10-09,771.9,2024-03-26,589.75,2026-07-10,589.75,771.9,603.1,2026-04-10,603.1,651.0,551.55,2026-01-09,551.55,651.0,630.3,2025-10-09,630.3,642.0,387.5,2025-07-10,387.5,431.9,268.65,2025-04-09,268.65,452.95,-21.64,-23.37,-8.84,-2.21,6.93,55.95,9.35,-0.57,101.88,-9.07,45.49,56.55,62.66,134.62,59.08,44.24,24.58,-2.87,-14.46,-18.21,-35.41,1.0,,2025-10-09,OK,2026-10-10 12:55
HBLENGINE,HBLENGINE-EQ,13966,719.05,2026-10-09,1122.0,2024-03-26,765.85,2026-07-10,765.85,1122.0,730.65,2026-04-10,730.65,1122.0,878.25,2026-01-09,878.25,1122.0,875.5,2025-10-09,875.5,914.35,622.65,2025-07-10,622.65,739.65,478.0,2025-04-09,478.0,739.65,-6.11,-1.59,-16.61,4.82,-12.8,21.09,-16.81,-17.21,40.29,-0.48,43.69,34.38,40.61,83.16,38.82,30.26,4.69,4.72,-20.62,-21.81,-11.74,1.0,,2025-10-09,OK,2026-10-10 12:55
HCLTECH,HCLTECH-EQ,7229,1216.7,2026-10-09,1780.1,2024-03-26,1164.1,2026-07-10,1164.1,1780.1,1451.2,2026-04-10,1451.2,1780.1,1661.4,2026-01-09,1661.4,2012.2,1486.5,2025-10-09,1486.5,2012.2,1663.7,2025-07-10,1663.7,2012.2,1380.0,2025-04-09,1380.0,2012.2,4.52,-16.16,-17.27,-19.78,-29.93,-31.95,-12.65,-2.96,-2.15,11.09,1.41,-13.89,-10.65,7.72,-21.14,20.56,-14.01,10.47,-28.58,-23.74,0.57,1.0,,2025-10-09,OK,2026-10-10 12:55
HDBFS,HDBFS-EQ,757772,588.65,2026-10-09,796.7,2025-07-02,755.45,2026-07-10,755.45,852.5,625.25,2026-04-10,625.25,891.9,748.1,2026-01-09,748.1,891.9,732.85,2025-10-09,732.85,891.9,846.2,2025-07-10,846.2,891.9,,,,,-22.08,-5.85,-7.89,20.82,0.98,-26.72,-16.42,-15.14,,1.53,-11.54,,-13.4,,,,,,,,,1.0,,2025-10-09,OK,2026-10-10 12:55
HDFCAMC,HDFCAMC-EQ,4244,2262.5,2026-10-09,2967.25,2024-03-26,2761.2,2026-07-10,2761.2,2967.25,2619.3,2026-04-10,2619.3,2967.25,2523.4,2026-01-09,2523.4,2967.25,2739.5,2025-10-09,2739.5,2963.75,2603.75,2025-07-10,2603.75,2639.45,1899.98,2025-04-09,1899.98,2432.0,-18.06,-13.62,-10.93,5.42,9.42,-5.99,3.8,-5.1,28.85,-8.57,-1.35,32.11,5.21,44.19,29.35,37.04,31.82,23.11,-6.46,-13.04,1.25,1.0,,2025-10-09,OK,2026-10-10 12:55
HDFCBANK,HDFCBANK-EQ,1333,707.25,2026-10-09,1020.5,2024-03-26,824.95,2026-07-10,824.95,1020.5,810.3,2026-04-10,810.3,1020.5,939.0,2026-01-09,939.0,1020.5,977.1,2025-10-09,977.1,1018.85,1003.1,2025-07-10,1003.1,1013.55,882.5,2025-04-09,882.5,940.0,-14.27,-12.72,-29.68,1.81,-12.15,-25.55,-13.71,-17.39,-5.5,-4.27,-5.33,18.7,-2.59,10.72,18.19,13.67,20.29,20.86,4.17,8.07,8.97,1.0,,2025-10-09,OK,2026-10-10 12:55
HDFCLIFE,HDFCLIFE-EQ,467,556.65,2026-10-09,788.5,2024-03-26,567.7,2026-07-10,567.7,815.0,604.15,2026-04-10,604.15,820.75,749.9,2026-01-09,749.9,820.75,754.35,2025-10-09,754.35,820.75,771.25,2025-07-10,771.25,820.75,684.8,2025-04-09,684.8,761.2,-1.95,-7.86,-31.86,-6.03,-24.3,-28.75,-19.44,-19.16,-5.39,0.35,-1.2,25.95,-2.19,10.16,6.11,12.62,25.98,20.5,10.81,-4.53,-1.27,1.0,,2025-10-09,OK,2026-10-10 12:55
HEGAM,HEGAM-EQ,1336,233.56,2026-10-09,273.0,2024-03-26,194.59,2026-07-10,194.59,246.34,200.09,2026-04-10,200.09,239.92,205.13,2026-01-09,205.13,239.92,191.13,2025-10-09,191.13,221.17,178.92,2025-07-10,178.92,221.17,158.71,2025-04-09,158.71,221.17,20.03,16.73,37.47,-2.75,-5.14,3.43,-2.46,8.78,18.05,11.52,13.67,17.03,6.82,20.43,1.0,12.73,7.2,22.0,-6.79,-10.04,-10.9,1.0,,2025-10-09,OK,2026-10-10 12:55
HFCL,HFCL-BE,21954,260.4,2026-10-09,275.91,2024-03-26,217.25,2026-07-10,217.25,229.5,84.4,2026-04-10,84.4,93.96,64.89,2026-01-09,64.89,106.95,73.98,2025-10-09,73.98,141.2,82.15,2025-07-10,82.15,171.0,75.06,2025-04-09,75.06,171.0,19.86,208.53,231.75,157.41,234.8,105.86,30.07,10.99,-4.0,-14.66,-20.1,-37.03,-9.95,-1.44,-49.69,9.45,-21.67,-25.36,-30.0,-46.1,-17.31,1.0,,2025-10-09,OK,2026-10-10 12:55
HAVELLS,HAVELLS-EQ,9819,1041.5,2026-10-09,1520.0,2024-03-26,1188.4,2026-07-10,1188.4,1621.1,1281.7,2026-04-10,1281.7,1673.8,1464.9,2026-01-09,1464.9,1712.85,1485.8,2025-10-09,1485.8,1970.0,1529.7,2025-07-10,1529.7,2106.0,1469.7,2025-04-09,1469.7,2106.0,-12.36,-18.74,-24.59,-7.28,-18.88,-24.46,-12.51,-14.32,-7.09,-2.07,-4.12,-14.74,-2.87,1.1,-17.71,4.08,-6.16,-18.65,-10.59,-23.8,-2.88,1.0,,2025-10-09,OK,2026-10-10 12:55
HEROMOTOCO,HEROMOTOCO-EQ,1348,4895.5,2026-10-09,6388.5,2024-03-26,4949.1,2026-07-10,4949.1,6388.5,5466.5,2026-04-10,5466.5,6388.5,5773.0,2026-01-09,5773.0,6388.5,5512.0,2025-10-09,5512.0,5659.0,4321.3,2025-07-10,4321.3,6246.25,3610.9,2025-04-09,3610.9,6246.25,-1.08,-10.45,-5.33,-9.46,-14.27,12.39,-5.31,-0.61,54.39,4.96,36.84,43.57,27.55,52.65,-2.36,19.67,4.35,-20.51,-12.74,-34.99,-20.76,1.0,,2025-10-09,OK,2026-10-10 12:55
HEXT,HEXT-EQ,29666,538.5,2026-10-09,807.75,2025-02-19,550.25,2026-07-10,550.25,882.05,480.45,2026-04-10,480.45,900.0,729.75,2026-01-09,729.75,900.0,718.6,2025-10-09,718.6,900.0,871.2,2025-07-10,871.2,900.0,634.3,2025-04-09,634.3,847.0,-2.14,12.08,-29.04,14.53,-24.6,-40.83,-34.16,-32.95,-32.38,1.84,-15.04,,-17.52,13.29,,37.35,,,,,,1.0,,2025-10-09,OK,2026-10-10 12:55
HSCL,HSCL-EQ,14334,659.95,2026-10-09,819.5,2024-03-26,660.45,2026-07-10,660.45,718.0,470.9,2026-04-10,470.9,534.45,470.9,2026-01-09,470.9,578.0,452.75,2025-10-09,452.75,676.2,510.05,2025-07-10,510.05,688.7,408.65,2025-04-09,408.65,688.7,-0.08,40.15,47.33,40.25,40.25,35.87,0.0,3.38,9.38,3.38,-5.67,-19.96,-11.23,10.79,-28.38,24.81,-11.92,13.28,-28.61,-35.03,23.52,1.0,,2025-10-09,OK,2026-10-10 12:55
HINDALCO,HINDALCO-EQ,1363,900.35,2026-10-09,1176.0,2024-03-26,967.45,2026-07-10,967.45,1176.0,992.1,2026-04-10,992.1,1029.8,900.95,2026-01-09,900.95,970.8,774.1,2025-10-09,774.1,790.6,675.05,2025-07-10,675.05,772.65,564.0,2025-04-09,564.0,772.65,-6.94,-9.25,32.66,-2.48,7.38,53.96,10.12,28.19,70.05,16.41,34.28,39.46,14.67,37.25,2.11,19.69,14.56,-5.04,-3.86,-22.48,17.08,1.0,,2025-10-09,OK,2026-10-10 12:55
HAL,HAL-EQ,2303,4655.6,2026-10-09,5149.9,2024-03-26,4506.8,2026-07-10,4506.8,4978.0,4112.2,2026-04-10,4112.2,5165.0,4462.1,2026-01-09,4462.1,5165.0,4846.3,2025-10-09,4846.3,5165.0,4915.6,2025-07-10,4915.6,5578.45,4030.7,2025-04-09,4030.7,5674.75,3.3,13.21,3.18,9.6,1.0,-14.17,-7.84,-14.91,-0.64,-7.67,-8.3,4.8,-1.41,20.23,1.54,21.95,19.97,-6.82,-1.92,-8.11,-3.63,1.0,,2025-10-09,OK,2026-10-10 12:55
HINDCOPPER,HINDCOPPER-EQ,17939,468.85,2026-10-09,760.05,2024-03-26,498.65,2026-07-10,498.65,760.05,530.05,2026-04-10,530.05,760.05,520.8,2026-01-09,520.8,575.0,364.15,2025-10-09,364.15,365.5,265.0,2025-07-10,265.0,353.0,196.24,2025-04-09,196.24,415.8,-5.98,-11.55,46.18,-5.92,-4.25,92.72,1.78,53.84,176.65,51.15,98.29,52.43,37.42,85.56,-22.06,35.04,12.39,-21.05,-18.14,-37.4,-39.31,1.0,,2025-10-09,OK,2026-10-10 12:55
HINDPETRO,HINDPETRO-EQ,1406,326.0,2026-10-09,508.45,2024-03-26,395.3,2026-07-10,395.3,508.45,360.6,2026-04-10,360.6,508.45,448.75,2026-01-09,448.75,508.45,458.0,2025-10-09,458.0,465.2,441.25,2025-07-10,441.25,457.15,379.3,2025-04-09,379.3,457.15,-17.53,-9.6,-23.82,9.62,-11.91,-15.15,-19.64,-20.31,1.31,-0.83,2.95,16.81,3.8,20.75,-1.25,16.33,14.67,20.87,-3.08,-3.94,6.51,1.0,,2025-10-09,OK,2026-10-10 12:55
HINDUNILVR,HINDUNILVR-EQ,1394,1856.7,2026-10-09,2667.2,2024-03-26,2150.6,2026-07-10,2150.6,2750.0,2155.3,2026-04-10,2155.3,2750.0,2372.6,2026-01-09,2372.6,2750.0,2517.6,2025-10-09,2517.6,2804.7,2408.4,2025-07-10,2408.4,3035.0,2350.0,2025-04-09,2350.0,3035.0,-13.67,-13.85,-22.74,-0.22,-9.36,-9.92,-9.16,-14.77,-8.03,-6.18,-5.83,-5.49,4.53,7.13,-4.58,2.49,-1.11,-8.25,-2.12,-15.13,-0.72,1.0,,2025-10-09,OK,2026-10-10 12:55
HINDZINC,HINDZINC-EQ,1424,543.5,2026-10-09,733.0,2024-03-26,536.95,2026-07-10,536.95,733.0,564.6,2026-04-10,564.6,733.0,606.45,2026-01-09,606.45,656.35,512.25,2025-10-09,512.25,575.4,422.8,2025-07-10,422.8,684.0,400.6,2025-04-09,400.6,807.7,1.22,-3.74,18.18,-4.9,-11.46,29.51,-6.9,13.31,46.68,21.7,42.73,17.12,21.16,27.87,-14.24,5.54,-3.4,-18.99,-9.73,-20.74,7.04,1.0,,2025-10-09,OK,2026-10-10 12:55
POWERINDIA,POWERINDIA-EQ,18457,30605.0,2026-10-09,38785.0,2024-03-26,32605.0,2026-07-10,32605.0,38785.0,28425.0,2026-04-10,28425.0,28510.0,17700.0,2026-01-09,17700.0,22840.0,17731.0,2025-10-09,17731.0,21800.0,19475.0,2025-07-10,19475.0,20699.0,11353.45,2025-04-09,11353.45,16549.95,-6.13,7.67,78.11,14.71,84.21,70.81,60.59,61.09,119.8,0.31,-4.68,37.2,-8.96,56.17,30.14,71.53,40.78,38.87,-20.63,-21.6,64.33,1.0,,2025-10-09,OK,2026-10-10 12:55
HOMEFIRST,HOMEFIRST-EQ,2056,1076.6,2026-10-09,1317.7,2024-03-26,1222.7,2026-07-10,1222.7,1519.0,1088.35,2026-04-10,1088.35,1519.0,1026.1,2026-01-09,1026.1,1519.0,1206.2,2025-10-09,1206.2,1519.0,1373.9,2025-07-10,1373.9,1510.0,1048.55,2025-04-09,1048.55,1383.3,-11.95,-1.08,-0.32,12.34,19.16,-23.64,6.07,-10.98,0.44,-16.07,-25.96,14.04,-12.21,15.04,-4.2,31.03,31.98,20.05,-0.58,-19.92,7.29,1.0,,2025-10-09,OK,2026-10-10 12:55
HONASA,HONASA-EQ,19813,468.7,2026-10-09,509.8,2024-03-26,472.1,2026-07-10,472.1,478.8,344.85,2026-04-10,344.85,348.7,290.4,2026-01-09,290.4,334.2,288.0,2025-10-09,288.0,434.05,301.4,2025-07-10,301.4,547.0,218.86,2025-04-09,218.86,547.0,-0.72,35.91,63.56,36.9,62.57,37.56,18.75,18.16,32.21,-0.5,-1.31,4.4,-4.45,31.59,-30.28,37.71,22.32,-32.28,-10.83,-49.47,-45.21,1.0,,2025-10-09,OK,2026-10-10 12:55
HONAUT,HONAUT-EQ,3417,32495.0,2026-10-09,41495.0,2024-03-26,38175.0,2026-07-10,38175.0,41075.0,28585.0,2026-04-10,28585.0,41450.0,33500.0,2026-01-09,33500.0,42573.3,36240.0,2025-10-09,36240.0,51999.0,40635.0,2025-07-10,40635.0,57500.0,33923.65,2025-04-09,33923.65,59994.0,-14.88,13.68,-5.68,33.55,13.96,-11.09,-14.67,-21.63,-9.65,-8.16,-16.91,-19.24,-10.82,6.83,-27.78,19.78,-3.6,-31.58,-19.05,-31.35,-19.85,1.0,,2025-10-09,OK,2026-10-10 12:55
HUDCO,HUDCO-EQ,20825,159.75,2026-10-09,246.85,2024-03-26,206.96,2026-07-10,206.96,246.85,183.96,2026-04-10,183.96,253.73,214.91,2026-01-09,214.91,253.73,229.47,2025-10-09,229.47,262.7,231.36,2025-07-10,231.36,353.7,212.85,2025-04-09,212.85,353.7,-22.81,-13.16,-23.58,12.5,-3.7,-11.15,-14.4,-21.02,-16.58,-7.73,-6.85,-7.08,-0.82,7.81,-4.68,8.7,1.86,-26.04,-10.73,-6.01,-15.5,1.0,,2025-10-09,OK,2026-10-10 12:55
HYUNDAI,HYUNDAI-EQ,25844,1940.0,2026-10-09,2480.0,2024-10-22,1984.9,2026-07-10,1984.9,2890.0,1796.4,2026-04-10,1796.4,2890.0,2264.2,2026-01-09,2264.2,2890.0,2408.8,2025-10-09,2408.8,2890.0,2094.8,2025-07-10,2094.8,2265.3,1592.55,2025-04-09,1592.55,1970.0,-2.26,7.99,-9.4,10.49,-12.34,-9.73,-20.66,-25.31,26.83,-5.86,7.63,29.59,14.99,51.25,,31.54,17.32,,-12.08,,,1.0,,2025-10-09,OK,2026-10-10 12:55
ICICIBANK,ICICIBANK-EQ,4963,1355.0,2026-10-09,1480.0,2024-03-26,1401.2,2026-07-10,1401.2,1500.0,1321.9,2026-04-10,1321.9,1500.0,1404.3,2026-01-09,1404.3,1500.0,1376.2,2025-10-09,1376.2,1500.0,1424.1,2025-07-10,1424.1,1471.6,1300.8,2025-04-09,1300.8,1373.0,-3.3,2.5,0.94,6.0,-0.22,-9.18,-5.87,-4.23,-0.48,1.74,-1.24,8.02,-3.36,5.8,12.82,9.48,12.81,14.45,2.93,4.55,9.74,1.0,,2025-10-09,OK,2026-10-10 12:55
ICICIGI,ICICIGI-EQ,21770,1690.2,2026-10-09,2064.9,2024-03-26,1826.2,2026-07-10,1826.2,2064.9,1786.0,2026-04-10,1786.0,2068.7,1896.1,2026-01-09,1896.1,2068.7,1882.7,2025-10-09,1882.7,2145.0,1994.6,2025-07-10,1994.6,2301.9,1786.5,2025-04-09,1786.5,2301.9,-7.45,-5.36,-21.71,2.25,-3.69,-13.16,-5.81,-4.12,4.97,1.79,-5.77,2.47,-5.61,5.38,-11.94,11.65,5.63,5.32,-3.91,-14.27,-0.16,1.0,,2025-10-09,OK,2026-10-10 12:55
ICICIAMC,ICICIAMC-EQ,760407,3030.3,2026-10-09,3611.0,2025-12-19,3159.6,2026-07-10,3159.6,3611.0,3385.5,2026-04-10,3385.5,3430.0,2664.8,2026-01-09,2664.8,2725.2,,,,,,,,,,,,,-4.09,-10.49,,-6.67,18.57,,27.05,,,,,,,,,,,,,,,,,2025-10-09,NOT LISTED ON BACK DATE,2026-10-10 12:55
ICICIPRULI,ICICIPRULI-EQ,18652,460.55,2026-10-09,706.8,2024-03-26,510.35,2026-07-10,510.35,706.8,547.0,2026-04-10,547.0,706.8,687.0,2026-01-09,687.0,697.5,593.4,2025-10-09,593.4,776.85,673.05,2025-07-10,673.05,796.8,568.85,2025-04-09,568.85,796.8,-9.76,-15.8,-22.06,-6.7,-25.71,-30.79,-20.38,-8.48,5.21,14.94,3.98,-0.62,-11.83,4.32,-20.84,18.32,4.05,-3.51,-12.88,-24.72,-12.89,1.0,,2025-10-09,OK,2026-10-10 12:55
IDBI,IDBI-EQ,1476,83.09,2026-10-09,118.38,2024-03-26,82.89,2026-07-10,82.89,118.38,74.01,2026-04-10,74.01,118.38,103.43,2026-01-09,103.43,118.38,91.4,2025-10-09,91.4,106.32,99.9,2025-07-10,99.9,107.9,78.79,2025-04-09,78.79,107.9,0.24,12.27,-10.77,12.0,-19.86,-24.99,-28.44,-20.81,25.83,10.67,4.47,28.91,-8.51,16.0,10.84,26.79,36.35,16.59,5.64,-5.35,-16.09,1.0,,2025-10-09,OK,2026-10-10 12:55
IDFCFIRSTB,IDFCFIRSTB-EQ,11184,79.52,2026-10-09,89.61,2024-03-26,80.83,2026-07-10,80.83,87.0,66.21,2026-04-10,66.21,87.0,86.0,2026-01-09,86.0,87.0,73.45,2025-10-09,73.45,78.45,76.63,2025-07-10,76.63,79.35,59.25,2025-04-09,59.25,86.1,-1.62,20.1,17.09,22.08,-6.01,-4.75,-23.01,-11.04,11.66,15.54,14.32,28.78,-4.15,23.97,1.57,29.33,22.86,-8.68,-5.43,-18.15,-31.38,1.0,,2025-10-09,OK,2026-10-10 12:55
IFCI,IFCI-EQ,1491,67.35,2026-10-09,107.5,2024-03-26,77.46,2026-07-10,77.46,95.8,57.25,2026-04-10,57.25,74.5,49.01,2026-01-09,49.01,74.5,57.79,2025-10-09,57.79,74.5,61.42,2025-07-10,61.42,91.4,39.85,2025-04-09,39.85,91.4,-13.05,17.64,53.94,35.3,58.05,16.95,16.81,-0.97,34.53,-15.22,-19.29,-16.95,-5.91,45.02,-16.76,54.13,6.78,8.17,-32.41,-37.36,-8.65,1.0,,2025-10-09,OK,2026-10-10 12:55
IIFL,IIFL-EQ,11809,597.7,2026-10-09,705.0,2024-03-26,552.7,2026-07-10,552.7,675.0,455.45,2026-04-10,455.45,675.0,649.3,2026-01-09,649.3,675.0,495.15,2025-10-09,495.15,538.15,520.9,2025-07-10,520.9,560.6,325.1,2025-04-09,325.1,560.6,8.14,31.23,22.22,21.35,-14.88,-4.72,-29.86,-7.05,47.91,32.51,24.93,31.18,-4.94,52.31,-2.88,60.23,21.34,-0.39,-25.2,-28.31,-27.42,1.0,,2025-10-09,OK,2026-10-10 12:55
INOXINDIA,INOXINDIA-EQ,20607,2056.9,2026-10-09,2339.5,2024-03-26,1978.0,2026-07-10,1978.0,2099.0,1305.1,2026-04-10,1305.1,1325.0,1125.9,2026-01-09,1125.9,1288.0,1180.4,2025-10-09,1180.4,1288.0,1250.3,2025-07-10,1250.3,1405.3,963.55,2025-04-09,963.55,1506.9,3.99,57.6,85.15,51.56,75.68,51.29,15.92,9.1,23.85,-5.88,-8.65,4.96,-5.59,22.51,3.42,29.76,14.51,-12.94,-10.82,-15.69,-28.47,1.0,,2025-10-09,OK,2026-10-10 12:55
IRB,IRB-EQ,15313,17.48,2026-10-09,23.95,2024-03-26,20.29,2026-07-10,20.29,24.5,21.66,2026-04-10,21.66,27.14,20.75,2026-01-09,20.75,30.44,21.16,2025-10-09,21.16,31.0,24.14,2025-07-10,24.14,36.0,22.8,2025-04-09,22.8,39.08,-13.85,-19.3,-9.88,-6.33,-2.22,-15.0,4.39,-0.23,-7.68,-4.42,-12.82,-24.46,-12.34,-7.19,-29.63,5.88,-13.04,-22.11,-20.39,-24.1,-37.98,1.0,,2025-10-09,OK,2026-10-10 12:55
IRCON,IRCON-EQ,4986,104.56,2026-10-09,186.44,2024-03-26,131.36,2026-07-10,131.36,195.25,136.51,2026-04-10,136.51,225.52,163.75,2026-01-09,163.75,229.5,177.82,2025-10-09,177.82,237.7,193.58,2025-07-10,193.58,351.6,145.69,2025-04-09,145.69,351.6,-20.4,-23.4,-35.28,-3.77,-19.78,-31.29,-16.64,-22.72,-5.85,-7.3,-14.36,-26.77,-8.14,22.05,-22.07,32.87,-5.28,-32.43,-29.39,-34.58,-35.61,1.0,,2025-10-09,OK,2026-10-10 12:55
ITCHOTELS,ITCHOTELS-EQ,29251,154.52,2026-10-09,226.63,2025-01-29,187.19,2026-07-10,187.19,261.62,154.99,2026-04-10,154.99,261.62,194.5,2026-01-09,194.5,261.62,214.26,2025-10-09,214.26,261.62,229.41,2025-07-10,229.41,235.0,192.03,2025-04-09,192.03,213.3,-17.45,-0.3,-27.51,20.78,-3.76,-34.41,-20.31,-28.01,-15.58,-9.66,-16.3,,-6.6,11.58,,19.47,,,,,,1.0,,2025-10-09,OK,2026-10-10 12:55
ITC,ITC-EQ,1660,266.0,2026-10-09,426.4,2024-03-26,281.75,2026-07-10,281.75,427.0,304.25,2026-04-10,304.25,444.2,337.15,2026-01-09,337.15,471.5,399.9,2025-10-09,399.9,471.5,416.85,2025-07-10,416.85,496.79,416.3,2025-04-09,416.3,496.79,-5.59,-12.57,-34.78,-7.4,-16.43,-31.95,-9.76,-24.47,-25.77,-16.3,-19.11,-10.43,-4.07,-3.94,-11.28,0.13,-7.39,0.62,-7.4,-9.93,2.86,1.0,,2025-10-09,OK,2026-10-10 12:55
ITI,ITI-EQ,1675,240.13,2026-10-09,358.45,2024-03-26,290.25,2026-07-10,290.25,372.85,292.46,2026-04-10,292.46,372.85,298.55,2026-01-09,298.55,468.0,337.7,2025-10-09,337.7,592.7,318.7,2025-07-10,318.7,592.7,252.44,2025-04-09,252.44,592.7,-17.27,-17.89,-20.8,-0.76,-2.78,-7.83,-2.04,-14.11,0.38,-12.32,-5.37,-31.57,5.96,33.77,25.64,26.25,-27.63,7.7,-47.35,2.64,-4.08,1.0,,2025-10-09,OK,2026-10-10 12:55
INDIACEM,INDIACEM-EQ,1515,297.45,2026-10-09,485.8,2024-03-26,380.5,2026-07-10,380.5,485.8,385.9,2026-04-10,385.9,485.8,464.6,2026-01-09,464.6,485.8,392.75,2025-10-09,392.75,412.8,348.55,2025-07-10,348.55,385.0,274.15,2025-04-09,274.15,385.0,-21.83,-22.92,-10.49,-1.4,-18.1,7.85,-16.94,-1.3,34.11,18.82,34.06,10.01,12.68,43.26,8.16,27.14,-7.47,17.44,-27.32,-24.29,27.75,1.0,,2025-10-09,OK,2026-10-10 12:55
INDIAMART,INDIAMART-EQ,10726,1606.8,2026-10-09,2525.9,2024-03-26,1924.0,2026-07-10,1924.0,2799.0,2100.0,2026-04-10,2100.0,2799.0,2144.5,2026-01-09,2144.5,2799.0,2412.2,2025-10-09,2412.2,3127.6,2586.2,2025-07-10,2586.2,3198.4,1993.8,2025-04-09,1993.8,3198.4,-16.49,-23.49,-30.69,-8.38,-10.28,-22.28,-2.08,-12.19,6.85,-10.32,-17.66,-3.77,-6.73,20.99,-14.14,29.71,11.36,-9.18,-13.3,-33.52,-21.6,1.0,,2025-10-09,OK,2026-10-10 12:55
INDIANB,INDIANB-EQ,14309,829.8,2026-10-09,1000.9,2024-03-26,870.7,2026-07-10,870.7,1000.9,967.75,2026-04-10,967.75,1000.0,832.9,2026-01-09,832.9,894.85,766.2,2025-10-09,766.2,773.6,631.25,2025-07-10,631.25,658.5,526.95,2025-04-09,526.95,632.7,-4.7,-14.25,11.81,-10.03,4.54,32.03,16.19,24.67,74.17,7.3,31.89,56.45,21.38,45.4,26.92,19.79,26.16,15.79,3.83,-0.18,-3.59,1.0,,2025-10-09,OK,2026-10-10 12:55
IEX,IEX-EQ,220,104.78,2026-10-09,160.27,2024-03-26,119.64,2026-07-10,119.64,209.99,129.99,2026-04-10,129.99,215.4,138.36,2026-01-09,138.36,215.4,140.42,2025-10-09,140.42,215.4,206.38,2025-07-10,206.38,244.4,177.4,2025-04-09,177.4,244.4,-12.42,-19.39,-16.0,-7.96,-13.53,-42.46,-6.05,-7.06,-30.75,-1.08,-32.97,-19.4,-31.96,-20.85,-29.79,16.34,19.27,19.24,2.02,-12.81,7.51,1.0,,2025-10-09,OK,2026-10-10 12:55
INDHOTEL,INDHOTEL-EQ,1512,715.65,2026-10-09,757.4,2024-03-26,752.3,2026-07-10,752.3,811.95,641.5,2026-04-10,641.5,853.35,693.1,2026-01-09,693.1,858.0,732.15,2025-10-09,732.15,894.9,743.35,2025-07-10,743.35,894.9,768.2,2025-04-09,768.2,894.9,-4.87,11.56,-1.28,17.27,8.54,-10.43,-7.44,-12.79,-18.76,-5.77,-5.73,-12.67,-1.51,-4.69,11.8,-3.23,-9.66,27.84,-7.99,10.75,24.1,1.0,,2025-10-09,OK,2026-10-10 12:55
IOC,IOC-EQ,1624,126.35,2026-10-09,188.96,2024-03-26,138.96,2026-07-10,138.96,188.96,142.96,2026-04-10,142.96,188.96,157.61,2026-01-09,157.61,174.5,155.25,2025-10-09,155.25,171.65,152.33,2025-07-10,152.33,185.97,131.62,2025-04-09,131.62,185.97,-9.07,-11.62,-12.66,-2.8,-11.83,-10.14,-9.3,-7.24,22.04,2.27,4.62,23.35,1.92,17.95,-14.45,15.73,15.23,-17.28,-2.21,-20.1,-28.01,1.0,,2025-10-09,OK,2026-10-10 12:55
IOB,IOB-EQ,9348,30.58,2026-10-09,41.8,2024-03-26,34.58,2026-07-10,34.58,41.8,34.7,2026-04-10,34.7,42.8,35.08,2026-01-09,35.08,54.54,39.14,2025-10-09,39.14,59.94,39.26,2025-07-10,39.26,72.6,35.18,2025-04-09,35.18,75.55,-11.57,-11.87,-15.74,-0.35,-1.43,-15.28,-1.08,-13.75,-4.6,-12.8,-9.8,-26.63,-0.31,11.26,-29.11,11.6,-21.39,-37.6,-30.71,-35.92,-33.57,1.0,,2025-10-09,OK,2026-10-10 12:55
IRCTC,IRCTC-EQ,13611,458.8,2026-10-09,735.75,2024-03-26,503.25,2026-07-10,503.25,783.7,542.3,2026-04-10,542.3,820.25,637.65,2026-01-09,637.65,831.75,709.8,2025-10-09,709.8,900.4,784.2,2025-07-10,784.2,1059.45,715.2,2025-04-09,715.2,1138.9,-8.83,-15.4,-33.85,-7.2,-21.08,-34.67,-14.95,-24.23,-25.31,-10.91,-17.58,-12.56,-9.49,-0.76,-18.91,9.65,2.67,-22.8,-7.1,-18.69,-31.74,1.0,,2025-10-09,OK,2026-10-10 12:55
IRFC,IRFC-EQ,2029,74.7,2026-10-09,137.17,2024-03-26,89.9,2026-07-10,89.9,138.0,100.26,2026-04-10,100.26,148.95,121.25,2026-01-09,121.25,155.52,125.07,2025-10-09,125.07,166.9,137.13,2025-07-10,137.13,229.0,123.06,2025-04-09,123.06,229.0,-16.91,-25.49,-34.92,-10.33,-25.86,-30.87,-17.31,-20.74,-19.35,-4.15,-10.37,-20.12,-8.79,1.63,-18.67,11.43,-2.37,-28.71,-14.4,-19.82,-18.65,1.0,,2025-10-09,OK,2026-10-10 12:55
IREDA,IREDA-EQ,20261,104.4,2026-10-09,158.7,2024-03-26,126.4,2026-07-10,126.4,163.55,123.72,2026-04-10,123.72,186.58,136.61,2026-01-09,136.61,222.86,148.85,2025-10-09,148.85,239.9,169.64,2025-07-10,169.64,310.0,151.62,2025-04-09,151.62,310.0,-17.41,-15.62,-24.76,2.17,-7.47,-28.92,-9.44,-18.04,-24.28,-9.51,-14.62,-38.44,-12.26,-1.83,-37.23,11.88,-21.5,-26.21,-32.12,-34.4,-14.95,1.0,,2025-10-09,OK,2026-10-10 12:55
IGL,IGL-EQ,11262,146.15,2026-10-09,219.1,2024-03-26,154.06,2026-07-10,154.06,223.5,161.33,2026-04-10,161.33,229.0,186.83,2026-01-09,186.83,229.0,218.52,2025-10-09,218.52,271.0,220.62,2025-07-10,220.62,285.18,174.88,2025-04-09,174.88,285.18,-5.13,-9.41,-30.02,-4.51,-17.54,-26.49,-13.65,-25.37,-6.98,-13.58,-14.45,-11.92,-0.95,24.95,-21.4,26.16,5.18,-19.0,-14.16,-34.32,-23.07,1.0,,2025-10-09,OK,2026-10-10 12:55
INDUSTOWER,INDUSTOWER-EQ,29135,380.85,2026-10-09,481.5,2024-03-26,406.15,2026-07-10,406.15,481.5,437.85,2026-04-10,437.85,481.5,433.4,2026-01-09,433.4,454.95,354.85,2025-10-09,354.85,430.0,402.2,2025-07-10,402.2,460.35,370.6,2025-04-09,370.6,460.35,-6.23,-13.02,5.31,-7.24,-6.29,2.72,1.03,23.79,18.39,22.53,7.17,22.2,-11.77,-4.25,-7.12,8.53,21.58,2.73,12.18,-0.78,0.67,1.0,,2025-10-09,OK,2026-10-10 12:55
INDUSINDBK,INDUSINDBK-EQ,5258,861.65,2026-10-09,1077.85,2024-03-26,1015.8,2026-07-10,1015.8,1038.0,830.9,2026-04-10,830.9,968.85,882.25,2026-01-09,882.25,1086.55,749.15,2025-10-09,749.15,1374.45,852.85,2025-07-10,852.85,1498.0,678.55,2025-04-09,678.55,1564.85,-15.18,3.7,34.02,22.25,15.14,3.65,-5.82,8.85,29.27,15.58,2.72,-14.99,-12.16,10.4,-44.38,25.69,-13.05,-40.74,-30.83,-49.42,-42.09,1.0,,2025-10-09,OK,2026-10-10 12:55
NAUKRI,NAUKRI-EQ,13751,1219.0,2026-10-09,1419.9,2024-03-26,1204.05,2026-07-10,1204.05,1485.0,990.9,2026-04-10,990.9,1550.0,1320.3,2026-01-09,1320.3,1637.0,1346.5,2025-10-09,1346.5,1825.78,1420.1,2025-07-10,1420.1,1825.78,1281.35,2025-04-09,1281.35,1825.78,1.24,23.02,-5.9,21.51,-8.8,-31.61,-24.95,-25.67,-25.35,-0.96,-3.99,-15.54,-5.18,5.08,-19.6,10.83,-10.68,13.16,-22.22,-23.66,5.75,1.0,,2025-10-09,OK,2026-10-10 12:55
INFY,INFY-EQ,1594,1023.4,2026-10-09,1728.0,2024-03-26,1068.0,2026-07-10,1068.0,1728.0,1292.5,2026-04-10,1292.5,1728.0,1614.1,2026-01-09,1614.1,1982.8,1509.3,2025-10-09,1509.3,2006.45,1615.8,2025-07-10,1615.8,2006.45,1403.7,2025-04-09,1403.7,2006.45,-4.18,-20.82,-31.43,-17.37,-33.83,-29.12,-19.92,-14.68,-9.08,6.55,1.2,-17.34,-6.59,7.52,-22.97,15.11,-15.73,-3.17,-27.39,-28.12,13.82,1.0,,2025-10-09,OK,2026-10-10 12:55
INOXWIND,INOXWIND-EQ,7852,66.65,2026-10-09,159.3,2024-03-26,82.61,2026-07-10,82.61,176.14,86.88,2026-04-10,86.88,198.13,113.79,2026-01-09,113.79,198.13,146.99,2025-10-09,146.99,227.61,176.19,2025-07-10,176.19,258.16,139.14,2025-04-09,139.14,258.16,-19.32,-23.28,-47.35,-4.91,-27.4,-53.05,-23.65,-42.11,-40.88,-24.18,-34.5,-25.4,-16.57,5.64,-33.33,26.63,9.72,17.02,-16.47,-36.78,19.94,1.0,,2025-10-09,OK,2026-10-10 12:55
INTELLECT,INTELLECT-EQ,5926,584.1,2026-10-09,1244.6,2024-03-26,758.75,2026-07-10,758.75,1244.6,679.5,2026-04-10,679.5,1255.0,919.5,2026-01-09,919.5,1255.0,974.95,2025-10-09,974.95,1255.0,1147.3,2025-07-10,1147.3,1255.0,612.35,2025-04-09,612.35,1143.15,-23.02,-14.04,-29.75,11.66,-17.48,-34.94,-26.1,-32.6,8.15,-8.79,-20.18,12.44,-15.02,59.21,7.25,87.36,26.63,10.79,-33.85,-31.58,-36.53,1.0,,2025-10-09,OK,2026-10-10 12:55
INDIGO,INDIGO-EQ,11195,4833.0,2026-10-09,5970.0,2024-03-26,5312.0,2026-07-10,5312.0,6232.5,4554.2,2026-04-10,4554.2,6232.5,4844.0,2026-01-09,4844.0,6232.5,5724.5,2025-10-09,5724.5,6232.5,5840.0,2025-07-10,5840.0,6018.0,5193.75,2025-04-09,5193.75,5265.0,-9.02,6.12,-13.09,16.64,9.66,-22.52,-5.98,-20.59,-16.23,-15.54,-18.14,12.79,-1.98,10.22,19.74,12.44,37.07,30.78,21.86,10.31,27.34,1.0,,2025-10-09,OK,2026-10-10 12:55
IGIL,IGIL-EQ,28378,309.05,2026-10-09,388.3,2024-12-20,346.9,2026-07-10,346.9,442.0,340.05,2026-04-10,340.05,442.0,310.0,2026-01-09,310.0,613.4,345.15,2025-10-09,345.15,642.3,390.3,2025-07-10,390.3,642.3,327.85,2025-04-09,327.85,642.3,-10.91,-9.12,-9.75,2.01,11.9,-7.71,9.69,-2.13,-0.08,-10.78,-19.51,-45.65,-11.57,5.28,,19.05,-35.26,,-47.16,,,1.0,,2025-10-09,OK,2026-10-10 12:55
IKS,IKS-EQ,28125,1716.6,2026-10-09,1970.0,2024-12-19,1928.1,2026-07-10,1928.1,1933.0,1539.7,2026-04-10,1539.7,1876.0,1657.7,2026-01-09,1657.7,1992.2,1527.6,2025-10-09,1527.6,2189.0,1580.4,2025-07-10,1580.4,2189.0,1333.05,2025-04-09,1333.05,2189.0,-10.97,11.49,17.31,25.23,16.31,6.21,-7.12,0.53,3.25,8.23,4.57,-19.86,-3.34,14.59,,18.56,-19.12,,-31.53,,,1.0,,2025-10-09,OK,2026-10-10 12:55
IPCALAB,IPCALAB-EQ,1633,1915.4,2026-10-09,2038.0,2024-03-26,1787.9,2026-07-10,1787.9,1812.5,1456.2,2026-04-10,1456.2,1624.0,1575.0,2026-01-09,1575.0,1672.4,1339.5,2025-10-09,1339.5,1755.9,1444.4,2025-07-10,1444.4,1755.9,1294.85,2025-04-09,1294.85,1755.9,7.13,31.53,46.59,22.78,13.52,12.86,-7.54,9.12,18.46,18.02,8.65,-12.33,-7.26,3.45,-18.12,11.55,-13.09,11.8,-23.56,-19.68,0.37,1.0,,2025-10-09,OK,2026-10-10 12:55
JKCEMENT,JKCEMENT-EQ,13270,4874.0,2026-10-09,6764.5,2024-03-26,5398.5,2026-07-10,5398.5,7565.5,5719.5,2026-04-10,5719.5,7565.5,5718.0,2026-01-09,5718.0,7565.5,6581.0,2025-10-09,6581.0,7565.5,6410.0,2025-07-10,6410.0,6513.5,4884.9,2025-04-09,4884.9,5112.5,-9.72,-14.78,-24.17,-5.61,-5.59,-24.88,0.03,-13.62,5.45,-13.64,-11.31,15.67,2.67,34.72,54.56,31.22,35.27,31.34,2.77,12.81,1.75,1.0,,2025-10-09,OK,2026-10-10 12:55
JBMA,JBMA-EQ,11655,528.6,2026-10-09,738.5,2024-03-26,684.7,2026-07-10,684.7,790.0,611.45,2026-04-10,611.45,790.0,613.7,2026-01-09,613.7,824.0,652.85,2025-10-09,652.85,900.0,648.8,2025-07-10,648.8,1123.1,587.0,2025-04-09,587.0,1169.38,-22.8,-13.55,-5.91,11.98,11.57,2.79,-0.37,-7.99,-12.8,-7.65,-4.51,-25.19,0.62,11.22,-29.18,10.53,-13.12,-34.43,-22.61,-33.67,-40.53,1.0,,2025-10-09,OK,2026-10-10 12:55
JKTYRE,JKTYRE-EQ,14435,333.4,2026-10-09,611.9,2024-03-26,410.3,2026-07-10,410.3,611.9,432.9,2026-04-10,432.9,611.9,506.5,2026-01-09,506.5,524.7,380.8,2025-10-09,380.8,424.0,369.8,2025-07-10,369.8,511.0,272.15,2025-04-09,272.15,511.0,-18.74,-22.98,-6.45,-5.22,-18.99,-1.65,-14.53,13.24,59.75,32.49,39.57,20.08,2.97,39.92,-11.84,35.88,-0.22,-16.53,-27.44,-32.61,-35.19,1.0,,2025-10-09,OK,2026-10-10 12:55
JMFINANCIL,JMFINANCIL-EQ,13637,117.82,2026-10-09,182.5,2024-03-26,124.61,2026-07-10,124.61,199.8,134.04,2026-04-10,134.04,199.8,138.88,2026-01-09,138.88,199.8,176.33,2025-10-09,176.33,199.8,169.05,2025-07-10,169.05,174.0,91.63,2025-04-09,91.63,168.75,-5.45,-12.1,-28.13,-7.04,-10.28,-30.23,-3.49,-21.55,32.81,-18.72,-17.06,14.34,4.31,92.44,34.95,84.49,37.26,64.16,-24.83,-35.17,10.81,1.0,,2025-10-09,OK,2026-10-10 12:55
JSWCEMENT,JSWCEMENT-EQ,758460,112.43,2026-10-09,143.4,2025-08-14,138.22,2026-07-10,138.22,162.15,127.43,2026-04-10,127.43,162.15,118.43,2026-01-09,118.43,162.15,137.98,2025-10-09,137.98,162.15,,,,,,,,,-18.66,-11.77,-12.52,8.47,16.71,,7.6,-9.42,,-15.82,,,,,,,,,,,,1.0,,2025-10-09,OK,2026-10-10 12:55
JSWENERGY,JSWENERGY-EQ,17869,462.3,2026-10-09,617.35,2024-03-26,553.45,2026-07-10,553.45,617.35,488.85,2026-04-10,488.85,557.4,490.25,2026-01-09,490.25,582.0,542.8,2025-10-09,542.8,776.9,530.55,2025-07-10,530.55,804.9,482.3,2025-04-09,482.3,804.9,-16.47,-5.43,-1.47,13.21,12.89,5.67,-0.29,-10.47,1.18,-10.21,-6.39,-19.1,2.31,12.54,-30.68,10.0,-4.86,-26.39,-16.75,-33.94,-17.57,1.0,,2025-10-09,OK,2026-10-10 12:55
JSWINFRA,JSWINFRA-EQ,19020,338.75,2026-10-09,375.5,2024-03-26,330.05,2026-07-10,330.05,349.0,265.98,2026-04-10,265.98,349.0,268.65,2026-01-09,268.65,349.0,307.05,2025-10-09,307.05,349.0,312.4,2025-07-10,312.4,355.0,291.0,2025-04-09,291.0,360.95,2.64,27.36,11.19,24.09,22.86,-10.82,-0.99,-13.36,-10.81,-12.49,-15.27,-15.43,-1.71,5.52,-2.26,7.35,-0.53,-9.63,-8.69,-9.15,8.85,1.0,,2025-10-09,OK,2026-10-10 12:55
JSWSTEEL,JSWSTEEL-EQ,11723,1168.0,2026-10-09,1351.0,2024-03-26,1245.4,2026-07-10,1245.4,1328.0,1214.8,2026-04-10,1214.8,1284.7,1158.8,2026-01-09,1158.8,1223.9,1175.2,2025-10-09,1175.2,1178.8,1043.3,2025-07-10,1043.3,1074.9,945.55,2025-04-09,945.55,1074.9,-6.21,-3.85,11.47,2.52,7.47,21.71,4.83,4.02,24.67,-0.77,11.72,23.1,12.64,24.29,11.06,10.34,17.1,8.4,4.79,-4.92,15.88,1.0,,2025-10-09,OK,2026-10-10 12:55
JAINREC,JAINREC-EQ,759244,288.7,2026-10-09,593.95,2025-10-01,340.65,2026-07-10,340.65,593.95,426.8,2026-04-10,426.8,476.9,395.85,2026-01-09,395.85,461.0,342.45,2025-10-09,342.45,356.6,,,,,,,,,-15.25,-32.36,-13.61,-20.19,-13.94,,7.82,22.99,,14.07,,,,,,,,,,,,1.0,,2025-10-09,OK,2026-10-10 12:55
JPPOWER,JPPOWER-EQ,11763,14.53,2026-10-09,24.5,2024-03-26,17.02,2026-07-10,17.02,27.7,17.2,2026-04-10,17.2,27.7,16.85,2026-01-09,16.85,27.7,17.95,2025-10-09,17.95,27.7,23.03,2025-07-10,23.03,23.84,14.43,2025-04-09,14.43,23.77,-14.63,-15.52,-8.64,-1.05,1.01,-21.84,2.08,-6.88,-5.34,-8.77,-28.69,8.77,-22.06,24.39,-13.01,59.6,36.51,-5.12,-15.81,-34.79,-21.45,1.0,,2025-10-09,OK,2026-10-10 12:55
J&KBANK,J&KBANK-EQ,5633,138.23,2026-10-09,201.75,2024-03-26,192.65,2026-07-10,192.65,201.75,123.22,2026-04-10,123.22,128.48,100.58,2026-01-09,100.58,117.25,102.97,2025-10-09,102.97,117.25,111.45,2025-07-10,111.45,123.7,91.41,2025-04-09,91.41,147.2,-28.25,12.18,41.6,56.35,91.54,38.46,22.51,14.61,37.2,-6.45,-7.51,5.03,-7.61,12.65,0.82,21.92,16.7,3.76,-5.59,-8.0,-31.69,1.0,,2025-10-09,OK,2026-10-10 12:55
JINDALSAW,JINDALSAW-EQ,3024,269.6,2026-10-09,320.0,2024-03-26,275.8,2026-07-10,275.8,278.95,204.87,2026-04-10,204.87,273.9,161.44,2026-01-09,161.44,286.4,203.36,2025-10-09,203.36,378.15,229.4,2025-07-10,229.4,383.85,245.3,2025-04-09,245.3,383.85,-2.25,31.6,53.27,34.62,70.84,-1.85,26.9,-0.7,-19.27,-21.75,-28.16,-38.03,-11.35,-17.1,-45.33,-6.48,-11.31,-11.31,-8.61,-33.57,4.08,1.0,,2025-10-09,OK,2026-10-10 12:55
JSL,JSL-EQ,11236,709.05,2026-10-09,884.0,2024-03-26,716.4,2026-07-10,716.4,884.0,780.85,2026-04-10,780.85,884.0,772.15,2026-01-09,772.15,884.0,770.15,2025-10-09,770.15,818.95,681.8,2025-07-10,681.8,804.4,512.6,2025-04-09,512.6,848.0,-1.03,-9.2,1.71,-8.25,-7.22,-2.92,1.13,1.05,43.69,-0.07,12.8,24.5,12.96,50.24,3.43,33.01,7.85,-8.57,-20.58,-31.06,-8.35,1.0,,2025-10-09,OK,2026-10-10 12:55
JINDALSTEL,JINDALSTEL-EQ,6733,1016.7,2026-10-09,1306.2,2024-03-26,1051.3,2026-07-10,1051.3,1306.2,1219.2,2026-04-10,1219.2,1272.1,1010.3,2026-01-09,1010.3,1098.0,1040.3,2025-10-09,1040.3,1087.6,944.55,2025-07-10,944.55,1073.7,786.9,2025-04-09,786.9,1097.0,-3.29,-16.61,10.21,-13.77,4.06,18.69,20.68,20.09,50.85,-0.48,7.66,7.99,10.14,32.2,3.46,20.03,1.4,-3.39,-16.51,-21.27,0.3,1.0,,2025-10-09,OK,2026-10-10 12:55
JIOFIN,JIOFIN-EQ,18143,214.62,2026-10-09,316.85,2024-03-26,241.96,2026-07-10,241.96,338.6,243.2,2026-04-10,243.2,338.6,287.25,2026-01-09,287.25,338.6,307.35,2025-10-09,307.35,347.5,331.65,2025-07-10,331.65,363.0,220.92,2025-04-09,220.92,394.7,-11.3,-11.75,-24.84,-0.51,-15.77,-30.6,-15.34,-21.08,8.05,-6.78,-11.83,0.55,-7.33,39.12,-10.22,50.12,14.66,-12.98,-26.01,-35.59,-41.12,1.0,,2025-10-09,OK,2026-10-10 12:55
JUBLFOOD,JUBLFOOD-EQ,18096,422.75,2026-10-09,622.95,2024-03-26,438.05,2026-07-10,438.05,695.5,445.0,2026-04-10,445.0,727.95,521.75,2026-01-09,521.75,760.5,599.15,2025-10-09,599.15,796.75,688.0,2025-07-10,688.0,796.75,685.05,2025-04-09,685.05,796.75,-3.49,-5.0,-20.56,-1.56,-16.04,-38.22,-14.71,-26.12,-30.92,-13.37,-23.11,-21.74,-12.91,-12.54,5.5,0.43,-7.73,19.83,-8.71,8.88,34.22,1.0,,2025-10-09,OK,2026-10-10 12:55
JUBLINGREA,JUBLINGREA-EQ,2783,625.8,2026-10-09,795.0,2024-03-26,722.3,2026-07-10,722.3,851.8,648.1,2026-04-10,648.1,851.8,690.0,2026-01-09,690.0,851.8,648.25,2025-10-09,648.25,885.0,813.05,2025-07-10,813.05,885.0,595.8,2025-04-09,595.8,885.0,-13.36,-3.44,3.78,11.45,4.68,-23.79,-6.07,-0.48,-4.25,5.96,-14.56,-12.09,-20.27,8.8,-2.55,36.46,7.43,19.6,-24.47,-18.57,36.58,1.0,,2025-10-09,OK,2026-10-10 12:55
JWL,JWL-EQ,20224,214.4,2026-10-09,358.25,2024-03-26,256.8,2026-07-10,256.8,376.8,268.16,2026-04-10,268.16,457.0,293.65,2026-01-09,293.65,522.0,335.8,2025-10-09,335.8,588.0,375.25,2025-07-10,375.25,727.7,361.45,2025-04-09,361.45,748.1,-16.51,-20.05,-28.23,-4.24,-12.55,-27.82,-8.68,-19.81,-23.96,-12.19,-20.8,-46.04,-10.51,-7.1,-36.06,3.82,-19.88,-40.41,-24.85,-27.74,-20.75,1.0,,2025-10-09,OK,2026-10-10 12:55
JYOTICNC,JYOTICNC-EQ,21334,999.7,2026-10-09,1134.6,2024-03-26,796.55,2026-07-10,796.55,1084.0,819.2,2026-04-10,819.2,1330.0,926.9,2026-01-09,926.9,1330.0,914.0,2025-10-09,914.0,1504.3,1030.0,2025-07-10,1030.0,1504.3,967.9,2025-04-09,967.9,1504.3,25.5,22.03,10.4,-2.76,-14.06,-37.88,-11.62,-15.06,-20.35,-3.89,-8.7,-27.34,-11.26,-5.57,-18.6,6.42,-21.5,1.42,-29.14,-13.52,32.11,1.0,,2025-10-09,OK,2026-10-10 12:55
KPRMILL,KPRMILL-EQ,14912,1053.8,2026-10-09,1334.0,2024-03-26,1110.1,2026-07-10,1110.1,1334.0,871.95,2026-04-10,871.95,1389.0,828.55,2026-01-09,828.55,1389.0,1004.4,2025-10-09,1004.4,1389.0,1201.1,2025-07-10,1201.1,1389.0,925.3,2025-04-09,925.3,1194.0,-5.07,20.86,13.53,27.31,33.98,-12.95,5.24,-13.18,-12.36,-17.5,-30.97,1.16,-16.38,8.55,5.53,29.81,24.04,28.57,-6.4,-2.02,5.99,1.0,,2025-10-09,OK,2026-10-10 12:55
KEI,KEI-EQ,13310,4585.0,2026-10-09,5899.0,2024-03-26,5149.5,2026-07-10,5149.5,5708.0,4459.0,2026-04-10,4459.0,5303.0,4328.8,2026-01-09,4328.8,4587.3,4250.8,2025-10-09,4250.8,4725.0,3696.6,2025-07-10,3696.6,4779.9,2599.7,2025-04-09,2599.7,5039.7,-10.96,2.83,9.85,15.49,18.96,39.76,3.01,4.23,66.21,1.18,19.84,-6.07,14.99,63.51,-8.37,42.19,-12.05,-16.14,-39.04,-40.85,-18.1,1.0,,2025-10-09,OK,2026-10-10 12:55
KPITTECH,KPITTECH-EQ,9683,479.0,2026-10-09,1284.9,2024-03-26,561.75,2026-07-10,561.75,1328.0,716.45,2026-04-10,716.45,1434.5,1182.4,2026-01-09,1182.4,1479.0,1162.4,2025-10-09,1162.4,1822.9,1253.2,2025-07-10,1253.2,1928.7,1078.35,2025-04-09,1078.35,1928.7,-14.73,-33.14,-52.42,-21.59,-52.49,-41.51,-39.41,-37.92,-36.69,2.45,-6.78,-16.18,-7.25,7.79,-28.78,16.21,-12.37,-19.49,-24.5,-38.08,-16.26,1.0,,2025-10-09,OK,2026-10-10 12:55
KSB,KSB-EQ,1949,784.55,2026-10-09,1028.3,2024-03-26,940.25,2026-07-10,940.25,1028.3,893.25,2026-04-10,893.25,912.0,763.7,2026-01-09,763.7,912.0,802.2,2025-10-09,802.2,958.0,841.55,2025-07-10,841.55,1060.0,705.7,2025-04-09,705.7,1060.0,-16.56,-12.17,0.56,5.26,23.12,-2.57,16.96,11.22,8.26,-4.91,-13.19,-2.43,-4.68,13.67,-8.94,19.25,11.77,-11.38,-5.76,-20.71,-19.34,1.0,,2025-10-09,OK,2026-10-10 12:55
KAJARIACER,KAJARIACER-EQ,1808,1215.4,2026-10-09,1293.8,2024-03-26,1218.0,2026-07-10,1218.0,1321.9,1120.7,2026-04-10,1120.7,1321.9,995.1,2026-01-09,995.1,1321.9,1209.8,2025-10-09,1209.8,1416.9,1195.4,2025-07-10,1195.4,1578.7,779.45,2025-04-09,779.45,1578.7,-0.21,8.45,2.43,8.68,22.4,-10.71,12.62,-9.77,22.9,-19.88,-15.62,-3.34,1.2,55.21,-11.43,53.36,10.47,-25.46,-26.52,-44.33,-30.12,1.0,,2025-10-09,OK,2026-10-10 12:55
KPIL,KPIL-EQ,1814,1391.9,2026-10-09,1490.0,2024-03-26,1352.0,2026-07-10,1352.0,1479.6,1183.3,2026-04-10,1183.3,1335.6,1115.6,2026-01-09,1115.6,1335.6,1253.7,2025-10-09,1253.7,1352.85,1199.2,2025-07-10,1199.2,1449.0,887.6,2025-04-09,887.6,1449.0,2.95,17.63,12.35,14.26,21.19,6.18,6.07,-5.32,28.58,-10.74,-6.39,-6.26,4.54,41.25,-4.02,35.11,-3.83,-13.09,-28.73,-32.95,-21.0,1.0,,2025-10-09,OK,2026-10-10 12:55
KALYANKJIL,KALYANKJIL-EQ,2955,554.0,2026-10-09,648.95,2024-03-26,476.15,2026-07-10,476.15,617.7,449.15,2026-04-10,449.15,617.7,506.9,2026-01-09,506.9,661.6,482.95,2025-10-09,482.95,795.4,587.8,2025-07-10,587.8,795.4,494.05,2025-04-09,494.05,795.4,16.35,23.34,25.81,6.01,-6.07,-42.38,-11.39,-7.36,-20.96,4.55,-12.93,-30.47,-17.84,-2.25,-30.67,18.98,-11.28,8.57,-30.06,-31.53,-4.28,1.0,,2025-10-09,OK,2026-10-10 12:55
KARURVYSYA,KARURVYSYA-EQ,1838,339.9,2026-10-09,358.65,2024-03-26,305.65,2026-07-10,305.65,343.45,281.7,2026-04-10,281.7,343.45,263.65,2026-01-09,263.65,280.45,222.36,2025-10-09,222.36,231.25,226.54,2025-07-10,226.54,231.25,169.93,2025-04-09,169.93,205.0,11.21,20.66,53.18,8.5,15.93,20.38,6.85,24.32,79.46,16.36,17.55,36.94,-1.85,30.85,23.92,33.31,28.66,23.7,-3.94,2.81,4.71,1.0,,2025-10-09,OK,2026-10-10 12:55
KAYNES,KAYNES-EQ,12092,3264.0,2026-10-09,7183.0,2024-03-26,3336.1,2026-07-10,3336.1,7705.0,3896.3,2026-04-10,3896.3,7705.0,3659.5,2026-01-09,3659.5,7705.0,7102.5,2025-10-09,7102.5,7822.0,6164.5,2025-07-10,6164.5,7822.0,4833.55,2025-04-09,4833.55,7822.0,-2.16,-16.23,-49.1,-14.38,-8.84,-50.15,6.47,-45.14,-22.91,-48.47,-38.99,-42.21,15.22,46.94,31.7,27.54,-8.43,36.6,-30.66,-10.35,70.24,1.0,,2025-10-09,OK,2026-10-10 12:55
KEC,KEC-EQ,13260,369.85,2026-10-09,893.0,2024-03-26,504.85,2026-07-10,504.85,937.8,573.65,2026-04-10,573.65,947.0,689.95,2026-01-09,689.95,1014.05,855.2,2025-10-09,855.2,1313.25,892.35,2025-07-10,892.35,1313.25,658.0,2025-04-09,658.0,1313.25,-26.74,-35.53,-54.02,-11.99,-26.83,-44.56,-16.86,-32.81,-16.76,-19.19,-20.2,-32.66,-4.16,29.97,-12.73,35.62,-11.86,4.46,-37.3,-34.68,-7.8,1.0,,2025-10-09,OK,2026-10-10 12:55
KFINTECH,KFINTECH-EQ,13359,842.35,2026-10-09,1215.0,2024-03-26,901.1,2026-07-10,901.1,1308.3,911.45,2026-04-10,911.45,1388.5,1061.3,2026-01-09,1061.3,1478.6,1050.8,2025-10-09,1050.8,1641.35,1291.9,2025-07-10,1291.9,1641.35,1025.95,2025-04-09,1025.95,1641.35,-6.52,-7.58,-13.59,-1.14,-15.09,-36.59,-14.12,-15.02,-9.66,-1.04,-16.64,-29.35,-18.66,2.42,6.77,25.92,-11.03,66.47,-29.02,-0.36,41.55,1.0,,2025-10-09,OK,2026-10-10 12:55
KIRLOSBROS,KIRLOSBROS-EQ,18581,1690.1,2026-10-09,2189.2,2024-03-26,1920.5,2026-07-10,1920.5,2287.7,1588.3,2026-04-10,1588.3,2475.0,1598.1,2026-01-09,1598.1,2475.0,1948.4,2025-10-09,1948.4,2475.0,2257.6,2025-07-10,2257.6,2486.2,1554.3,2025-04-09,1554.3,2684.0,-12.0,6.41,-5.04,20.92,20.17,-23.6,-0.61,-18.39,2.46,-17.88,-27.15,-26.76,-13.7,25.36,12.59,45.25,5.87,-21.1,-30.16,-11.09,39.07,1.0,,2025-10-09,OK,2026-10-10 12:55
KIRLOSENG,KIRLOSENG-EQ,20936,2210.4,2026-10-09,2720.0,2024-03-26,2491.9,2026-07-10,2491.9,2720.0,1473.2,2026-04-10,1473.2,1530.0,1156.9,2026-01-09,1156.9,1329.0,880.35,2025-10-09,880.35,1248.85,918.1,2025-07-10,918.1,1404.85,701.45,2025-04-09,701.45,1450.0,-11.3,50.04,152.16,69.15,115.39,98.0,27.34,65.32,106.77,29.83,26.46,15.08,-4.11,25.5,-24.58,30.89,-5.03,-34.05,-29.2,-38.7,-27.41,1.0,,2025-10-09,OK,2026-10-10 12:55
KOTAKBANK,KOTAKBANK-EQ,1922,441.0,2026-10-09,453.2,2024-03-26,377.6,2026-07-10,377.6,453.2,374.55,2026-04-10,374.55,460.38,425.36,2026-01-09,425.36,460.38,428.92,2025-10-09,428.92,460.38,440.76,2025-07-10,440.76,460.38,410.54,2025-04-09,410.54,440.5,16.79,17.74,-3.48,0.81,-11.23,-11.95,-11.95,-12.9,-6.66,-1.08,-4.22,18.95,-2.69,4.48,8.86,7.36,23.1,17.56,16.06,13.99,7.93,1.0,,2025-10-09,OK,2026-10-10 12:55
KIMS,KIMS-EQ,4847,705.5,2026-10-09,858.0,2024-03-26,814.9,2026-07-10,814.9,858.0,664.25,2026-04-10,664.25,798.4,620.15,2026-01-09,620.15,798.4,690.3,2025-10-09,690.3,798.4,713.9,2025-07-10,713.9,715.7,594.15,2025-04-09,594.15,674.3,-13.42,6.21,10.32,22.68,31.4,6.9,7.11,-5.19,13.76,-11.48,-12.64,1.45,-3.31,16.18,39.85,20.15,9.2,49.97,-10.1,11.07,28.21,1.0,,2025-10-09,OK,2026-10-10 12:55
LTF,LTF-EQ,24948,261.2,2026-10-09,338.6,2024-03-26,321.25,2026-07-10,321.25,338.6,278.43,2026-04-10,278.43,329.45,299.7,2026-01-09,299.7,329.45,260.24,2025-10-09,260.24,264.7,206.77,2025-07-10,206.77,211.2,153.34,2025-04-09,153.34,194.25,-18.69,-6.19,19.27,15.38,7.19,25.91,-7.1,8.74,73.89,17.05,46.49,113.0,25.86,69.71,38.1,34.84,44.9,7.94,6.93,-9.49,-16.09,1.0,,2025-10-09,OK,2026-10-10 12:55
LTTS,LTTS-EQ,18564,3270.1,2026-10-09,4726.0,2024-03-26,3278.2,2026-07-10,3278.2,4726.0,3446.5,2026-04-10,3446.5,4726.0,4375.6,2026-01-09,4375.6,5645.0,4274.6,2025-10-09,4274.6,5645.0,4349.2,2025-07-10,4349.2,6000.0,4089.55,2025-04-09,4089.55,6000.0,-0.25,-5.12,-21.3,-4.88,-25.08,-23.48,-21.23,-20.17,-24.26,1.36,-0.79,-5.87,-1.72,4.52,-21.47,6.35,-10.87,-10.95,-16.65,-21.63,-17.37,1.0,,2025-10-09,OK,2026-10-10 12:55
LGEINDIA,LGEINDIA-EQ,760213,1757.0,2026-10-09,1825.0,2025-10-14,1564.7,2026-07-10,1564.7,1749.0,1477.7,2026-04-10,1477.7,1749.0,1403.3,2026-01-09,1403.3,1749.0,,,,,,,,,,,,,12.29,18.9,,5.89,11.5,,5.3,,,,,,,,,,,,,,,,,2025-10-09,NOT LISTED ON BACK DATE,2026-10-10 12:55
LICHSGFIN,LICHSGFIN-EQ,1997,551.65,2026-10-09,598.2,2024-03-26,549.15,2026-07-10,549.15,646.5,531.65,2026-04-10,531.65,646.5,527.9,2026-01-09,527.9,646.5,560.5,2025-10-09,560.5,657.6,605.5,2025-07-10,605.5,826.75,556.35,2025-04-09,556.35,826.75,0.46,3.76,-0.98,3.29,4.03,-10.65,0.71,-6.47,-9.16,-7.13,-12.69,-7.33,-7.43,0.75,-9.66,8.83,5.59,-20.73,-4.55,-9.86,-18.87,1.0,,2025-10-09,OK,2026-10-10 12:55
LTFOODS,LTFOODS-EQ,13816,408.05,2026-10-09,490.7,2024-03-26,389.1,2026-07-10,389.1,518.55,410.4,2026-04-10,410.4,518.55,366.2,2026-01-09,366.2,518.55,386.85,2025-10-09,386.85,518.55,496.05,2025-07-10,496.05,508.9,321.35,2025-04-09,321.35,451.6,4.87,-0.57,17.24,-5.19,6.25,-25.83,12.07,2.08,19.11,-8.92,-24.42,-5.38,-22.01,20.38,10.2,54.36,21.08,70.81,-22.86,-19.53,63.51,1.0,,2025-10-09,OK,2026-10-10 12:55
LTM,LTM-EQ,17818,4070.0,2026-10-09,6429.5,2024-03-26,4037.2,2026-07-10,4037.2,6429.5,4503.7,2026-04-10,4503.7,6429.5,6037.0,2026-01-09,6037.0,6380.0,5434.0,2025-10-09,5434.0,6767.95,5320.0,2025-07-10,5320.0,6767.95,4107.85,2025-04-09,4107.85,6767.95,0.81,-9.63,-18.81,-10.36,-33.13,-25.86,-25.4,-17.69,3.77,10.34,15.96,6.5,2.14,32.28,-19.49,29.51,-8.92,0.16,-30.16,-36.22,-4.53,1.0,,2025-10-09,OK,2026-10-10 12:55
LT,LT-EQ,11483,3703.3,2026-10-09,4440.0,2024-03-26,3945.8,2026-07-10,3945.8,4440.0,3959.9,2026-04-10,3959.9,4440.0,4025.2,2026-01-09,4025.2,4195.0,3769.2,2025-10-09,3769.2,3963.5,3574.7,2025-07-10,3574.7,3963.5,3054.15,2025-04-09,3054.15,3963.5,-6.15,-6.48,4.07,-0.36,-1.97,9.59,-1.62,4.65,25.69,6.37,13.69,13.14,5.44,23.41,1.09,17.04,1.33,0.82,-15.08,-12.42,-16.05,1.0,,2025-10-09,OK,2026-10-10 12:55
LAURUSLABS,LAURUSLABS-EQ,19234,2036.6,2026-10-09,2065.2,2024-03-26,1537.8,2026-07-10,1537.8,1555.0,1098.35,2026-04-10,1098.35,1141.0,1083.0,2026-01-09,1083.0,1141.0,865.1,2025-10-09,865.1,944.0,793.5,2025-07-10,793.5,800.0,564.25,2025-04-09,564.25,646.2,32.44,85.42,123.9,40.01,41.99,74.63,1.42,25.28,84.49,23.52,37.05,66.12,9.02,53.32,98.79,40.63,29.43,40.96,-7.67,24.31,23.11,1.0,,2025-10-09,OK,2026-10-10 12:55
LEMONTREE,LEMONTREE-EQ,2606,110.43,2026-10-09,170.68,2024-03-26,118.41,2026-07-10,118.41,180.68,114.15,2026-04-10,114.15,180.68,149.83,2026-01-09,149.83,180.68,163.85,2025-10-09,163.85,180.68,158.11,2025-07-10,158.11,162.4,136.8,2025-04-09,136.8,162.4,-6.74,-3.26,-35.2,3.73,-20.97,-32.43,-23.81,-30.58,-22.24,-8.88,-2.31,12.69,3.63,19.77,45.92,15.58,10.4,-3.53,-7.14,13.02,-7.72,1.0,,2025-10-09,OK,2026-10-10 12:55
LENSKART,LENSKART-EQ,759605,677.65,2026-10-09,725.0,2025-11-10,543.65,2026-07-10,543.65,563.0,547.55,2026-04-10,547.55,550.0,457.75,2026-01-09,457.75,495.0,,,,,,,,,,,,,24.65,23.76,,-0.71,18.77,,19.62,,,,,,,,,,,,,,,,,2025-10-09,NOT LISTED ON BACK DATE,2026-10-10 12:55
LICI,LICI-EQ,9480,394.25,2026-10-09,468.48,2024-03-26,443.05,2026-07-10,443.05,468.48,399.18,2026-04-10,399.18,490.0,414.5,2026-01-09,414.5,490.0,447.6,2025-10-09,447.6,503.9,463.28,2025-07-10,463.28,611.0,383.85,2025-04-09,383.85,611.0,-11.01,-1.24,-8.96,10.99,6.89,-14.53,-3.7,-11.08,4.52,-7.66,-10.13,1.88,-3.38,16.61,-9.91,20.69,9.9,-9.72,-11.65,-20.93,-23.2,1.0,,2025-10-09,OK,2026-10-10 12:55
LINDEINDIA,LINDEINDIA-EQ,1627,5996.0,2026-10-09,8049.0,2024-03-26,7033.0,2026-07-10,7033.0,8049.0,7190.0,2026-04-10,7190.0,7870.0,5910.0,2026-01-09,5910.0,7870.0,6180.5,2025-10-09,6180.5,8499.0,6770.5,2025-07-10,6770.5,8988.95,5894.2,2025-04-09,5894.2,9935.05,-14.74,-16.61,2.78,-2.18,19.0,-0.3,21.66,16.0,14.96,-4.65,-13.02,-9.16,-8.71,4.86,-21.35,14.87,4.87,-15.94,-9.45,-28.27,-11.35,1.0,,2025-10-09,OK,2026-10-10 12:55
LLOYDSME,LLOYDSME-EQ,17313,1815.5,2026-10-09,2125.0,2024-03-26,1799.6,2026-07-10,1799.6,1888.6,1506.2,2026-04-10,1506.2,1612.0,1265.2,2026-01-09,1265.2,1612.0,1350.1,2025-10-09,1350.1,1612.0,1522.5,2025-07-10,1522.5,1612.0,1151.55,2025-04-09,1151.55,1478.0,0.88,20.54,33.89,19.48,42.24,11.91,19.05,12.05,2.96,-5.88,-15.02,-10.71,-11.32,17.24,33.85,32.21,6.04,99.87,-19.32,17.11,75.95,1.0,,2025-10-09,OK,2026-10-10 12:55
LODHA,LODHA-EQ,3220,1064.8,2026-10-09,1344.95,2024-03-26,1220.75,2026-07-10,1220.75,1461.5,826.55,2026-04-10,826.55,1531.0,1061.4,2026-01-09,1061.4,1531.0,1128.7,2025-10-09,1128.7,1531.0,1411.8,2025-07-10,1411.8,1537.4,1111.25,2025-04-09,1111.25,1649.95,-12.77,28.82,3.3,47.69,15.01,-38.94,-22.13,-28.49,-20.77,-8.18,-24.19,-18.1,-20.05,1.57,-3.03,27.05,7.83,-3.79,-17.71,-8.09,-10.36,1.0,,2025-10-09,OK,2026-10-10 12:55
LUPIN,LUPIN-EQ,10440,1956.5,2026-10-09,2529.5,2024-03-26,2496.3,2026-07-10,2496.3,2526.9,2333.8,2026-04-10,2333.8,2377.6,2182.2,2026-01-09,2182.2,2262.6,1957.6,2025-10-09,1957.6,2402.9,1894.8,2025-07-10,1894.8,2402.9,1919.7,2025-04-09,1919.7,2402.9,-21.62,-16.17,7.27,6.96,14.39,18.6,6.95,19.11,22.13,11.38,15.17,-8.76,3.31,1.97,-14.38,-1.3,-15.89,9.74,-14.76,-16.03,25.21,1.0,,2025-10-09,OK,2026-10-10 12:55
MMTC,MMTC-EQ,17957,54.87,2026-10-09,78.35,2024-03-26,65.1,2026-07-10,65.1,78.35,59.25,2026-04-10,59.25,88.19,63.1,2026-01-09,63.1,88.19,71.72,2025-10-09,71.72,88.19,68.78,2025-07-10,68.78,131.8,48.95,2025-04-09,48.95,131.8,-15.71,-7.39,-12.49,9.87,3.17,-5.95,-6.1,-16.02,13.28,-10.56,-7.15,-25.99,4.27,46.52,-24.15,40.51,-7.63,-12.41,-35.78,-42.41,-30.18,1.0,,2025-10-09,OK,2026-10-10 12:55
MRF,MRF-EQ,2277,122090.0,2026-10-09,163600.0,2024-03-26,134425.0,2026-07-10,134425.0,163600.0,136705.0,2026-04-10,136705.0,163600.0,147095.0,2026-01-09,147095.0,163600.0,156355.0,2025-10-09,156355.0,160150.0,148280.0,2025-07-10,148280.0,151900.0,113113.3,2025-04-09,113113.3,143849.9,-9.18,-10.69,-17.93,-1.67,-8.61,-17.32,-7.06,-12.03,20.46,-5.34,-0.77,27.32,5.45,38.23,12.62,31.09,24.72,5.33,-5.64,-14.69,-19.77,1.0,,2025-10-09,OK,2026-10-10 12:55
MTARTECH,MTARTECH-BE,2715,7781.5,2026-10-09,8714.0,2024-03-26,7101.0,2026-07-10,7101.0,8714.0,4173.8,2026-04-10,4173.8,4444.0,2689.7,2026-01-09,2689.7,2742.0,1952.2,2025-10-09,1952.2,1995.8,1567.5,2025-07-10,1567.5,2025.0,1290.7,2025-04-09,1290.7,2200.0,9.58,86.44,284.23,70.13,164.01,353.37,55.18,121.93,177.0,43.02,74.88,32.23,24.54,51.25,-20.8,21.45,-9.07,-9.95,-24.15,-27.63,-29.75,1.0,,2025-10-09,OK,2026-10-10 12:55
MGL,MGL-EQ,17534,1042.8,2026-10-09,1329.0,2024-03-26,1126.3,2026-07-10,1126.3,1562.0,1075.75,2026-04-10,1075.75,1586.9,1058.6,2026-01-09,1058.6,1586.9,1291.0,2025-10-09,1291.0,1909.8,1482.2,2025-07-10,1482.2,1988.0,1244.7,2025-04-09,1244.7,1988.0,-7.41,-3.06,-16.01,4.7,6.4,-27.1,1.62,-16.92,-15.7,-18.25,-28.77,-12.22,-12.9,3.72,-30.21,19.08,16.65,-18.77,-0.63,-31.62,-12.2,1.0,,2025-10-09,OK,2026-10-10 12:55
M&MFIN,M&MFIN-EQ,13285,319.45,2026-10-09,415.0,2024-03-26,340.85,2026-07-10,340.85,412.2,302.1,2026-04-10,302.1,412.2,348.5,2026-01-09,348.5,412.2,281.35,2025-10-09,281.35,295.98,267.6,2025-07-10,267.6,333.74,250.64,2025-04-09,250.64,333.74,-6.28,5.74,29.29,12.83,-2.2,3.61,-13.31,7.09,40.86,23.54,31.11,27.54,5.14,12.25,-3.27,6.77,-1.69,-3.39,-7.59,-9.85,-9.15,1.0,,2025-10-09,OK,2026-10-10 12:55
M&M,M&M-EQ,2031,2796.2,2026-10-09,3839.9,2024-03-26,3129.4,2026-07-10,3129.4,3839.9,3259.8,2026-04-10,3259.8,3839.9,3677.3,2026-01-09,3677.3,3839.9,3442.9,2025-10-09,3442.9,3723.8,3162.4,2025-07-10,3162.4,3270.95,2523.1,2025-04-09,2523.1,3270.95,-10.65,-14.22,-8.51,-4.0,-14.9,-6.64,-11.35,-5.65,25.57,6.44,19.66,16.1,8.87,36.46,17.23,25.34,1.15,12.28,-18.24,-19.98,29.26,1.0,,2025-10-09,OK,2026-10-10 12:55
MANAPPURAM,MANAPPURAM-EQ,19061,314.8,2026-10-09,381.55,2024-03-26,341.3,2026-07-10,341.3,347.9,267.6,2026-04-10,267.6,321.6,285.85,2026-01-09,285.85,321.6,294.25,2025-10-09,294.25,298.0,265.5,2025-07-10,265.5,284.9,224.93,2025-04-09,224.93,247.6,-7.76,17.64,8.75,27.54,19.4,8.57,-6.38,-6.02,14.7,0.39,8.73,55.2,10.83,30.82,52.59,18.04,48.32,24.86,24.97,17.7,4.82,1.0,,2025-10-09,OK,2026-10-10 12:55
MRPL,MRPL-EQ,2283,172.13,2026-10-09,212.31,2024-03-26,162.49,2026-07-10,162.49,212.31,174.62,2026-04-10,174.62,212.31,139.2,2026-01-09,139.2,185.0,145.34,2025-10-09,145.34,179.6,145.56,2025-07-10,145.56,253.56,132.24,2025-04-09,132.24,259.9,5.93,-1.43,26.92,-6.95,16.73,12.41,25.45,21.39,41.35,-3.23,-2.27,5.24,-0.15,9.91,-29.27,10.07,-0.29,-37.37,-10.94,-25.37,-51.02,1.0,,2025-10-09,OK,2026-10-10 12:55
MANKIND,MANKIND-EQ,15380,2368.5,2026-10-09,2642.0,2024-03-26,2525.1,2026-07-10,2525.1,2716.5,2079.0,2026-04-10,2079.0,2716.5,2201.3,2026-01-09,2201.3,2858.0,2479.4,2025-10-09,2479.4,3054.8,2544.0,2025-07-10,2544.0,3054.8,2313.95,2025-04-09,2313.95,3054.8,-6.2,13.92,-8.65,21.46,14.71,-6.6,-5.56,-15.48,-3.03,-10.51,-14.62,-24.01,-2.54,7.15,-3.63,9.94,-10.04,10.52,-19.64,-13.88,-4.48,1.0,,2025-10-09,OK,2026-10-10 12:55
MARICO,MARICO-EQ,4067,786.15,2026-10-09,889.1,2024-03-26,852.5,2026-07-10,852.5,873.0,763.25,2026-04-10,763.25,813.5,755.1,2026-01-09,755.1,780.0,715.85,2025-10-09,715.85,759.0,726.95,2025-07-10,726.95,744.45,693.45,2025-04-09,693.45,736.9,-7.78,3.0,13.7,11.69,12.9,12.79,1.08,6.85,9.83,5.71,4.06,8.67,-1.53,3.23,4.91,4.83,9.0,8.13,8.62,-0.68,19.18,1.0,,2025-10-09,OK,2026-10-10 12:55
MARUTI,MARUTI-EQ,10999,11420.0,2026-10-09,17370.0,2024-03-26,13854.0,2026-07-10,13854.0,17370.0,13709.0,2026-04-10,13709.0,17370.0,16501.0,2026-01-09,16501.0,17370.0,15985.0,2025-10-09,15985.0,16435.0,12650.0,2025-07-10,12650.0,13680.0,11457.4,2025-04-09,11457.4,13680.0,-17.57,-16.7,-21.06,1.06,-16.04,3.34,-16.92,-15.71,17.8,1.45,31.23,36.44,26.36,39.52,20.41,10.41,7.75,-1.98,-3.08,-10.21,-10.1,1.0,,2025-10-09,OK,2026-10-10 12:55
MFSL,MFSL-EQ,2142,1309.7,2026-10-09,1892.5,2024-03-26,1633.1,2026-07-10,1633.1,1892.5,1654.8,2026-04-10,1654.8,1892.5,1679.9,2026-01-09,1679.9,1752.2,1596.2,2025-10-09,1596.2,1674.8,1582.8,2025-07-10,1582.8,1666.9,1164.55,2025-04-09,1164.55,1306.45,-19.8,-20.85,-8.0,-1.31,-2.79,0.98,-1.49,4.62,48.17,6.21,7.19,55.86,0.85,37.07,34.27,35.92,45.22,46.75,6.95,-2.12,0.56,1.0,,2025-10-09,OK,2026-10-10 12:55
MAXHEALTH,MAXHEALTH-EQ,22377,883.8,2026-10-09,1221.9,2024-03-26,1108.1,2026-07-10,1108.1,1301.7,953.35,2026-04-10,953.35,1314.3,1017.1,2026-01-09,1017.1,1314.3,1155.8,2025-10-09,1155.8,1314.3,1251.6,2025-07-10,1251.6,1314.3,1123.15,2025-04-09,1123.15,1227.95,-20.24,-7.3,-10.24,16.23,8.95,-19.3,-6.27,-17.56,-8.1,-12.05,-16.58,-10.88,-7.65,2.91,19.81,11.44,3.56,30.3,-6.65,16.72,16.41,1.0,,2025-10-09,OK,2026-10-10 12:55
MAZDOCK,MAZDOCK-EQ,509,2010.0,2026-10-09,2929.7,2024-03-26,2420.1,2026-07-10,2420.1,3277.0,2470.2,2026-04-10,2470.2,3775.0,2500.5,2026-01-09,2500.5,3775.0,2888.7,2025-10-09,2888.7,3775.0,3263.0,2025-07-10,3263.0,3775.0,2371.2,2025-04-09,2371.2,2930.0,-16.95,-18.63,-16.61,-2.03,-3.22,-27.44,-1.21,-13.93,2.74,-12.88,-21.23,9.25,-11.47,21.82,31.34,37.61,46.16,26.82,10.0,16.04,107.05,1.0,,2025-10-09,OK,2026-10-10 12:55
MEESHO,MEESHO-EQ,760229,232.74,2026-10-09,254.4,2025-12-10,194.11,2026-07-10,194.11,254.4,163.59,2026-04-10,163.59,254.4,170.36,2026-01-09,170.36,254.4,,,,,,,,,,,,,19.9,42.27,,18.66,13.94,,-3.97,,,,,,,,,,,,,,,,,2025-10-09,NOT LISTED ON BACK DATE,2026-10-10 12:55
MINDACORP,MINDACORP-EQ,25897,636.3,2026-10-09,769.0,2024-03-26,698.9,2026-07-10,698.9,713.65,514.35,2026-04-10,514.35,619.95,578.5,2026-01-09,578.5,619.95,582.05,2025-10-09,582.05,606.9,517.2,2025-07-10,517.2,652.0,475.4,2025-04-09,475.4,652.0,-8.96,23.71,20.4,35.88,20.81,25.31,-11.09,-12.67,3.97,-1.77,14.93,10.79,12.54,22.43,-10.85,8.79,-2.22,15.87,-10.79,-17.74,22.75,1.0,,2025-10-09,OK,2026-10-10 12:55
MSUMI,MSUMI-EQ,8596,33.55,2026-10-09,53.59,2024-03-26,40.14,2026-07-10,40.14,53.59,39.33,2026-04-10,39.33,53.59,47.84,2026-01-09,47.84,53.59,45.06,2025-10-09,45.06,50.54,42.99,2025-07-10,42.99,51.33,34.18,2025-04-09,34.18,53.33,-16.42,-14.7,-18.51,2.06,-16.1,-13.05,-17.79,-11.54,17.55,7.6,13.18,15.64,4.82,31.83,11.31,25.78,12.45,-13.73,-10.59,-23.14,-22.82,1.0,,2025-10-09,OK,2026-10-10 12:55
MOTILALOFS,MOTILALOFS-EQ,14947,1026.0,2026-10-09,1097.1,2024-03-26,979.35,2026-07-10,979.35,1097.1,778.55,2026-04-10,778.55,1097.1,804.75,2026-01-09,804.75,1097.1,980.25,2025-10-09,980.25,1064.0,940.0,2025-07-10,940.0,1064.0,575.35,2025-04-09,575.35,1064.0,4.76,31.78,4.57,25.79,21.7,-10.53,-3.26,-19.51,21.5,-16.8,-13.88,-7.63,4.28,70.37,12.61,63.38,4.31,64.37,-38.8,-26.77,13.05,1.0,,2025-10-09,OK,2026-10-10 12:55
MPHASIS,MPHASIS-EQ,4503,2360.0,2026-10-09,2975.0,2024-03-26,2321.9,2026-07-10,2321.9,3037.2,2326.7,2026-04-10,2326.7,3037.2,2841.9,2026-01-09,2841.9,3078.4,2807.2,2025-10-09,2807.2,3237.95,2861.1,2025-07-10,2861.1,3237.95,2117.6,2025-04-09,2117.6,3237.95,1.64,1.43,-17.8,-0.21,-18.3,-19.69,-18.13,-16.4,3.18,2.11,0.11,-0.5,-1.88,32.57,-1.58,35.11,-0.38,4.76,-27.6,-26.96,-7.83,1.0,,2025-10-09,OK,2026-10-10 12:55
MCX,MCX-EQ,31181,3318.2,2026-10-09,3481.4,2024-03-26,2770.7,2026-07-10,2770.7,3480.0,2669.4,2026-04-10,2669.4,2708.8,2191.0,2026-01-09,2191.0,2338.0,1741.2,2025-10-09,1741.2,1823.0,1666.3,2025-07-10,1666.3,1823.0,1044.21,2025-04-09,1044.21,1409.72,19.76,24.31,92.4,3.79,26.46,64.66,21.83,53.62,142.44,26.09,36.12,68.43,4.49,66.75,24.75,59.58,42.26,112.23,-12.08,-14.43,21.13,1.0,,2025-10-09,OK,2026-10-10 12:55
MUTHOOTFIN,MUTHOOTFIN-EQ,23650,2624.7,2026-10-09,4149.5,2024-03-26,3129.4,2026-07-10,3129.4,4149.5,3573.9,2026-04-10,3573.9,4149.5,3821.0,2026-01-09,3821.0,3995.0,3249.5,2025-10-09,3249.5,3274.1,2644.8,2025-07-10,2644.8,2691.6,2139.95,2025-04-09,2139.95,2435.4,-16.13,-26.56,-13.37,-12.44,-18.1,9.6,-6.47,13.21,47.85,21.04,44.7,75.44,22.86,51.85,52.16,23.59,23.87,40.02,-1.8,10.67,30.37,1.0,,2025-10-09,OK,2026-10-10 12:55
NATCOPHARM,NATCOPHARM-EQ,3918,789.4,2026-10-09,1216.81,2024-03-26,976.09,2026-07-10,976.09,1216.81,1095.21,2026-04-10,1095.21,1125.61,882.95,2026-01-09,882.95,1330.08,806.92,2025-10-09,806.92,1492.74,990.17,2025-07-10,990.17,1625.65,740.42,2025-04-09,740.42,1625.65,-19.13,-27.92,1.57,-10.88,10.55,-14.39,24.04,30.55,36.12,5.25,-7.44,-32.66,-18.51,8.98,-42.94,33.73,-22.51,-25.54,-43.38,-49.37,-17.91,1.0,,2025-10-09,OK,2026-10-10 12:55
NBCC,NBCC-EQ,31415,74.46,2026-10-09,125.85,2024-03-26,99.98,2026-07-10,99.98,125.85,89.18,2026-04-10,89.18,130.7,109.2,2026-01-09,109.2,130.7,113.65,2025-10-09,113.65,130.7,113.97,2025-07-10,113.97,139.83,87.01,2025-04-09,87.01,139.83,-25.53,-16.51,-26.44,12.11,-8.44,-9.63,-18.33,-20.84,-0.98,-3.07,-3.28,21.58,-0.28,30.62,-11.63,30.98,29.88,-0.18,-3.14,-25.09,-14.14,1.0,,2025-10-09,OK,2026-10-10 12:55
NCC,NCC-EQ,2319,125.06,2026-10-09,217.25,2024-03-26,145.76,2026-07-10,145.76,232.0,153.06,2026-04-10,153.06,242.15,148.65,2026-01-09,148.65,261.8,209.61,2025-10-09,209.61,326.45,223.5,2025-07-10,223.5,364.5,206.89,2025-04-09,206.89,364.5,-14.2,-18.29,-30.67,-4.77,-1.94,-35.24,2.97,-27.38,-27.98,-29.48,-32.98,-37.8,-6.21,1.31,-31.18,8.03,-13.57,-27.5,-21.99,-30.78,-30.69,1.0,,2025-10-09,OK,2026-10-10 12:55
NHPC,NHPC-EQ,17400,72.99,2026-10-09,87.81,2024-03-26,79.82,2026-07-10,79.82,89.75,77.09,2026-04-10,77.09,92.34,82.43,2026-01-09,82.43,92.34,86.67,2025-10-09,86.67,92.9,87.52,2025-07-10,87.52,118.4,84.4,2025-04-09,84.4,118.4,-8.56,-5.32,-11.51,3.54,-3.17,-16.97,-6.48,-11.33,-12.96,-5.19,-6.38,-1.59,-0.97,2.69,-14.73,3.7,12.05,-17.56,6.85,-8.4,-16.84,1.0,,2025-10-09,OK,2026-10-10 12:55
NLCINDIA,NLCINDIA-EQ,8585,243.55,2026-10-09,387.8,2024-03-26,314.9,2026-07-10,314.9,387.8,267.2,2026-04-10,267.2,292.2,252.4,2026-01-09,252.4,292.2,271.5,2025-10-09,271.5,292.2,224.13,2025-07-10,224.13,311.8,224.99,2025-04-09,224.99,311.8,-22.66,-8.85,0.02,17.85,24.76,38.13,5.86,-1.06,10.43,-6.54,11.14,-3.6,21.14,20.67,-12.45,-0.38,-8.54,-12.85,-3.41,-17.59,-4.28,1.0,,2025-10-09,OK,2026-10-10 12:55
NMDC,NMDC-EQ,15332,71.8,2026-10-09,97.49,2024-03-26,84.92,2026-07-10,84.92,97.49,85.07,2026-04-10,85.07,86.72,80.48,2026-01-09,80.48,86.72,78.8,2025-10-09,78.8,82.83,68.69,2025-07-10,68.69,83.57,61.31,2025-04-09,61.31,95.45,-15.45,-15.6,8.88,-0.18,5.52,28.77,5.7,10.29,30.04,4.34,16.55,14.88,14.72,28.53,-0.09,12.04,6.05,-8.95,-7.11,-17.96,-13.25,1.0,,2025-10-09,OK,2026-10-10 12:55
NSLNISP,NSLNISP-EQ,14180,39.23,2026-10-09,53.75,2024-03-26,43.32,2026-07-10,43.32,53.75,41.98,2026-04-10,41.98,49.65,41.72,2026-01-09,41.72,49.65,46.34,2025-10-09,46.34,51.92,40.05,2025-07-10,40.05,62.45,33.78,2025-04-09,33.78,68.95,-9.44,-6.55,-2.81,3.19,3.84,18.25,0.62,-6.57,11.72,-7.14,4.8,-3.38,15.71,37.18,-14.35,18.56,-3.98,-30.78,-19.86,-33.4,-40.36,1.0,,2025-10-09,OK,2026-10-10 12:55
NTPCGREEN,NTPCGREEN-EQ,27176,92.6,2026-10-09,119.95,2024-11-27,94.1,2026-07-10,94.1,119.95,97.17,2026-04-10,97.17,117.64,90.76,2026-01-09,90.76,123.9,98.17,2025-10-09,98.17,155.35,108.24,2025-07-10,108.24,155.35,95.05,2025-04-09,95.05,155.35,-1.59,-4.7,-10.33,-3.16,3.68,-9.16,7.06,-2.42,-8.75,-8.86,-19.09,-24.93,-9.3,3.28,,13.88,-10.49,,-24.23,,,1.0,,2025-10-09,OK,2026-10-10 12:55
NTPC,NTPC-EQ,11630,312.0,2026-10-09,414.4,2024-03-26,344.55,2026-07-10,344.55,414.4,380.15,2026-04-10,380.15,394.5,336.0,2026-01-09,336.0,371.45,335.85,2025-10-09,335.85,429.9,341.45,2025-07-10,341.45,448.45,349.35,2025-04-09,349.35,448.45,-9.45,-17.93,-0.4,-9.36,2.54,2.99,13.14,11.91,8.74,-1.09,-1.96,0.39,-1.64,-3.86,-22.55,-2.26,6.59,-11.06,7.36,-16.51,-9.23,1.0,,2025-10-09,OK,2026-10-10 12:55
NH,NH-EQ,11840,1719.5,2026-10-09,2093.3,2024-03-26,2027.3,2026-07-10,2027.3,2093.3,1754.9,2026-04-10,1754.9,2370.2,1897.1,2026-01-09,1897.1,2370.2,1774.4,2025-10-09,1774.4,2370.2,1970.1,2025-07-10,1970.1,2370.2,1689.5,2025-04-09,1689.5,1758.0,-15.18,-2.02,6.55,15.52,6.86,-3.21,-7.5,-0.85,2.76,7.19,-5.48,39.64,-9.93,5.03,42.79,16.61,48.09,48.06,23.74,38.23,20.14,1.0,,2025-10-09,OK,2026-10-10 12:55
NATIONALUM,NATIONALUM-EQ,6364,315.9,2026-10-09,445.15,2024-03-26,354.85,2026-07-10,354.85,445.15,417.0,2026-04-10,417.0,431.5,348.05,2026-01-09,348.05,357.6,229.55,2025-10-09,229.55,262.99,188.95,2025-07-10,188.95,262.99,143.45,2025-04-09,143.45,262.99,-10.98,-24.24,64.5,-14.9,1.95,99.07,19.81,85.91,177.27,55.17,83.67,31.98,21.49,60.02,-3.57,31.72,-5.18,-3.9,-29.81,-33.05,2.55,1.0,,2025-10-09,OK,2026-10-10 12:55
NAVA,NAVA-EQ,4014,549.1,2026-10-09,739.4,2024-03-26,599.75,2026-07-10,599.75,739.4,601.95,2026-04-10,601.95,735.0,581.75,2026-01-09,581.75,735.0,626.15,2025-10-09,626.15,735.0,595.15,2025-07-10,595.15,673.9,456.35,2025-04-09,456.35,673.9,-8.45,-8.78,-10.38,-0.37,3.09,-4.17,3.47,-3.6,24.31,-6.84,-1.51,19.97,5.21,37.21,35.34,30.42,28.81,41.76,-2.93,-11.9,67.42,1.0,,2025-10-09,OK,2026-10-10 12:55
NAVINFLUOR,NAVINFLUOR-EQ,14672,8352.5,2026-10-09,8949.5,2024-03-26,7712.0,2026-07-10,7712.0,7810.0,6181.0,2026-04-10,6181.0,6965.0,5698.5,2026-01-09,5698.5,6223.0,4586.6,2025-10-09,4586.6,5444.0,5004.3,2025-07-10,5004.3,5133.6,3979.4,2025-04-09,3979.4,4381.0,8.31,35.13,91.33,24.77,35.33,40.81,8.47,30.37,58.69,20.19,12.33,55.57,-8.35,15.26,41.79,25.76,30.85,19.12,13.92,18.27,33.45,1.0,,2025-10-09,OK,2026-10-10 12:55
NESTLEIND,NESTLEIND-EQ,17963,1333.0,2026-10-09,1553.0,2024-03-26,1455.2,2026-07-10,1455.2,1498.1,1249.3,2026-04-10,1249.3,1340.4,1299.1,2026-01-09,1299.1,1332.7,1187.8,2025-10-09,1187.8,1265.85,1200.7,2025-07-10,1200.7,1389.0,1172.43,2025-04-09,1172.43,1389.0,-8.4,6.7,17.28,16.48,12.02,19.79,-3.83,4.15,5.23,8.3,8.1,7.2,-1.07,1.31,-4.44,2.41,6.44,-7.07,5.63,-6.8,-10.16,1.0,,2025-10-09,OK,2026-10-10 12:55
NETWEB,NETWEB-EQ,17433,4721.6,2026-10-09,5813.0,2024-03-26,4305.0,2026-07-10,4305.0,5244.0,3346.2,2026-04-10,3346.2,4479.0,3310.1,2026-01-09,3310.1,4479.0,3963.6,2025-10-09,3963.6,4479.0,1812.7,2025-07-10,1812.7,3060.0,1422.5,2025-04-09,1422.5,3060.0,9.68,41.1,23.59,28.65,30.06,136.97,1.09,-16.92,130.48,-17.81,69.98,11.05,118.66,178.64,24.93,27.43,-34.38,-23.93,-48.65,-41.92,-6.5,1.0,,2025-10-09,OK,2026-10-10 12:55
NEULANDLAB,NEULANDLAB-EQ,2406,20890.0,2026-10-09,24225.0,2024-03-26,19506.0,2026-07-10,19506.0,20089.0,14951.0,2026-04-10,14951.0,19747.0,14774.0,2026-01-09,14774.0,19747.0,15717.0,2025-10-09,15717.0,18100.0,11880.0,2025-07-10,11880.0,18100.0,10959.45,2025-04-09,10959.45,18100.0,7.1,39.72,47.58,30.47,32.03,42.64,1.2,-8.37,17.05,-9.45,20.1,11.39,32.3,43.41,22.25,8.4,-18.81,60.02,-26.36,-7.17,82.76,1.0,,2025-10-09,OK,2026-10-10 12:55
NAM-INDIA,NAM-INDIA-EQ,357,1045.0,2026-10-09,1269.5,2024-03-26,1212.7,2026-07-10,1212.7,1233.5,955.25,2026-04-10,955.25,1009.0,878.9,2026-01-09,878.9,987.35,857.7,2025-10-09,857.7,903.7,815.1,2025-07-10,815.1,821.95,526.75,2025-04-09,526.75,816.25,-13.83,9.4,35.81,26.95,37.98,30.23,8.69,9.57,62.75,0.81,9.2,20.17,5.23,62.83,25.12,54.74,20.28,16.86,-24.91,-18.35,-0.77,1.0,,2025-10-09,OK,2026-10-10 12:55
NUVAMA,NUVAMA-EQ,18721,1764.4,2026-10-09,2066.0,2024-03-26,1977.6,2026-07-10,1977.6,1993.7,1306.5,2026-04-10,1306.5,1701.7,1424.6,2026-01-09,1424.6,1701.7,1425.4,2025-10-09,1425.4,1701.7,1474.5,2025-07-10,1474.5,1701.7,1076.96,2025-04-09,1076.96,1529.6,-10.78,35.05,24.97,51.37,38.82,3.23,-8.29,-9.72,12.59,-1.55,-2.66,5.94,-3.33,32.35,0.14,36.91,11.38,55.59,-19.27,-15.39,6.38,1.0,,2025-10-09,OK,2026-10-10 12:55
NUVOCO,NUVOCO-EQ,5426,317.1,2026-10-09,439.85,2024-03-26,320.2,2026-07-10,320.2,477.5,311.75,2026-04-10,311.75,477.5,347.5,2026-01-09,347.5,477.5,432.65,2025-10-09,432.65,477.5,362.35,2025-07-10,362.35,385.65,314.0,2025-04-09,314.0,385.65,-0.97,1.72,-22.63,2.71,-7.86,-14.53,-10.29,-27.98,-5.21,-19.72,-3.59,-5.31,19.4,37.79,26.76,15.4,2.37,1.58,-11.54,-12.01,-1.61,1.0,,2025-10-09,OK,2026-10-10 12:55
OBEROIRLTY,OBEROIRLTY-EQ,20242,1698.8,2026-10-09,1986.1,2024-03-26,1924.8,2026-07-10,1924.8,1986.1,1671.7,2026-04-10,1671.7,2005.0,1686.9,2026-01-09,1686.9,2252.0,1591.4,2025-10-09,1591.4,2343.65,1843.1,2025-07-10,1843.1,2343.65,1493.2,2025-04-09,1493.2,2343.65,-11.74,1.62,13.11,15.14,14.1,-13.65,-0.9,4.51,-0.29,5.46,-8.1,-27.66,-13.66,6.58,-11.84,23.43,-17.95,11.26,-34.58,-18.61,-0.03,1.0,,2025-10-09,OK,2026-10-10 12:55
ONGC,ONGC-EQ,2475,221.27,2026-10-09,307.5,2024-03-26,244.96,2026-07-10,244.96,307.5,286.5,2026-04-10,286.5,293.0,234.09,2026-01-09,234.09,270.47,243.39,2025-10-09,243.39,293.65,243.09,2025-07-10,243.09,345.0,221.94,2025-04-09,221.94,345.0,-9.67,-22.77,-3.85,-14.5,4.64,3.62,22.39,16.3,21.99,-4.97,-3.17,-9.08,0.12,9.66,-19.82,9.53,-7.63,-17.93,-18.2,-23.07,-17.01,1.0,,2025-10-09,OK,2026-10-10 12:55
OIL,OIL-EQ,17438,443.5,2026-10-09,531.0,2024-03-26,424.95,2026-07-10,424.95,531.0,471.3,2026-04-10,471.3,524.0,420.05,2026-01-09,420.05,491.5,417.9,2025-10-09,417.9,594.0,437.5,2025-07-10,437.5,767.9,349.65,2025-04-09,349.65,767.9,4.37,-5.9,19.39,-9.83,1.17,-2.32,12.2,12.7,38.05,0.44,-2.83,-14.38,-4.48,19.52,-31.65,25.13,-6.32,-14.71,-28.89,-39.12,-13.57,1.0,,2025-10-09,OK,2026-10-10 12:55
OLAELEC,OLAELEC-EQ,24777,35.13,2026-10-09,57.95,2024-08-09,40.41,2026-07-10,40.41,71.25,40.88,2026-04-10,40.88,71.25,39.5,2026-01-09,39.5,80.8,50.2,2025-10-09,50.2,102.5,39.95,2025-07-10,39.95,157.4,50.11,2025-04-09,50.11,157.4,-13.07,-14.07,-25.68,-1.15,2.3,18.45,3.49,-17.75,-52.27,-20.52,-0.75,-54.61,25.66,0.18,-37.53,-20.28,-47.2,,-36.98,-47.68,,1.0,,2025-10-09,OK,2026-10-10 12:55
OLECTRA,OLECTRA-EQ,10637,1044.8,2026-10-09,1573.8,2024-03-26,1423.6,2026-07-10,1423.6,1714.2,1184.25,2026-04-10,1184.25,1714.2,1156.3,2026-01-09,1156.3,1714.2,1534.2,2025-10-09,1534.2,1787.0,1244.7,2025-07-10,1244.7,1867.5,1089.95,2025-04-09,1089.95,1960.0,-26.61,-11.78,-21.35,20.21,23.12,2.55,2.42,-21.96,-17.38,-23.8,-5.78,-15.89,23.26,40.76,-6.63,14.2,-11.58,-34.03,-23.41,-35.09,-41.3,1.0,,2025-10-09,OK,2026-10-10 12:55
PAYTM,PAYTM-EQ,6705,1636.0,2026-10-09,1855.5,2024-03-26,1341.8,2026-07-10,1341.8,1381.8,1123.85,2026-04-10,1123.85,1381.8,1288.6,2026-01-09,1288.6,1381.8,1246.3,2025-10-09,1246.3,1296.6,940.55,2025-07-10,940.55,1062.95,811.2,2025-04-09,811.2,1062.95,21.93,45.57,40.54,19.39,4.13,13.37,-12.79,-9.14,26.44,4.18,35.48,41.76,32.51,53.64,64.47,15.95,5.13,105.78,-10.07,9.44,64.58,1.0,,2025-10-09,OK,2026-10-10 12:55
ONESOURCE,ONESOURCE-EQ,29224,1461.3,2026-10-09,1925.0,2025-01-24,1626.9,2026-07-10,1626.9,2088.0,1438.9,2026-04-10,1438.9,2248.0,1764.0,2026-01-09,1764.0,2248.0,1889.8,2025-10-09,1889.8,2248.0,1994.1,2025-07-10,1994.1,2248.0,1485.9,2025-04-09,1485.9,1800.0,-10.18,1.56,-19.03,13.07,-7.77,-14.77,-18.43,-23.08,-0.83,-5.7,-10.88,,-5.23,27.18,,34.2,,,,,,1.0,,2025-10-09,OK,2026-10-10 12:55
OFSS,OFSS-EQ,10738,10510.0,2026-10-09,12540.0,2024-03-26,11651.0,2026-07-10,11651.0,11685.0,7253.5,2026-04-10,7253.5,9950.0,7597.5,2026-01-09,7597.5,11888.9,9311.5,2025-10-09,9311.5,13220.0,8777.0,2025-07-10,8777.0,13220.0,7401.1,2025-04-09,7401.1,13220.0,-9.79,44.9,24.9,60.63,53.35,7.9,-4.53,-21.27,-8.23,-17.54,-12.03,-32.89,6.09,25.81,-27.8,18.59,-25.16,-7.4,-38.22,-36.49,-11.94,1.0,,2025-10-09,OK,2026-10-10 12:55
POLICYBZR,POLICYBZR-EQ,6656,1012.0,2026-10-09,1964.2,2024-03-26,1580.4,2026-07-10,1580.4,1974.0,1509.8,2026-04-10,1509.8,1978.0,1690.8,2026-01-09,1690.8,1978.0,1735.7,2025-10-09,1735.7,2246.9,1832.1,2025-07-10,1832.1,2246.9,1469.15,2025-04-09,1469.15,2246.9,-35.97,-32.97,3.7,4.68,-6.53,-17.6,-10.7,-13.5,-0.4,-3.13,-5.74,0.17,-5.26,18.14,9.2,24.7,-4.56,31.81,-26.65,-11.24,9.39,1.0,,2025-10-09,OK,2026-10-10 12:55
PCBL,PCBL-EQ,2649,312.4,2026-10-09,390.75,2024-03-26,309.55,2026-07-10,309.55,437.0,273.17,2026-04-10,273.17,443.4,285.05,2026-01-09,285.05,444.15,388.1,2025-10-09,388.1,527.5,434.4,2025-07-10,434.4,584.4,398.15,2025-04-09,398.15,584.4,0.92,14.36,-13.69,13.32,8.59,-33.9,-4.17,-29.51,-31.4,-26.45,-32.58,-22.11,-10.66,-2.52,-24.12,9.1,9.28,55.38,-4.81,-21.5,37.21,1.0,,2025-10-09,OK,2026-10-10 12:55
PGEL,PGEL-EQ,25358,511.8,2026-10-09,644.4,2024-03-26,583.15,2026-07-10,583.15,836.45,486.75,2026-04-10,486.75,1008.0,595.7,2026-01-09,595.7,1008.0,553.15,2025-10-09,553.15,1054.2,773.35,2025-07-10,773.35,1054.2,851.4,2025-04-09,851.4,1054.2,-12.24,5.15,-1.93,19.8,-2.11,-39.76,-18.29,-16.93,-35.39,1.66,-22.4,-41.43,-28.47,-35.03,-8.57,-9.17,-16.14,92.3,-10.43,37.48,395.62,1.0,,2025-10-09,OK,2026-10-10 12:55
PIIND,PIIND-EQ,24184,2118.2,2026-10-09,3832.9,2024-03-26,2607.4,2026-07-10,2607.4,4330.0,2952.1,2026-04-10,2952.1,4330.0,3209.9,2026-01-09,3209.9,4330.0,3531.7,2025-10-09,3531.7,4715.0,4041.9,2025-07-10,4041.9,4804.05,3294.8,2025-04-09,3294.8,4804.05,-18.76,-28.25,-32.21,-11.68,-18.77,-30.54,-8.03,-17.18,-8.57,-9.95,-20.64,-8.54,-12.62,7.19,-19.75,22.68,10.44,2.04,-9.25,-28.46,-16.7,1.0,,2025-10-09,OK,2026-10-10 12:55
PNBHOUSING,PNBHOUSING-EQ,18908,1158.0,2026-10-09,1211.5,2024-03-26,1110.6,2026-07-10,1110.6,1119.0,864.75,2026-04-10,864.75,1141.9,973.25,2026-01-09,973.25,1141.9,876.1,2025-10-09,876.1,1141.9,1084.3,2025-07-10,1084.3,1202.2,923.15,2025-04-09,923.15,1202.2,4.27,33.91,30.35,28.43,14.11,-10.68,-11.15,1.31,-15.89,14.02,-9.62,-0.72,-19.2,-5.1,-15.4,17.46,21.73,39.53,5.64,-2.42,2.92,1.0,,2025-10-09,OK,2026-10-10 12:55
PTCIL,PTCIL-EQ,16682,24535.0,2026-10-09,24900.0,2024-03-26,17602.0,2026-07-10,17602.0,19851.0,15407.0,2026-04-10,15407.0,19387.0,17550.0,2026-01-09,17550.0,19387.0,16676.0,2025-10-09,16676.0,17995.0,14333.0,2025-07-10,14333.0,17995.0,13171.55,2025-04-09,13171.55,17995.0,39.39,59.25,36.6,14.25,0.3,29.57,-12.21,-5.17,36.51,8.02,21.83,6.84,16.35,26.61,0.18,8.82,-17.59,-0.53,-23.21,-2.69,62.41,1.0,,2025-10-09,OK,2026-10-10 12:55
PVRINOX,PVRINOX-EQ,13147,1327.2,2026-10-09,1374.8,2024-03-26,1002.05,2026-07-10,1002.05,1249.7,948.7,2026-04-10,948.7,1249.7,1004.3,2026-01-09,1004.3,1249.7,1093.4,2025-10-09,1093.4,1658.2,1011.9,2025-07-10,1011.9,1748.0,869.5,2025-04-09,869.5,1748.0,32.45,39.9,6.93,5.62,-0.22,-5.36,-5.54,-12.96,18.26,-7.86,1.5,-8.78,8.05,25.75,-29.28,16.38,-12.89,-30.46,-26.17,-45.55,-32.02,1.0,,2025-10-09,OK,2026-10-10 12:55
PAGEIND,PAGEIND-EQ,14413,36875.0,2026-10-09,43855.0,2024-03-26,39395.0,2026-07-10,39395.0,49380.0,36055.0,2026-04-10,36055.0,50590.0,34300.0,2026-01-09,34300.0,50590.0,41740.0,2025-10-09,41740.0,50590.0,48245.0,2025-07-10,48245.0,50590.0,42739.45,2025-04-09,42739.45,49849.95,-6.4,2.27,-15.2,9.26,14.85,-21.33,5.12,-13.41,-26.08,-17.63,-28.44,-22.97,-13.48,-2.34,0.85,12.88,1.47,18.21,-11.08,-2.72,9.76,1.0,,2025-10-09,OK,2026-10-10 12:55
PARADEEP,PARADEEP-EQ,9741,146.75,2026-10-09,181.9,2024-03-26,141.81,2026-07-10,141.81,234.39,121.16,2026-04-10,121.16,234.39,147.91,2026-01-09,147.91,234.39,180.56,2025-10-09,180.56,234.39,161.78,2025-07-10,161.78,183.6,116.86,2025-04-09,116.86,130.4,3.48,21.12,-12.54,17.04,-4.12,-23.47,-18.09,-31.61,-3.71,-16.51,-10.2,36.36,11.61,54.51,110.02,38.44,40.46,102.16,-3.66,34.08,27.01,1.0,,2025-10-09,OK,2026-10-10 12:55
PATANJALI,PATANJALI-EQ,17029,360.45,2026-10-09,614.05,2024-03-26,413.8,2026-07-10,413.8,653.93,467.35,2026-04-10,467.35,670.33,551.15,2026-01-09,551.15,670.33,594.55,2025-10-09,594.55,670.33,554.53,2025-07-10,554.53,670.33,603.87,2025-04-09,603.87,664.07,-12.89,-22.87,-42.65,-11.46,-24.92,-24.33,-15.2,-21.33,-17.56,-7.23,-0.71,-14.65,7.22,-1.54,5.62,-8.17,-10.48,2.8,-2.37,6.18,29.71,1.0,,2025-10-09,OK,2026-10-10 12:55
PERSISTENT,PERSISTENT-EQ,18365,5770.0,2026-10-09,6599.0,2024-03-26,5053.9,2026-07-10,5053.9,6599.0,5427.1,2026-04-10,5427.1,6599.0,6413.5,2026-01-09,6413.5,6599.0,5345.3,2025-10-09,5345.3,6788.9,5680.5,2025-07-10,5680.5,6788.9,4402.75,2025-04-09,4402.75,6788.9,14.17,6.32,1.38,-6.88,-21.2,-13.25,-15.38,1.3,7.83,19.71,14.97,-2.36,-5.9,21.41,-3.81,29.02,-8.07,30.44,-29.33,-17.46,30.58,1.0,,2025-10-09,OK,2026-10-10 12:55
PETRONET,PETRONET-EQ,11351,291.5,2026-10-09,326.4,2024-03-26,278.95,2026-07-10,278.95,326.4,270.74,2026-04-10,270.74,326.5,287.45,2026-01-09,287.45,332.4,282.85,2025-10-09,282.85,361.4,305.05,2025-07-10,305.05,384.2,286.6,2025-04-09,286.6,384.2,4.5,7.67,1.08,3.03,-2.96,-12.05,-5.81,-3.81,1.06,2.13,-4.14,-17.44,-7.28,-1.31,-22.41,6.44,-6.68,-7.44,-13.41,-18.58,-3.59,1.0,,2025-10-09,OK,2026-10-10 12:55
PHOENIXLTD,PHOENIXLTD-EQ,14552,1813.1,2026-10-09,2169.8,2024-03-26,2138.9,2026-07-10,2138.9,2149.0,1763.5,2026-04-10,1763.5,1993.0,1910.0,2026-01-09,1910.0,1965.0,1593.8,2025-10-09,1593.8,1902.0,1509.6,2025-07-10,1509.6,2068.5,1495.8,2025-04-09,1495.8,2068.5,-15.23,2.81,18.29,21.29,11.98,16.96,-7.67,10.37,5.34,19.54,28.28,6.1,5.58,6.55,-10.02,0.92,-7.84,-18.6,-11.61,-13.48,6.7,1.0,,2025-10-09,OK,2026-10-10 12:55
PWL,PWL-EQ,759723,143.69,2026-10-09,161.99,2025-11-18,147.43,2026-07-10,147.43,161.99,101.8,2026-04-10,101.8,161.99,129.25,2026-01-09,129.25,161.99,,,,,,,,,,,,,-2.54,41.15,,44.82,14.07,,-21.24,,,,,,,,,,,,,,,,,2025-10-09,NOT LISTED ON BACK DATE,2026-10-10 12:55
PIDILITIND,PIDILITIND-EQ,2664,1482.0,2026-10-09,1707.5,2024-03-26,1598.5,2026-07-10,1598.5,1626.7,1357.1,2026-04-10,1357.1,1574.95,1484.3,2026-01-09,1484.3,1574.95,1510.4,2025-10-09,1510.4,1652.2,1532.55,2025-07-10,1532.55,1707.5,1469.9,2025-04-09,1469.9,1707.5,-7.29,9.2,4.08,17.79,7.69,-1.7,-8.57,-10.16,-4.52,-1.74,-1.07,-1.58,-1.45,2.76,-2.34,4.26,3.61,-2.6,1.09,-7.39,-9.36,1.0,,2025-10-09,OK,2026-10-10 12:55
PINELABS,PINELABS-EQ,759820,163.07,2026-10-09,284.0,2025-11-14,145.27,2026-07-10,145.27,284.0,177.56,2026-04-10,177.56,284.0,222.7,2026-01-09,222.7,284.0,,,,,,,,,,,,,12.25,-8.16,,-18.19,-34.77,,-20.27,,,,,,,,,,,,,,,,,2025-10-09,NOT LISTED ON BACK DATE,2026-10-10 12:55
PIRAMALFIN,PIRAMALFIN-EQ,759551,1971.2,2026-10-09,2326.4,2025-11-07,2166.9,2026-07-10,2166.9,2220.0,1749.3,2026-04-10,1749.3,1954.5,1860.0,2026-01-09,1860.0,1915.0,,,,,,,,,,,,,-9.03,12.69,,23.87,16.5,,-5.95,,,,,,,,,,,,,,,,,2025-10-09,NOT LISTED ON BACK DATE,2026-10-10 12:55
PPLPHARMA,PPLPHARMA-EQ,11571,196.88,2026-10-09,231.93,2024-03-26,177.16,2026-07-10,177.16,220.85,145.98,2026-04-10,145.98,228.45,168.53,2026-01-09,168.53,251.95,197.67,2025-10-09,197.67,307.9,200.64,2025-07-10,200.64,307.9,208.37,2025-04-09,208.37,307.9,11.13,34.87,10.28,21.36,5.12,-18.23,-13.38,-27.62,-25.41,-16.44,-16.15,-27.9,-1.48,-5.14,-11.57,-3.71,-15.4,35.13,-15.19,-7.02,41.83,1.0,,2025-10-09,OK,2026-10-10 12:55
POLYMED,POLYMED-EQ,25718,1587.1,2026-10-09,2094.3,2024-03-26,1668.3,2026-07-10,1668.3,2231.5,1462.3,2026-04-10,1462.3,2937.6,1776.3,2026-01-09,1776.3,2937.6,1901.6,2025-10-09,1901.6,3357.8,2219.6,2025-07-10,2219.6,3357.8,2036.9,2025-04-09,2036.9,3357.8,-4.87,8.53,-9.34,14.09,-6.08,-36.14,-17.68,-22.87,-34.54,-6.31,-19.95,-29.97,-14.33,-6.64,-14.48,8.97,-17.49,6.43,-26.1,-13.11,46.75,1.0,,2025-10-09,OK,2026-10-10 12:55
POLYCAB,POLYCAB-EQ,9590,8255.0,2026-10-09,10126.0,2024-03-26,9210.5,2026-07-10,9210.5,10126.0,7728.0,2026-04-10,7728.0,8722.0,7685.0,2026-01-09,7685.0,7948.0,7631.0,2025-10-09,7631.0,7714.0,6781.0,2025-07-10,6781.0,7605.0,5005.0,2025-04-09,5005.0,7605.0,-10.37,6.82,9.47,19.18,19.85,40.44,0.56,-0.03,48.44,-0.58,14.61,5.77,12.54,52.47,-2.75,35.48,0.47,-3.46,-27.51,-32.33,-6.1,1.0,,2025-10-09,OK,2026-10-10 12:55
POONAWALLA,POONAWALLA-EQ,11403,447.3,2026-10-09,544.8,2024-03-26,477.0,2026-07-10,477.0,570.4,400.25,2026-04-10,400.25,570.4,462.05,2026-01-09,462.05,570.4,530.85,2025-10-09,530.85,570.4,467.3,2025-07-10,467.3,483.4,352.25,2025-04-09,352.25,514.0,-6.23,11.76,-15.49,19.18,3.24,-18.64,-13.38,-24.36,18.58,-12.68,1.59,43.31,13.6,50.7,10.42,32.66,49.08,5.11,9.46,-9.74,-41.17,1.0,,2025-10-09,OK,2026-10-10 12:55
PFC,PFC-EQ,14299,327.8,2026-10-09,486.5,2024-03-26,406.5,2026-07-10,406.5,486.5,434.9,2026-04-10,434.9,444.1,358.9,2026-01-09,358.9,444.1,402.35,2025-10-09,402.35,523.9,429.45,2025-07-10,429.45,580.0,393.85,2025-04-09,393.85,580.0,-19.36,-24.63,-12.66,-6.53,13.26,0.43,21.18,7.69,3.31,-11.13,-16.72,-18.51,-6.31,2.16,-16.55,9.04,1.78,-23.07,-9.44,-16.34,-2.11,1.0,,2025-10-09,OK,2026-10-10 12:55
POWERGRID,POWERGRID-EQ,14977,249.15,2026-10-09,324.95,2024-03-26,283.1,2026-07-10,283.1,324.95,302.75,2026-04-10,302.75,322.0,258.0,2026-01-09,258.0,322.0,286.15,2025-10-09,286.15,345.4,299.25,2025-07-10,299.25,366.25,293.4,2025-04-09,293.4,366.25,-11.99,-17.7,-7.09,-6.49,9.73,-4.03,17.34,4.7,1.84,-10.77,-13.58,-13.02,-4.38,-2.47,-13.92,1.99,-1.97,-13.0,-4.32,-11.02,-3.52,1.0,,2025-10-09,OK,2026-10-10 12:55
PREMIERENE,PREMIERENE-EQ,25049,895.35,2026-10-09,1134.0,2024-09-03,1117.2,2026-07-10,1117.2,1136.4,975.2,2026-04-10,975.2,1163.9,717.45,2026-01-09,717.45,1212.0,1029.1,2025-10-09,1029.1,1388.0,1115.8,2025-07-10,1115.8,1388.0,854.15,2025-04-09,854.15,1388.0,-19.86,-8.19,-5.17,14.56,55.72,-4.47,35.93,-4.73,-7.73,-29.91,-35.07,-28.69,-7.77,20.48,-7.46,30.63,-7.94,,-31.98,-20.84,,1.0,,2025-10-09,OK,2026-10-10 12:55
PRESTIGE,PRESTIGE-EQ,20302,1406.8,2026-10-09,1805.2,2024-03-26,1733.2,2026-07-10,1733.2,1814.0,1322.4,2026-04-10,1322.4,1814.0,1564.1,2026-01-09,1564.1,1814.0,1582.9,2025-10-09,1582.9,1909.85,1696.5,2025-07-10,1696.5,1972.0,1079.45,2025-04-09,1079.45,2074.8,-18.83,6.38,-2.68,31.06,10.81,-21.72,-15.45,-18.45,17.79,-3.55,-7.72,6.39,-6.7,46.64,-16.98,57.16,11.52,-6.9,-31.18,-41.91,-10.67,1.0,,2025-10-09,OK,2026-10-10 12:55
PFOCUS,PFOCUS-EQ,13496,261.1,2026-10-09,367.0,2024-03-26,256.69,2026-07-10,256.69,367.0,334.5,2026-04-10,334.5,359.0,230.22,2026-01-09,230.22,248.53,166.27,2025-10-09,166.27,203.7,159.21,2025-07-10,159.21,175.0,90.34,2025-04-09,90.34,164.89,1.72,-21.94,90.23,-23.26,11.5,42.75,45.3,98.89,205.01,36.89,45.72,65.34,4.43,84.05,27.16,76.23,25.03,-15.56,-32.35,-39.86,-5.21,1.0,,2025-10-09,OK,2026-10-10 12:55
PRIVISCL,PRIVISCL-EQ,8825,3424.1,2026-10-09,3785.3,2024-03-26,3662.8,2026-07-10,3662.8,3760.0,2900.1,2026-04-10,2900.1,3440.5,2695.5,2026-01-09,2695.5,3440.5,2483.7,2025-10-09,2483.7,2660.0,2457.5,2025-07-10,2457.5,2584.8,1728.95,2025-04-09,1728.95,2017.0,-6.52,18.07,42.44,26.3,35.89,27.43,7.59,15.19,67.73,7.07,11.46,67.35,1.07,43.65,46.63,42.14,32.6,47.47,-7.32,11.22,35.66,1.0,,2025-10-09,OK,2026-10-10 12:55
PNB,PNB-EQ,10666,116.98,2026-10-09,135.15,2024-03-26,105.41,2026-07-10,105.41,135.15,111.8,2026-04-10,111.8,135.15,122.9,2026-01-09,122.9,128.24,114.3,2025-10-09,114.3,115.71,109.76,2025-07-10,109.76,128.8,95.76,2025-04-09,95.76,142.9,10.98,4.63,1.15,-5.72,-14.23,-2.36,-9.03,-4.64,20.97,4.83,11.51,14.83,4.14,19.36,0.17,14.62,7.58,-6.25,-6.09,-8.01,-33.13,1.0,,2025-10-09,OK,2026-10-10 12:55
RRKABEL,RRKABEL-EQ,18566,2705.6,2026-10-09,2983.8,2024-03-26,2225.7,2026-07-10,2225.7,2549.0,1396.6,2026-04-10,1396.6,1578.2,1507.0,2026-01-09,1507.0,1562.6,1255.3,2025-10-09,1255.3,1814.8,1344.5,2025-07-10,1344.5,1839.7,892.0,2025-04-09,892.0,1901.95,21.56,93.73,92.77,59.37,47.69,61.21,-7.33,9.74,59.71,18.42,13.13,2.0,-6.63,40.73,-29.67,50.73,-2.96,-24.73,-36.25,-48.57,-43.45,1.0,,2025-10-09,OK,2026-10-10 12:55
RBLBANK,RBLBANK-EQ,18391,418.0,2026-10-09,429.6,2024-03-26,380.65,2026-07-10,380.65,381.7,322.15,2026-04-10,322.15,340.4,305.9,2026-01-09,305.9,332.0,286.7,2025-10-09,286.7,290.45,254.65,2025-07-10,254.65,266.9,168.67,2025-04-09,168.67,272.05,9.81,29.75,45.1,18.16,24.44,40.17,5.31,10.48,76.5,4.9,15.8,90.68,12.59,69.98,39.46,50.98,60.78,-9.0,4.34,-13.98,-37.78,1.0,,2025-10-09,OK,2026-10-10 12:55
RECLTD,RECLTD-EQ,15355,300.0,2026-10-09,388.3,2024-03-26,351.95,2026-07-10,351.95,408.25,349.8,2026-04-10,349.8,448.0,363.6,2026-01-09,363.6,495.6,371.6,2025-10-09,371.6,573.3,397.55,2025-07-10,397.55,654.0,389.45,2025-04-09,389.45,654.0,-14.76,-14.24,-15.37,0.61,-3.2,-12.26,-3.8,-6.21,-14.48,-2.51,-9.34,-30.25,-6.53,-4.58,-30.86,2.08,-19.07,-32.83,-22.67,-26.85,-10.59,1.0,,2025-10-09,OK,2026-10-10 12:55
RHIM,RHIM-EQ,31163,369.1,2026-10-09,499.6,2024-03-26,420.35,2026-07-10,420.35,537.7,387.25,2026-04-10,387.25,537.7,451.4,2026-01-09,451.4,547.9,451.0,2025-10-09,451.0,640.0,483.55,2025-07-10,483.55,672.0,458.6,2025-04-09,458.6,755.55,-12.19,-4.69,-16.43,8.55,-6.88,-23.72,-14.21,-13.51,-17.1,0.82,-5.52,-12.29,-6.73,-1.66,-20.49,5.44,-3.48,-24.85,-7.01,-22.21,-33.87,1.0,,2025-10-09,OK,2026-10-10 12:55
RITES,RITES-EQ,3761,198.66,2026-10-09,259.7,2024-03-26,226.62,2026-07-10,226.62,284.0,207.15,2026-04-10,207.15,316.0,232.25,2026-01-09,232.25,316.0,252.16,2025-10-09,252.16,325.0,280.2,2025-07-10,280.2,397.0,215.56,2025-04-09,215.56,398.45,-12.34,-4.1,-16.27,9.4,-2.42,-27.63,-10.81,-18.61,-7.35,-8.75,-16.53,-18.42,-10.01,16.98,-16.99,29.99,2.06,-17.33,-22.9,-33.69,-37.17,1.0,,2025-10-09,OK,2026-10-10 12:55
RADICO,RADICO-EQ,10990,4550.0,2026-10-09,4747.0,2024-03-26,4073.7,2026-07-10,4073.7,4161.8,2792.7,2026-04-10,2792.7,3591.9,2945.8,2026-01-09,2945.8,3591.9,2987.8,2025-10-09,2987.8,3067.0,2698.4,2025-07-10,2698.4,2786.9,2320.8,2025-04-09,2320.8,2637.7,11.69,62.92,47.73,45.87,38.29,28.86,-5.2,-6.55,24.7,-1.43,8.37,35.35,10.72,28.74,30.31,16.27,12.98,59.34,-3.75,9.66,31.5,1.0,,2025-10-09,OK,2026-10-10 12:55
RVNL,RVNL-EQ,9552,190.65,2026-10-09,400.7,2024-03-26,232.67,2026-07-10,232.67,400.7,275.0,2026-04-10,275.0,447.8,332.2,2026-01-09,332.2,501.8,344.4,2025-10-09,344.4,514.65,384.7,2025-07-10,384.7,647.0,337.65,2025-04-09,337.65,647.0,-18.06,-30.67,-39.9,-15.39,-29.96,-40.69,-17.22,-19.59,-17.9,-2.87,-12.96,-24.71,-10.48,2.0,-30.87,13.93,-6.24,-30.04,-19.11,-29.78,28.08,1.0,,2025-10-09,OK,2026-10-10 12:55
RAILTEL,RAILTEL-EQ,2431,248.15,2026-10-09,391.25,2024-03-26,307.5,2026-07-10,307.5,426.0,286.9,2026-04-10,286.9,478.95,343.55,2026-01-09,343.55,478.95,383.6,2025-10-09,383.6,478.95,408.1,2025-07-10,408.1,617.8,284.9,2025-04-09,284.9,617.8,-19.3,-13.51,-31.23,7.18,-10.49,-25.81,-16.49,-25.28,-0.49,-10.52,-16.44,-20.25,-6.0,34.64,-12.33,43.24,2.08,-14.0,-30.44,-31.46,-24.35,1.0,,2025-10-09,OK,2026-10-10 12:55
RAINBOW,RAINBOW-EQ,9408,1250.2,2026-10-09,1610.0,2024-03-26,1470.4,2026-07-10,1470.4,1645.7,1249.7,2026-04-10,1249.7,1645.7,1272.8,2026-01-09,1272.8,1645.7,1320.0,2025-10-09,1320.0,1709.6,1535.1,2025-07-10,1535.1,1709.6,1486.35,2025-04-09,1486.35,1709.6,-14.98,0.04,9.93,17.66,15.52,-12.67,-1.81,-7.19,-19.0,-5.47,-16.66,-14.34,-14.01,-11.19,5.47,3.28,-3.59,11.8,-7.89,5.65,-5.91,1.0,,2025-10-09,OK,2026-10-10 12:55
RKFORGE,RKFORGE-EQ,11411,685.45,2026-10-09,772.8,2024-03-26,565.3,2026-07-10,565.3,684.9,544.05,2026-04-10,544.05,775.05,501.9,2026-01-09,501.9,1020.0,549.9,2025-10-09,549.9,1064.05,683.25,2025-07-10,683.25,1064.05,740.4,2025-04-09,740.4,1064.05,21.25,25.99,31.06,3.91,12.63,-18.61,8.4,-1.44,-25.05,-9.08,-24.06,-42.13,-19.52,-25.73,-37.28,-7.72,-24.39,-25.58,-18.02,-20.09,0.38,1.0,,2025-10-09,OK,2026-10-10 12:55
REDINGTON,REDINGTON-EQ,14255,380.0,2026-10-09,419.5,2024-03-26,280.4,2026-07-10,280.4,314.4,221.18,2026-04-10,221.18,334.8,273.3,2026-01-09,273.3,334.8,268.6,2025-10-09,268.6,334.8,297.55,2025-07-10,297.55,334.8,204.72,2025-04-09,204.72,263.89,35.52,71.81,40.75,26.77,2.6,-22.79,-19.07,-23.76,20.8,-5.79,-8.84,35.72,-9.73,31.2,31.64,45.34,46.4,39.87,1.2,10.77,10.3,1.0,,2025-10-09,OK,2026-10-10 12:55
RELIANCE,RELIANCE-EQ,2885,1170.3,2026-10-09,1611.8,2024-03-26,1307.8,2026-07-10,1307.8,1611.8,1350.2,2026-04-10,1350.2,1611.8,1475.3,2026-01-09,1475.3,1611.8,1377.8,2025-10-09,1377.8,1551.0,1517.2,2025-07-10,1517.2,1605.85,1185.35,2025-04-09,1185.35,1608.8,-10.51,-13.32,-7.17,-3.14,-11.35,-17.03,-8.48,-2.28,17.28,6.77,-1.33,22.49,-9.19,16.24,0.12,28.0,20.92,-9.2,-6.33,-13.77,-15.39,1.0,,2025-10-09,OK,2026-10-10 12:55
RPOWER,RPOWER-EQ,15259,20.01,2026-10-09,50.73,2024-03-26,25.12,2026-07-10,25.12,66.85,25.21,2026-04-10,25.21,76.49,33.88,2026-01-09,33.88,76.49,44.45,2025-10-09,44.45,76.49,64.42,2025-07-10,64.42,76.49,39.0,2025-04-09,39.0,53.64,-20.34,-20.63,-50.48,-0.36,-25.86,-58.6,-25.59,-48.11,-41.38,-30.26,-47.72,-15.6,-31.0,13.97,-3.4,65.18,60.01,158.58,-7.98,-19.2,15.5,1.0,,2025-10-09,OK,2026-10-10 12:55
RUBICON,RUBICON-EQ,759316,1548.5,2026-10-09,1899.0,2025-10-16,1431.4,2026-07-10,1431.4,1468.7,836.1,2026-04-10,836.1,885.8,650.45,2026-01-09,650.45,754.8,,,,,,,,,,,,,8.18,85.21,,71.2,120.06,,28.54,,,,,,,,,,,,,,,,,2025-10-09,NOT LISTED ON BACK DATE,2026-10-10 12:55
SBICARD,SBICARD-EQ,17971,562.0,2026-10-09,965.0,2024-03-26,611.65,2026-07-10,611.65,1004.75,677.5,2026-04-10,677.5,1027.25,863.2,2026-01-09,863.2,1027.25,923.1,2025-10-09,923.1,1027.25,935.5,2025-07-10,935.5,1027.25,846.55,2025-04-09,846.55,884.5,-8.12,-17.05,-27.59,-9.72,-29.14,-37.93,-21.51,-26.5,-15.54,-6.35,-5.5,18.43,-1.33,9.04,10.84,10.51,28.03,34.48,14.83,14.52,12.12,1.0,,2025-10-09,OK,2026-10-10 12:55
SBILIFE,SBILIFE-EQ,21808,1684.6,2026-10-09,2132.0,2024-03-26,1862.9,2026-07-10,1862.9,2132.0,1923.2,2026-04-10,1923.2,2132.0,2070.0,2026-01-09,2070.0,2109.6,1809.8,2025-10-09,1809.8,1912.0,1810.2,2025-07-10,1810.2,1936.0,1481.65,2025-04-09,1481.65,1936.0,-9.57,-12.41,-6.95,-3.14,-10.0,-4.5,-7.09,6.23,30.84,14.34,12.79,37.19,-0.02,22.15,3.93,22.17,23.27,14.54,1.26,-14.72,-6.03,1.0,,2025-10-09,OK,2026-10-10 12:55
SJVN,SJVN-EQ,18883,55.27,2026-10-09,91.36,2024-03-26,70.88,2026-07-10,70.88,101.45,72.15,2026-04-10,72.15,107.5,78.13,2026-01-09,78.13,107.5,89.87,2025-10-09,89.87,124.5,97.61,2025-07-10,97.61,159.65,90.03,2025-04-09,90.03,159.65,-22.02,-23.4,-25.58,-1.76,-9.28,-26.43,-7.65,-19.92,-21.66,-13.29,-20.14,-26.65,-7.93,-0.18,-23.55,8.42,-3.05,-27.18,-12.6,-25.6,-34.35,1.0,,2025-10-09,OK,2026-10-10 12:55
SHRIPISTON,SHRIPISTON-EQ,17186,4284.5,2026-10-09,4843.0,2024-03-26,4189.6,2026-07-10,4189.6,4421.5,3608.2,2026-04-10,3608.2,3653.0,3185.2,2026-01-09,3185.2,3407.2,2661.8,2025-10-09,2661.8,2785.0,2439.7,2025-07-10,2439.7,2610.0,1706.8,2025-04-09,1706.8,2399.0,2.27,18.74,69.09,16.11,31.53,40.38,13.28,35.05,78.09,19.22,32.3,50.3,9.1,55.95,24.74,42.94,16.6,33.0,-17.29,-21.05,-15.95,1.0,,2025-10-09,OK,2026-10-10 12:55
SRF,SRF-EQ,3273,2519.5,2026-10-09,3210.0,2024-03-26,2774.6,2026-07-10,2774.6,3265.7,2473.4,2026-04-10,2473.4,3325.0,3021.1,2026-01-09,3021.1,3325.0,2996.9,2025-10-09,2996.9,3325.0,3259.6,2025-07-10,3259.6,3325.0,2744.4,2025-04-09,2744.4,3054.9,-9.19,1.86,-15.91,12.18,-8.16,-16.12,-18.13,-18.22,-9.32,-0.11,-5.07,9.64,-8.06,9.2,25.67,18.77,21.9,28.83,16.74,17.55,13.31,1.0,,2025-10-09,OK,2026-10-10 12:55
SAGILITY,SAGILITY-EQ,27052,44.0,2026-10-09,57.89,2024-11-12,42.53,2026-07-10,42.53,57.89,42.11,2026-04-10,42.11,57.89,50.14,2026-01-09,50.14,57.89,44.77,2025-10-09,44.77,56.4,44.68,2025-07-10,44.68,56.4,37.99,2025-04-09,37.99,56.4,3.46,4.49,0.96,1.0,-15.18,-10.16,-16.02,-9.19,4.74,8.13,11.94,-5.34,0.2,17.85,,17.61,-12.56,,-27.01,,,1.0,,2025-10-09,OK,2026-10-10 12:55
SAILIFE,SAILIFE-EQ,27839,1487.9,2026-10-09,1697.0,2024-12-18,1265.0,2026-07-10,1265.0,1287.0,999.0,2026-04-10,999.0,1084.0,923.3,2026-01-09,923.3,983.35,851.55,2025-10-09,851.55,943.0,783.05,2025-07-10,783.05,838.5,640.25,2025-04-09,640.25,808.8,17.62,48.94,96.75,26.63,37.01,51.73,8.2,15.97,58.38,7.18,18.05,22.23,8.75,33.0,,22.3,7.44,,-12.26,,,1.0,,2025-10-09,OK,2026-10-10 12:55
SAMMAANCAP,SAMMAANCAP-EQ,30125,126.44,2026-10-09,192.95,2024-03-26,166.46,2026-07-10,166.46,192.95,155.84,2026-04-10,155.84,192.95,144.56,2026-01-09,144.56,192.95,161.06,2025-10-09,161.06,170.25,132.0,2025-07-10,132.0,179.3,105.96,2025-04-09,105.96,183.3,-24.04,-18.87,-6.79,6.81,15.15,31.83,7.8,-3.93,37.52,-10.89,13.64,-8.7,22.02,52.0,-9.81,24.58,-15.39,-24.76,-33.42,-29.9,-36.68,1.0,,2025-10-09,OK,2026-10-10 12:55
MOTHERSON,MOTHERSON-EQ,4204,153.0,2026-10-09,173.27,2024-03-26,143.19,2026-07-10,143.19,155.25,122.16,2026-04-10,122.16,136.15,115.64,2026-01-09,115.64,124.71,103.44,2025-10-09,103.44,143.91,102.35,2025-07-10,102.35,144.66,75.34,2025-04-09,75.34,144.66,6.85,25.25,58.26,17.22,23.82,38.94,5.64,17.35,61.12,11.09,15.06,17.28,1.06,37.3,-28.06,35.85,3.23,-20.78,-25.35,-45.16,6.8,1.0,,2025-10-09,OK,2026-10-10 12:55
SANSERA,SANSERA-EQ,5751,4124.7,2026-10-09,4743.5,2024-03-26,3304.0,2026-07-10,3304.0,3339.0,2337.5,2026-04-10,2337.5,2396.0,1812.8,2026-01-09,1812.8,1958.3,1418.2,2025-10-09,1418.2,1706.55,1394.0,2025-07-10,1394.0,1758.3,1030.55,2025-04-09,1030.55,1758.3,24.84,76.46,191.63,41.35,82.26,106.69,28.94,61.97,111.31,25.61,33.82,19.01,1.74,37.62,-13.94,35.27,0.5,0.11,-26.22,-36.37,10.13,1.0,,2025-10-09,OK,2026-10-10 12:55
SARDAEN,SARDAEN-EQ,17758,481.15,2026-10-09,624.0,2024-03-26,500.95,2026-07-10,500.95,639.75,554.6,2026-04-10,554.6,639.75,477.75,2026-01-09,477.75,639.75,571.25,2025-10-09,571.25,639.75,441.5,2025-07-10,441.5,563.45,418.6,2025-04-09,418.6,563.45,-3.95,-13.24,-4.45,-9.67,4.86,18.75,16.09,-2.3,30.04,-15.84,5.53,3.67,29.39,36.47,17.55,5.47,-6.4,66.23,-12.5,-15.81,132.72,1.0,,2025-10-09,OK,2026-10-10 12:55
SCHAEFFLER,SCHAEFFLER-EQ,1011,3667.6,2026-10-09,4467.7,2024-03-26,4085.0,2026-07-10,4085.0,4467.7,3905.5,2026-04-10,3905.5,4467.7,3730.0,2026-01-09,3730.0,4392.0,4177.4,2025-10-09,4177.4,4392.0,4223.5,2025-07-10,4223.5,4364.8,2983.25,2025-04-09,2983.25,4951.0,-10.22,-6.09,-5.83,4.6,9.52,-5.06,4.71,-5.1,35.77,-9.37,-10.24,12.18,-1.09,40.03,1.0,41.57,22.74,0.96,-15.38,-22.69,2.04,1.0,,2025-10-09,OK,2026-10-10 12:55
SCHNEIDER,SCHNEIDER-EQ,31234,1176.9,2026-10-09,1548.0,2024-03-26,1414.2,2026-07-10,1414.2,1548.0,1010.1,2026-04-10,1010.1,1052.0,644.25,2026-01-09,644.25,1052.0,826.9,2025-10-09,826.9,1052.0,836.7,2025-07-10,836.7,884.55,563.75,2025-04-09,563.75,980.0,-16.78,16.51,44.37,40.01,119.51,29.43,56.79,21.81,61.15,-22.31,-24.61,-3.35,-1.17,46.68,6.07,48.42,12.45,-9.85,-25.87,-31.74,-23.75,1.0,,2025-10-09,OK,2026-10-10 12:55
SCI,SCI-EQ,3048,277.25,2026-10-09,368.75,2024-03-26,284.9,2026-07-10,284.9,368.75,243.29,2026-04-10,243.29,280.5,214.74,2026-01-09,214.74,280.5,221.06,2025-10-09,221.06,249.95,223.56,2025-07-10,223.56,384.2,165.91,2025-04-09,165.91,384.2,-2.69,13.96,29.99,17.1,32.67,28.6,13.3,9.53,44.69,-3.33,-3.12,9.27,-1.12,33.24,-14.17,34.75,8.6,-21.81,-19.99,-31.04,-29.47,1.0,,2025-10-09,OK,2026-10-10 12:55
SHREECEM,SHREECEM-EQ,3103,22080.0,2026-10-09,30285.0,2024-03-26,26615.0,2026-07-10,26615.0,32490.0,24340.0,2026-04-10,24340.0,32490.0,26965.0,2026-01-09,26965.0,32490.0,29485.0,2025-10-09,29485.0,32490.0,31175.0,2025-07-10,31175.0,31920.0,30370.25,2025-04-09,30370.25,31237.95,-17.04,-9.29,-22.16,9.35,-1.3,-23.5,-9.73,-17.34,-21.83,-8.42,-13.6,-0.33,-5.42,-2.91,20.88,2.65,20.08,6.88,16.69,21.6,7.28,1.0,,2025-10-09,OK,2026-10-10 12:55
SHRIRAMFIN,SHRIRAMFIN-EQ,4306,940.45,2026-10-09,1153.7,2024-03-26,1044.1,2026-07-10,1044.1,1108.0,1027.55,2026-04-10,1027.55,1108.0,975.4,2026-01-09,975.4,1025.6,669.05,2025-10-09,669.05,717.5,671.75,2025-07-10,671.75,730.45,624.55,2025-04-09,624.55,730.45,-9.93,-8.48,53.8,1.61,7.04,33.58,5.35,54.51,65.19,46.67,45.96,48.98,-0.4,7.13,-12.19,7.56,19.53,26.79,7.73,-7.83,22.65,1.0,,2025-10-09,OK,2026-10-10 12:55
SHYAMMETL,SHYAMMETL-EQ,4693,1060.1,2026-10-09,1148.0,2024-03-26,975.1,2026-07-10,975.1,1014.0,838.8,2026-04-10,838.8,1001.0,804.85,2026-01-09,804.85,1001.0,945.7,2025-10-09,945.7,1001.0,858.55,2025-07-10,858.55,956.9,834.8,2025-04-09,834.8,956.9,8.72,26.38,13.53,16.25,21.15,12.85,4.22,-9.97,-5.9,-13.61,-5.37,0.52,10.15,13.28,-0.06,2.84,9.33,29.38,6.53,-10.31,31.82,1.0,,2025-10-09,OK,2026-10-10 12:55
ENRIN,ENRIN-EQ,756871,3101.0,2026-10-09,3968.0,2025-06-19,3526.9,2026-07-10,3526.9,3968.0,2813.5,2026-04-10,2813.5,3625.0,2403.8,2026-01-09,2403.8,3625.0,3241.1,2025-10-09,3241.1,3625.0,3140.3,2025-07-10,3140.3,3230.0,,,,,-12.08,10.22,-1.77,25.36,46.72,9.06,17.04,-13.04,,-25.71,-24.33,,3.21,,,,,,,,,1.0,,2025-10-09,OK,2026-10-10 12:55
SIEMENS,SIEMENS-EQ,3150,3595.0,2026-10-09,4149.4,2024-03-26,3496.5,2026-07-10,3496.5,3937.3,3388.5,2026-04-10,3388.5,3440.0,3043.8,2026-01-09,3043.8,3409.0,3178.4,2025-10-09,3178.4,4041.73,3191.6,2025-07-10,3191.6,4041.73,2715.85,2025-04-09,2715.85,4041.73,2.82,6.09,24.25,3.19,14.87,12.25,11.32,7.66,20.49,-3.29,-2.37,2.5,-0.41,17.03,-16.42,17.52,2.88,-13.57,-13.24,-28.84,-11.25,1.0,,2025-10-09,OK,2026-10-10 12:55
SIGNATURE,SIGNATURE-EQ,18743,710.05,2026-10-09,1153.9,2024-03-26,848.85,2026-07-10,848.85,1275.0,821.5,2026-04-10,821.5,1309.5,1001.0,2026-01-09,1001.0,1344.0,1005.7,2025-10-09,1005.7,1564.4,1266.9,2025-07-10,1266.9,1647.0,1069.5,2025-04-09,1069.5,1647.0,-16.35,-13.57,-21.77,3.33,-15.2,-38.51,-17.93,-20.26,-21.23,-2.83,-20.25,-15.57,-20.62,-5.97,-28.16,18.46,-3.19,-14.53,-21.52,-30.74,-21.98,1.0,,2025-10-09,OK,2026-10-10 12:55
SOBHA,SOBHA-EQ,13826,1161.7,2026-10-09,1732.0,2024-03-26,1511.3,2026-07-10,1511.3,1732.5,1299.9,2026-04-10,1299.9,1732.5,1557.2,2026-01-09,1557.2,1732.5,1442.2,2025-10-09,1442.2,1830.65,1522.4,2025-07-10,1522.4,2070.0,1108.85,2025-04-09,1108.85,2160.8,-23.13,-10.63,-14.75,16.26,-2.95,-14.82,-16.52,-10.48,22.19,7.25,3.82,4.62,-5.27,30.06,-15.94,37.3,10.04,-18.9,-22.78,-34.77,-22.48,1.0,,2025-10-09,OK,2026-10-10 12:55
SOLARINDS,SOLARINDS-EQ,13332,20000.0,2026-10-09,22700.0,2024-03-26,18236.0,2026-07-10,18236.0,18972.0,14073.0,2026-04-10,14073.0,17820.0,13191.0,2026-01-09,13191.0,17820.0,14239.0,2025-10-09,14239.0,17820.0,15904.0,2025-07-10,15904.0,17820.0,10873.55,2025-04-09,10873.55,13298.0,9.67,42.12,57.0,29.58,38.25,11.27,6.69,-0.26,33.49,-6.51,-14.46,29.27,-10.47,30.95,23.53,46.26,65.05,36.76,13.02,-3.24,12.95,1.0,,2025-10-09,OK,2026-10-10 12:55
SONACOMS,SONACOMS-EQ,4684,783.3,2026-10-09,844.0,2024-03-26,668.55,2026-07-10,668.55,682.2,554.25,2026-04-10,554.25,559.85,459.65,2026-01-09,459.65,588.95,429.45,2025-10-09,429.45,744.9,454.65,2025-07-10,454.65,768.65,407.45,2025-04-09,407.45,768.65,17.16,41.33,86.17,20.62,45.45,29.61,20.58,28.06,26.73,6.2,2.8,-16.65,-5.54,5.4,-33.81,11.58,-19.64,-25.13,-28.91,-39.47,-20.47,1.0,,2025-10-09,OK,2026-10-10 12:55
STARHEALTH,STARHEALTH-EQ,7083,552.1,2026-10-09,624.9,2024-03-26,603.25,2026-07-10,603.25,614.2,469.45,2026-04-10,469.45,534.0,455.0,2026-01-09,455.0,534.0,478.6,2025-10-09,478.6,571.95,427.15,2025-07-10,427.15,647.0,358.2,2025-04-09,358.2,647.0,-8.48,17.61,19.5,28.5,32.58,22.77,3.18,-1.94,27.28,-4.96,7.11,-1.13,12.04,33.61,-23.84,19.25,-9.92,-19.81,-24.54,-38.0,-35.07,1.0,,2025-10-09,OK,2026-10-10 12:55
SBIN,SBIN-EQ,3045,959.1,2026-10-09,1234.7,2024-03-26,1036.0,2026-07-10,1036.0,1234.7,1066.7,2026-04-10,1066.7,1234.7,1000.5,2026-01-09,1000.5,1024.0,862.1,2025-10-09,862.1,880.5,808.0,2025-07-10,808.0,899.0,742.2,2025-04-09,742.2,912.0,-7.42,-10.09,16.05,-2.88,3.55,24.16,6.62,21.13,47.01,13.61,23.72,26.21,6.7,16.15,1.44,8.87,6.25,-3.76,-3.75,-6.92,-4.62,1.0,,2025-10-09,OK,2026-10-10 12:55
SAIL,SAIL-EQ,2963,171.55,2026-10-09,209.7,2024-03-26,167.95,2026-07-10,167.95,209.7,166.02,2026-04-10,166.02,169.0,145.67,2026-01-09,145.67,152.8,136.46,2025-10-09,136.46,139.98,134.78,2025-07-10,134.78,156.35,104.97,2025-04-09,104.97,175.35,2.14,3.33,36.6,1.16,15.29,34.83,13.97,25.61,46.59,10.21,8.44,18.71,1.25,30.0,-0.68,28.4,24.5,-11.89,-4.36,-19.46,-29.12,1.0,,2025-10-09,OK,2026-10-10 12:55
STLTECH,STLTECH-BE,9313,1015.2,2026-10-09,1051.1,2024-03-26,543.05,2026-07-10,543.05,679.9,231.22,2026-04-10,231.22,235.4,93.95,2026-01-09,93.95,140.4,118.38,2025-10-09,118.38,140.4,108.63,2025-07-10,108.63,155.05,74.84,2025-04-09,74.84,155.05,86.94,339.06,631.46,134.86,478.02,436.09,146.11,98.1,154.65,-19.51,-8.69,-13.53,8.98,58.18,-4.95,45.15,-2.26,-45.33,-33.68,-39.25,-42.18,1.0,,2025-10-09,OK,2026-10-10 12:55
SUMICHEM,SUMICHEM-EQ,17105,417.3,2026-10-09,572.05,2024-03-26,513.7,2026-07-10,513.7,665.0,418.6,2026-04-10,418.6,665.0,440.9,2026-01-09,440.9,665.0,524.65,2025-10-09,524.65,665.0,539.85,2025-07-10,539.85,628.3,558.6,2025-04-09,558.6,628.3,-18.77,-0.31,-8.18,22.72,16.51,-15.41,-5.06,-20.68,-29.53,-16.46,-18.74,-8.48,-2.82,-6.08,4.94,-3.36,8.35,2.78,9.39,3.54,27.59,1.0,,2025-10-09,OK,2026-10-10 12:55
SUNPHARMA,SUNPHARMA-EQ,3351,1760.0,2026-10-09,2046.9,2024-03-26,1935.5,2026-07-10,1935.5,1953.9,1654.9,2026-04-10,1654.9,1851.2,1729.9,2026-01-09,1729.9,1851.2,1658.5,2025-10-09,1658.5,1937.95,1662.5,2025-07-10,1662.5,1960.35,1652.2,2025-04-09,1652.2,1960.35,-9.07,6.35,12.44,16.96,11.89,7.45,-4.34,-0.96,10.51,3.53,3.46,-2.24,-0.24,0.38,-17.56,0.62,-8.97,5.65,-10.1,-14.43,0.56,1.0,,2025-10-09,OK,2026-10-10 12:55
SUNTV,SUNTV-EQ,13404,635.9,2026-10-09,663.9,2024-03-26,499.7,2026-07-10,499.7,660.7,598.1,2026-04-10,598.1,691.4,556.9,2026-01-09,556.9,691.4,578.3,2025-10-09,578.3,817.95,566.95,2025-07-10,566.95,921.0,647.95,2025-04-09,647.95,921.0,27.26,6.32,-22.31,-16.45,-10.27,-10.74,7.4,3.55,-10.8,-3.58,-1.69,-17.39,2.0,-10.75,-30.93,-12.5,-15.28,-19.67,-3.18,-19.95,-5.84,1.0,,2025-10-09,OK,2026-10-10 12:55
SUNDARMFIN,SUNDARMFIN-EQ,3339,4113.6,2026-10-09,5642.0,2024-03-26,4574.9,2026-07-10,4574.9,5642.0,4932.5,2026-04-10,4932.5,5642.0,5230.0,2026-01-09,5230.0,5419.0,4398.0,2025-10-09,4398.0,5419.0,5077.5,2025-07-10,5077.5,5535.85,4753.35,2025-04-09,4753.35,5535.85,-10.08,-16.6,7.5,-7.25,-12.53,-17.22,-5.69,11.86,12.02,18.61,4.79,5.9,-13.38,-7.48,-13.75,6.82,13.44,10.87,8.75,-10.27,-1.62,1.0,,2025-10-09,OK,2026-10-10 12:55
SUPREMEIND,SUPREMEIND-EQ,3363,3474.8,2026-10-09,4282.4,2024-03-26,3319.6,2026-07-10,3319.6,4664.9,3802.4,2026-04-10,3802.4,4739.0,3495.8,2026-01-09,3495.8,4739.0,4178.8,2025-10-09,4178.8,5459.25,4149.2,2025-07-10,4149.2,6006.05,3133.4,2025-04-09,3133.4,6460.0,4.68,-8.62,-15.84,-12.7,-5.04,-15.92,8.77,-10.27,28.87,-17.5,-15.03,-29.41,0.71,33.36,-19.64,32.42,-11.17,-25.54,-31.99,-42.49,-20.66,1.0,,2025-10-09,OK,2026-10-10 12:55
SUZLON,SUZLON-EQ,12018,37.6,2026-10-09,61.5,2024-03-26,53.92,2026-07-10,53.92,68.3,45.32,2026-04-10,45.32,74.3,49.2,2026-01-09,49.2,74.3,53.17,2025-10-09,53.17,77.89,65.97,2025-07-10,65.97,86.04,51.21,2025-04-09,51.21,86.04,-30.27,-17.03,-14.52,18.98,9.59,-18.02,-7.89,-16.55,-18.73,-9.41,-25.36,-10.95,-19.4,3.83,-25.6,28.82,13.98,24.41,-14.69,-33.22,30.17,1.0,,2025-10-09,OK,2026-10-10 12:55
SWANCORP,SWANCORP-EQ,27095,261.5,2026-10-09,493.6,2024-03-26,319.2,2026-07-10,319.2,526.7,323.7,2026-04-10,323.7,526.7,438.5,2026-01-09,438.5,702.0,437.55,2025-10-09,437.55,809.8,466.9,2025-07-10,466.9,809.8,395.0,2025-04-09,395.0,809.8,-18.08,-19.22,-36.54,-1.39,-27.21,-33.28,-26.18,-27.22,-10.58,-1.41,-3.38,-33.09,-6.29,10.77,-20.21,18.2,-30.68,-35.1,-43.32,-29.34,-35.54,1.0,,2025-10-09,OK,2026-10-10 12:55
SWIGGY,SWIGGY-EQ,27066,234.2,2026-10-09,459.95,2024-11-13,273.25,2026-07-10,273.25,474.0,275.0,2026-04-10,275.0,474.0,351.65,2026-01-09,351.65,514.8,436.9,2025-10-09,436.9,617.3,384.35,2025-07-10,384.35,617.3,339.75,2025-04-09,339.75,617.3,-14.29,-14.84,-35.28,-0.64,-22.29,-36.96,-21.8,-36.86,-16.23,-19.26,-8.69,-22.07,13.67,28.59,,13.13,-24.27,,-30.75,,,1.0,,2025-10-09,OK,2026-10-10 12:55
SYNGENE,SYNGENE-EQ,10243,347.4,2026-10-09,678.95,2024-03-26,420.35,2026-07-10,420.35,728.6,404.65,2026-04-10,404.65,754.85,625.7,2026-01-09,625.7,895.75,638.6,2025-10-09,638.6,960.6,634.3,2025-07-10,634.3,960.6,691.7,2025-04-09,691.7,960.6,-17.35,-14.15,-39.43,3.88,-32.82,-28.32,-35.33,-37.87,-40.99,-3.93,-0.07,-28.55,0.68,-7.68,-27.28,-8.3,-27.68,-11.6,-20.59,-21.97,-7.26,1.0,,2025-10-09,OK,2026-10-10 12:55
SYRMA,SYRMA-EQ,10793,1719.9,2026-10-09,1822.6,2024-03-26,1451.9,2026-07-10,1451.9,1517.7,868.6,2026-04-10,868.6,909.9,714.75,2026-01-09,714.75,909.9,821.75,2025-10-09,821.75,875.0,663.2,2025-07-10,663.2,682.5,433.2,2025-04-09,433.2,647.1,18.46,98.01,97.43,67.15,103.13,84.83,21.53,2.96,74.86,-15.28,5.35,23.43,23.91,89.69,110.1,53.09,11.51,9.71,-29.0,5.96,-10.3,1.0,,2025-10-09,OK,2026-10-10 12:55
TBOTEK,TBOTEK-EQ,23740,1666.4,2026-10-09,1772.5,2024-05-15,1504.9,2026-07-10,1504.9,1764.8,1180.3,2026-04-10,1180.3,1764.8,1522.0,2026-01-09,1522.0,1798.0,1533.0,2025-10-09,1533.0,1845.55,1342.6,2025-07-10,1342.6,2001.0,1050.45,2025-04-09,1050.45,2001.0,10.73,41.18,12.27,27.5,-1.12,-8.52,-22.45,-24.42,14.92,-2.54,14.84,-4.93,14.18,45.94,-5.82,27.81,-22.97,-27.79,-40.8,-39.77,,1.0,,2025-10-09,OK,2026-10-10 12:55
TDPOWERSYS,TDPOWERSYS-EQ,25178,793.75,2026-10-09,856.1,2024-03-26,575.1,2026-07-10,575.1,689.8,463.3,2026-04-10,463.3,477.0,336.05,2026-01-09,336.05,424.98,305.68,2025-10-09,305.68,329.88,250.08,2025-07-10,250.08,276.38,191.58,2025-04-09,191.58,241.43,38.02,71.33,147.02,24.13,71.14,130.59,37.87,54.33,109.48,11.94,37.74,62.82,22.23,59.56,41.15,30.54,19.64,23.62,-11.26,-1.39,19.92,1.0,,2025-10-09,OK,2026-10-10 12:55
TVSMOTOR,TVSMOTOR-EQ,8479,3866.8,2026-10-09,4484.5,2024-03-26,3623.1,2026-07-10,3623.1,3970.0,3839.9,2026-04-10,3839.9,3970.0,3759.2,2026-01-09,3759.2,3909.0,3486.6,2025-10-09,3486.6,3602.7,2830.1,2025-07-10,2830.1,2960.3,2475.25,2025-04-09,2475.25,2958.0,6.73,0.7,19.06,-5.65,-3.62,17.84,2.15,10.02,45.47,7.7,36.47,55.03,23.2,40.86,28.17,14.34,21.65,12.49,4.8,-11.04,7.54,1.0,,2025-10-09,OK,2026-10-10 12:55
TATACAP,TATACAP-EQ,759265,318.7,2026-10-09,390.2,2025-10-13,360.6,2026-07-10,360.6,379.95,326.6,2026-04-10,326.6,367.3,360.0,2026-01-09,360.0,364.5,,,,,,,,,,,,,-11.62,-2.42,,10.41,0.17,,-9.28,,,,,,,,,,,,,,,,,2025-10-09,NOT LISTED ON BACK DATE,2026-10-10 12:55
TATACHEM,TATACHEM-EQ,3405,589.75,2026-10-09,944.5,2024-03-26,721.05,2026-07-10,721.05,1026.65,689.9,2026-04-10,689.9,1026.65,746.95,2026-01-09,746.95,1026.65,906.05,2025-10-09,906.05,1247.35,925.25,2025-07-10,925.25,1247.35,811.5,2025-04-09,811.5,1247.35,-18.21,-14.52,-33.44,4.52,-3.47,-22.14,-7.64,-23.6,-15.12,-17.29,-17.58,-25.84,-2.08,11.65,-14.46,14.02,-8.83,-9.52,-19.15,-26.58,-28.45,1.0,,2025-10-09,OK,2026-10-10 12:55
TATACOMM,TATACOMM-EQ,3721,1656.7,2026-10-09,2110.0,2024-03-26,1856.2,2026-07-10,1856.2,2110.0,1509.0,2026-04-10,1509.0,2004.0,1741.7,2026-01-09,1741.7,2004.0,1696.8,2025-10-09,1696.8,1993.7,1753.4,2025-07-10,1753.4,2175.0,1547.35,2025-04-09,1547.35,2175.0,-10.75,9.79,4.48,23.01,6.57,12.84,-13.36,-19.31,-4.17,-6.87,1.75,5.26,-3.23,9.66,-17.74,13.32,2.73,-6.46,-9.23,-20.62,-31.77,1.0,,2025-10-09,OK,2026-10-10 12:55
TCS,TCS-EQ,11536,2156.0,2026-10-09,3350.0,2024-03-26,2069.0,2026-07-10,2069.0,3350.0,2524.3,2026-04-10,2524.3,3630.5,3207.8,2026-01-09,3207.8,4322.95,3061.7,2025-10-09,3061.7,4494.9,3382.0,2025-07-10,3382.0,4592.25,3246.6,2025-04-09,3246.6,4592.25,4.2,-14.59,-27.88,-18.04,-35.5,-36.31,-21.31,-16.64,-24.08,5.93,-1.78,-21.04,-9.47,-5.7,-28.3,4.17,-16.26,-11.42,-20.98,-23.66,-9.04,1.0,,2025-10-09,OK,2026-10-10 12:55
TATACONSUM,TATACONSUM-EQ,3432,955.0,2026-10-09,1282.7,2024-03-26,1111.9,2026-07-10,1111.9,1282.7,1093.7,2026-04-10,1093.7,1220.9,1175.9,2026-01-09,1175.9,1220.9,1118.0,2025-10-09,1118.0,1180.5,1088.9,2025-07-10,1088.9,1262.6,1089.75,2025-04-09,1089.75,1262.6,-14.11,-12.68,-10.47,1.66,-5.44,1.75,-6.99,-2.91,-1.5,4.39,9.2,17.52,2.67,2.59,-3.07,-0.08,12.25,-3.1,13.33,-2.51,-14.95,1.0,,2025-10-09,OK,2026-10-10 12:55
TATAELXSI,TATAELXSI-EQ,3411,3130.0,2026-10-09,5950.0,2024-03-26,3690.3,2026-07-10,3690.3,6439.5,4445.3,2026-04-10,4445.3,6735.0,5691.0,2026-01-09,5691.0,6735.0,5573.0,2025-10-09,5573.0,8027.0,6137.5,2025-07-10,6137.5,9080.0,4755.75,2025-04-09,4755.75,9080.0,-15.18,-29.59,-39.3,-16.98,-35.16,-33.32,-21.89,-17.79,-8.67,5.24,-6.18,-24.49,-9.2,17.18,-27.06,29.05,-4.7,-5.82,-26.54,-37.54,-30.34,1.0,,2025-10-09,OK,2026-10-10 12:55
TATAINVEST,TATAINVEST-EQ,1621,599.25,2026-10-09,1082.0,2024-03-26,693.75,2026-07-10,693.75,1184.7,665.65,2026-04-10,665.65,1184.7,668.3,2026-01-09,668.3,1184.7,902.0,2025-10-09,902.0,1184.7,665.0,2025-07-10,665.0,807.43,604.8,2025-04-09,604.8,807.43,-13.62,-9.98,-31.4,4.22,3.81,-2.3,-0.4,-28.39,2.99,-28.1,1.17,9.49,35.64,49.14,2.18,9.95,1.43,13.84,-8.47,-7.65,-9.44,1.0,,2025-10-09,OK,2026-10-10 12:55
TMCV,TMCV-EQ,759782,410.3,2026-10-09,509.0,2025-11-12,422.5,2026-07-10,422.5,509.0,444.55,2026-04-10,444.55,509.0,431.55,2026-01-09,431.55,448.0,,,,,,,,,,,,,-2.89,-7.7,,-4.96,-2.1,,3.01,,,,,,,,,,,,,,,,,2025-10-09,NOT LISTED ON BACK DATE,2026-10-10 12:55
TMPV,TMPV-EQ,3456,279.9,2026-10-09,421.55,2024-03-26,337.95,2026-07-10,337.95,447.79,342.6,2026-04-10,342.6,450.4,354.15,2026-01-09,354.15,477.0,412.32,2025-10-09,412.32,571.23,421.1,2025-07-10,421.1,713.73,352.87,2025-04-09,352.87,713.73,-17.18,-18.3,-26.51,-1.36,-4.57,-9.52,-3.26,-16.65,-4.97,-13.84,-14.2,-27.28,-2.09,16.85,-23.81,19.34,-10.83,-27.18,-26.67,-37.93,-35.73,1.0,,2025-10-09,OK,2026-10-10 12:55
TATAPOWER,TATAPOWER-EQ,3426,342.15,2026-10-09,464.9,2024-03-26,381.3,2026-07-10,381.3,464.9,399.35,2026-04-10,399.35,418.45,364.8,2026-01-09,364.8,416.8,388.2,2025-10-09,388.2,477.9,399.9,2025-07-10,399.9,494.85,358.25,2025-04-09,358.25,494.85,-10.27,-14.32,-4.69,-4.52,4.52,-1.29,9.47,2.37,7.68,-6.49,-8.08,3.46,-2.93,8.36,-16.53,11.63,8.92,-5.52,-4.22,-22.26,-18.02,1.0,,2025-10-09,OK,2026-10-10 12:55
TATASTEEL,TATASTEEL-EQ,3499,173.8,2026-10-09,224.4,2024-03-26,191.19,2026-07-10,191.19,224.4,206.61,2026-04-10,206.61,216.45,178.4,2026-01-09,178.4,187.85,176.42,2025-10-09,176.42,177.82,160.66,2025-07-10,160.66,170.95,127.18,2025-04-09,127.18,184.6,-9.1,-15.88,6.99,-7.46,7.17,24.06,15.81,18.84,53.12,2.61,11.61,24.86,9.81,38.72,6.34,26.32,23.65,-7.32,-4.12,-20.04,-9.01,1.0,,2025-10-09,OK,2026-10-10 12:55
TATATECH,TATATECH-EQ,20293,715.85,2026-10-09,891.0,2024-03-26,718.55,2026-07-10,718.55,784.0,566.25,2026-04-10,566.25,797.0,652.75,2026-01-09,652.75,876.2,717.6,2025-10-09,717.6,1089.15,708.55,2025-07-10,708.55,1136.0,613.15,2025-04-09,613.15,1136.0,-0.38,26.42,9.76,26.9,10.08,7.01,-13.25,-20.73,-9.17,-8.62,-7.91,-26.42,1.28,17.03,-35.2,15.56,-18.96,-22.14,-30.82,-41.53,-40.97,1.0,,2025-10-09,OK,2026-10-10 12:55
TTML,TTML-EQ,8954,32.89,2026-10-09,59.59,2024-03-26,41.28,2026-07-10,41.28,65.55,41.94,2026-04-10,41.94,81.12,46.7,2026-01-09,46.7,84.5,56.47,2025-10-09,56.47,88.9,65.14,2025-07-10,65.14,111.4,55.1,2025-04-09,55.1,111.4,-20.32,-21.58,-36.02,-1.57,-11.61,-34.76,-10.19,-27.31,-29.27,-19.06,-27.28,-29.37,-13.31,2.49,-28.06,18.22,-10.64,-4.59,-25.79,-30.45,-23.71,1.0,,2025-10-09,OK,2026-10-10 12:55
TECHM,TECHM-EQ,13538,1514.1,2026-10-09,1854.0,2024-03-26,1454.8,2026-07-10,1454.8,1854.0,1440.2,2026-04-10,1440.2,1854.0,1582.2,2026-01-09,1582.2,1736.4,1466.6,2025-10-09,1466.6,1807.7,1600.1,2025-07-10,1600.1,1807.7,1272.75,2025-04-09,1272.75,1807.7,4.08,5.13,2.82,1.01,-8.05,-7.57,-8.97,-1.17,4.84,8.58,-1.27,-5.6,-8.34,15.23,-9.68,25.72,-2.6,10.08,-23.5,-23.27,18.81,1.0,,2025-10-09,OK,2026-10-10 12:55
TECHNOE,TECHNOE-EQ,6445,954.9,2026-10-09,1389.6,2024-03-26,1050.2,2026-07-10,1050.2,1619.4,1116.0,2026-04-10,1116.0,1654.0,1007.2,2026-01-09,1007.2,1654.0,1317.4,2025-10-09,1317.4,1822.0,1613.3,2025-07-10,1613.3,1822.0,918.55,2025-04-09,918.55,1822.0,-9.07,-14.44,-25.21,-5.9,4.27,-38.53,10.8,-18.42,20.37,-26.37,-36.98,-26.92,-18.34,43.42,-10.16,75.64,8.59,2.33,-39.94,-44.91,8.18,1.0,,2025-10-09,OK,2026-10-10 12:55
TEGA,TEGA-EQ,7105,1935.0,2026-10-09,2198.0,2024-03-26,1669.0,2026-07-10,1669.0,2125.0,1727.8,2026-04-10,1727.8,2125.0,1882.0,2026-01-09,1882.0,2125.0,1946.5,2025-10-09,1946.5,2328.9,1728.6,2025-07-10,1728.6,2328.9,1401.4,2025-04-09,1401.4,2328.9,15.94,11.99,-13.78,-3.4,-11.32,0.6,-8.19,-11.16,25.3,-3.23,11.1,19.18,12.61,38.9,7.16,23.35,10.01,-13.53,-11.9,-28.29,-0.4,1.0,,2025-10-09,OK,2026-10-10 12:55
TEJASNET,TEJASNET-EQ,21131,447.2,2026-10-09,644.75,2024-03-26,564.65,2026-07-10,564.65,703.95,443.45,2026-04-10,443.45,914.4,417.15,2026-01-09,417.15,1150.0,594.95,2025-10-09,594.95,1459.9,701.65,2025-07-10,701.65,1468.6,807.55,2025-04-09,807.55,1495.0,-20.8,0.85,-3.2,27.33,35.36,-21.5,6.3,-26.13,-41.75,-30.51,-39.86,-58.18,-15.21,-26.33,-50.17,-13.11,-36.44,-47.98,-29.63,-31.53,-12.88,1.0,,2025-10-09,OK,2026-10-10 12:55
TENNIND,TENNIND-EQ,759880,473.7,2026-10-09,657.0,2025-11-19,589.55,2026-07-10,589.55,657.0,561.45,2026-04-10,561.45,602.0,516.0,2026-01-09,516.0,556.4,,,,,,,,,,,,,-19.65,-15.63,,5.0,14.25,,8.81,,,,,,,,,,,,,,,,,2025-10-09,NOT LISTED ON BACK DATE,2026-10-10 12:55
THANGAMAYL,THANGAMAYL-EQ,18118,4889.5,2026-10-09,7430.0,2024-03-26,6540.5,2026-07-10,6540.5,7165.0,4138.8,2026-04-10,4138.8,4181.9,3620.4,2026-01-09,3620.4,4149.0,2031.3,2025-10-09,2031.3,2557.73,1927.7,2025-07-10,1927.7,2567.41,1904.45,2025-04-09,1904.45,2567.41,-25.24,18.14,151.96,58.03,80.66,182.41,14.32,104.71,85.9,79.07,88.21,68.98,5.37,6.66,-11.52,1.22,1.16,10.04,-2.41,-24.27,29.63,1.0,,2025-10-09,OK,2026-10-10 12:55
NIACL,NIACL-EQ,399,162.23,2026-10-09,242.6,2024-03-26,183.92,2026-07-10,183.92,218.0,155.71,2026-04-10,155.71,214.74,149.11,2026-01-09,149.11,214.74,189.37,2025-10-09,189.37,221.8,186.72,2025-07-10,186.72,310.11,155.04,2025-04-09,155.04,310.11,-11.79,4.19,8.52,18.12,23.35,-19.56,4.43,-19.27,-11.8,-22.69,-18.75,-18.04,1.42,22.14,-10.82,20.43,-4.49,-29.52,-20.3,-27.64,-36.76,1.0,,2025-10-09,OK,2026-10-10 12:55
RAMCOCEM,RAMCOCEM-EQ,2043,807.55,2026-10-09,1214.5,2024-03-26,942.1,2026-07-10,942.1,1214.5,991.2,2026-04-10,991.2,1214.5,1085.5,2026-01-09,1085.5,1209.0,1008.2,2025-10-09,1008.2,1209.0,1105.3,2025-07-10,1105.3,1113.3,941.1,2025-04-09,941.1,1060.0,-14.28,-18.53,-14.02,-4.95,-13.21,-22.97,-8.69,-2.69,5.74,6.56,-4.83,9.22,-8.78,7.13,23.4,17.45,18.26,33.18,-0.25,10.04,2.71,1.0,,2025-10-09,OK,2026-10-10 12:55
THERMAX,THERMAX-EQ,3475,3256.3,2026-10-09,5277.8,2024-03-26,4809.0,2026-07-10,4809.0,5277.8,3643.0,2026-04-10,3643.0,4091.8,3021.6,2026-01-09,3021.6,4246.8,3182.5,2025-10-09,3182.5,5719.0,3434.4,2025-07-10,3434.4,5719.0,3072.4,2025-04-09,3072.4,5839.95,-32.29,-10.61,14.33,32.01,59.15,36.82,20.57,13.0,3.58,-6.27,-12.8,-28.88,-7.33,3.58,-35.94,11.78,-11.94,-33.23,-22.85,-40.58,-26.91,1.0,,2025-10-09,OK,2026-10-10 12:55
TIMKEN,TIMKEN-EQ,14198,2962.8,2026-10-09,3925.0,2024-03-26,3205.0,2026-07-10,3205.0,3925.0,3488.6,2026-04-10,3488.6,3610.0,2946.0,2026-01-09,2946.0,3575.0,2980.0,2025-10-09,2980.0,3873.4,3354.8,2025-07-10,3354.8,4438.0,2270.45,2025-04-09,2270.45,4817.9,-7.56,-15.07,6.49,-8.13,8.79,5.81,18.42,16.86,50.2,-1.32,-12.24,3.1,-11.17,31.25,-21.6,47.76,14.31,-19.14,-21.66,-39.36,-9.55,1.0,,2025-10-09,OK,2026-10-10 12:55
TITAGARH,TITAGARH-EQ,15414,777.2,2026-10-09,971.0,2024-03-26,835.8,2026-07-10,835.8,971.0,710.25,2026-04-10,710.25,974.35,803.8,2026-01-09,803.8,1111.0,905.0,2025-10-09,905.0,1370.0,949.8,2025-07-10,949.8,1794.5,736.35,2025-04-09,736.35,1896.95,-7.01,9.43,-3.17,17.68,3.98,-12.22,-11.64,-21.1,-10.92,-10.7,-13.63,-30.82,-4.72,22.9,-19.32,28.99,-12.96,-45.55,-33.6,-32.79,-25.27,1.0,,2025-10-09,OK,2026-10-10 12:55
TITAN,TITAN-EQ,3506,4410.0,2026-10-09,5186.7,2024-03-26,4584.4,2026-07-10,4584.4,4679.8,4505.0,2026-04-10,4505.0,4523.9,4201.8,2026-01-09,4201.8,4312.1,3550.6,2025-10-09,3550.6,3740.0,3419.8,2025-07-10,3419.8,3867.0,3174.15,2025-04-09,3174.15,3867.0,-3.8,-2.11,40.96,1.76,9.11,18.2,7.22,27.55,30.44,18.97,24.99,10.29,3.82,11.86,3.91,7.74,-1.93,9.28,-8.89,-9.14,-17.74,1.0,,2025-10-09,OK,2026-10-10 12:55
TORNTPHARM,TORNTPHARM-EQ,3518,4656.9,2026-10-09,5250.0,2024-03-26,4901.5,2026-07-10,4901.5,4948.0,4155.2,2026-04-10,4155.2,4482.9,3963.4,2026-01-09,3963.4,4104.8,3550.5,2025-10-09,3550.5,3787.9,3339.4,2025-07-10,3339.4,3590.7,3126.8,2025-04-09,3126.8,3590.7,-4.99,12.07,38.85,17.96,23.67,33.67,4.84,17.62,41.72,12.19,19.59,14.24,6.32,13.55,2.42,6.8,0.54,9.12,-5.95,-12.1,19.12,1.0,,2025-10-09,OK,2026-10-10 12:55
TORNTPOWER,TORNTPOWER-EQ,13786,1188.6,2026-10-09,1824.1,2024-03-26,1419.4,2026-07-10,1419.4,1824.1,1471.8,2026-04-10,1471.8,1640.0,1321.3,2026-01-09,1321.3,1640.0,1240.5,2025-10-09,1240.5,2037.0,1426.7,2025-07-10,1426.7,2037.0,1530.9,2025-04-09,1530.9,2037.0,-16.26,-19.24,5.26,-3.56,7.42,-1.93,11.39,18.76,-6.0,6.62,-6.16,-10.39,-13.05,-18.97,-35.72,-6.81,0.84,-6.06,6.72,-20.89,-15.45,1.0,,2025-10-09,OK,2026-10-10 12:55
TARIL,TARIL-EQ,15174,290.65,2026-10-09,498.95,2024-03-26,344.75,2026-07-10,344.75,578.5,281.45,2026-04-10,281.45,594.0,274.3,2026-01-09,274.3,594.0,490.0,2025-10-09,490.0,648.9,510.75,2025-07-10,510.75,648.9,518.7,2025-04-09,518.7,648.9,-15.69,3.27,-39.41,22.49,25.68,-39.4,2.61,-42.72,-44.21,-44.17,-45.21,-59.19,-4.06,-5.53,40.27,-1.53,-13.34,37.59,-16.21,46.57,58.19,1.0,,2025-10-09,OK,2026-10-10 12:55
TRENT,TRENT-EQ,1964,2918.2,2026-10-09,3399.7,2024-03-26,2902.8,2026-07-10,2902.8,3782.67,2611.0,2026-04-10,2611.0,4174.0,2648.6,2026-01-09,2648.6,4417.33,3107.27,2025-10-09,3107.27,5563.33,3620.67,2025-07-10,3620.67,5563.33,3080.13,2025-04-09,3080.13,5563.33,0.53,11.77,-9.25,11.18,9.6,-23.92,-1.42,-16.51,-21.49,-15.31,-25.93,-39.32,-14.18,0.88,-36.52,17.55,-17.98,4.42,-31.03,-43.8,22.99,1.0,,2025-10-09,OK,2026-10-10 12:55
TRIDENT,TRIDENT-EQ,9685,21.96,2026-10-09,30.94,2024-03-26,25.49,2026-07-10,25.49,33.66,25.34,2026-04-10,25.34,34.62,26.19,2026-01-09,26.19,34.62,28.13,2025-10-09,28.13,40.2,32.09,2025-07-10,32.09,41.45,25.43,2025-04-09,25.43,41.78,-13.85,-13.34,-15.43,0.59,-2.67,-25.58,-3.25,-10.62,-9.16,-7.62,-17.38,-14.05,-12.34,10.62,-20.28,26.19,-0.28,-16.99,-21.83,-27.88,-37.44,1.0,,2025-10-09,OK,2026-10-10 12:55
TRITURBINE,TRITURBINE-EQ,25584,511.1,2026-10-09,787.6,2024-03-26,606.1,2026-07-10,606.1,787.6,460.15,2026-04-10,460.15,675.2,517.85,2026-01-09,517.85,726.45,528.0,2025-10-09,528.0,885.0,647.35,2025-07-10,647.35,885.0,477.35,2025-04-09,477.35,885.0,-15.67,11.07,7.02,31.72,17.04,0.73,-11.14,-12.63,-0.58,-1.67,-19.56,-25.85,-18.44,10.61,-31.78,35.61,-10.01,-2.9,-35.43,-36.56,3.05,1.0,,2025-10-09,OK,2026-10-10 12:55
TIINDIA,TIINDIA-EQ,312,2213.0,2026-10-09,3335.2,2024-03-26,2958.4,2026-07-10,2958.4,3419.9,2744.8,2026-04-10,2744.8,3419.9,2452.5,2026-01-09,2452.5,3568.35,3191.6,2025-10-09,3191.6,4810.8,2899.5,2025-07-10,2899.5,4810.8,2500.05,2025-04-09,2500.05,4810.8,-25.2,-19.37,-16.08,7.78,20.63,5.61,11.92,-13.11,2.64,-22.36,-14.54,-26.35,10.07,27.66,-24.67,15.98,-18.74,-31.8,-29.02,-40.25,-22.26,1.0,,2025-10-09,OK,2026-10-10 12:55
UCOBANK,UCOBANK-EQ,11223,23.25,2026-10-09,34.2,2024-03-26,26.7,2026-07-10,26.7,34.2,26.25,2026-04-10,26.25,35.08,28.78,2026-01-09,28.78,46.27,30.75,2025-10-09,30.75,52.0,31.93,2025-07-10,31.93,60.68,28.69,2025-04-09,28.69,62.35,-12.92,-11.43,-22.02,1.71,-7.23,-19.35,-8.79,-17.45,-7.98,-9.5,-9.01,-31.37,-3.7,7.18,-37.64,11.29,-24.07,-39.51,-33.63,-37.33,-35.47,1.0,,2025-10-09,OK,2026-10-10 12:55
UNOMINDA,UNOMINDA-EQ,14154,1108.0,2026-10-09,1355.0,2024-03-26,1166.1,2026-07-10,1166.1,1382.0,1078.0,2026-04-10,1078.0,1382.0,1249.8,2026-01-09,1249.8,1382.0,1260.0,2025-10-09,1260.0,1382.0,1098.6,2025-07-10,1098.6,1255.0,814.8,2025-04-09,814.8,1255.0,-4.98,2.78,-2.46,8.17,-6.7,-1.65,-13.75,-11.62,32.76,2.46,16.48,14.72,14.69,54.64,26.73,34.83,3.03,3.43,-23.81,-19.57,14.98,1.0,,2025-10-09,OK,2026-10-10 12:55
UPL,UPL-EQ,11287,488.45,2026-10-09,812.2,2024-03-26,594.75,2026-07-10,594.75,812.2,644.85,2026-04-10,644.85,812.2,771.7,2026-01-09,771.7,812.2,675.05,2025-10-09,675.05,741.0,661.65,2025-07-10,661.65,699.45,614.25,2025-04-09,614.25,671.3,-17.87,-24.25,-14.72,-7.77,-22.93,-7.66,-16.44,-5.35,1.89,13.27,18.21,35.1,2.03,9.9,27.06,7.72,21.3,19.11,13.84,10.86,30.98,1.0,,2025-10-09,OK,2026-10-10 12:55
UTIAMC,UTIAMC-EQ,527,877.7,2026-10-09,1409.0,2024-03-26,1004.3,2026-07-10,1004.3,1494.8,966.45,2026-04-10,966.45,1494.8,1080.1,2026-01-09,1080.1,1494.8,1281.5,2025-10-09,1281.5,1494.8,1394.4,2025-07-10,1394.4,1429.0,1001.2,2025-04-09,1001.2,1403.65,-12.61,-9.18,-29.7,3.92,-7.02,-33.3,-10.52,-26.31,-1.79,-17.64,-22.56,-8.69,-8.1,28.0,8.28,39.27,15.23,20.89,-20.19,-19.14,3.17,1.0,,2025-10-09,OK,2026-10-10 12:55
ULTRACEMCO,ULTRACEMCO-EQ,11532,10675.0,2026-10-09,13110.0,2024-03-26,11711.0,2026-07-10,11711.0,13110.0,11589.0,2026-04-10,11589.0,13110.0,11937.0,2026-01-09,11937.0,13097.0,12192.0,2025-10-09,12192.0,13097.0,12516.0,2025-07-10,12516.0,12667.0,11397.05,2025-04-09,11397.05,12145.35,-8.85,-7.89,-10.6,1.05,-1.89,-13.18,-2.92,-5.63,0.57,-2.8,-4.47,0.51,-2.59,6.98,10.77,9.82,11.16,-2.09,-0.06,0.41,7.69,1.0,,2025-10-09,OK,2026-10-10 12:55
UNIONBANK,UNIONBANK-EQ,10753,173.06,2026-10-09,205.49,2024-03-26,164.51,2026-07-10,164.51,205.49,189.03,2026-04-10,189.03,205.49,162.26,2026-01-09,162.26,167.3,137.83,2025-10-09,137.83,158.65,143.86,2025-07-10,143.86,158.65,116.75,2025-04-09,116.75,172.5,5.2,-8.45,33.42,-12.97,1.39,15.7,16.5,35.73,54.96,16.51,12.88,37.02,-4.19,18.06,10.84,23.22,33.13,11.52,5.07,1.7,-24.61,1.0,,2025-10-09,OK,2026-10-10 12:55
UBL,UBL-EQ,16713,1168.2,2026-10-09,1844.0,2024-03-26,1329.3,2026-07-10,1329.3,2110.0,1454.2,2026-04-10,1454.2,2294.9,1547.0,2026-01-09,1547.0,2299.7,1759.6,2025-10-09,1759.6,2299.7,1969.9,2025-07-10,1969.9,2299.7,2001.75,2025-04-09,2001.75,2299.7,-12.12,-19.67,-28.01,-8.59,-14.07,-32.62,-6.0,-18.34,-17.41,-13.13,-21.08,-17.93,-10.68,-12.1,-14.04,-1.59,-2.65,-1.11,0.05,-4.65,4.16,1.0,,2025-10-09,OK,2026-10-10 12:55
UNITDSPR,UNITDSPR-EQ,10447,1366.0,2026-10-09,1563.4,2024-03-26,1385.7,2026-07-10,1385.7,1488.0,1268.2,2026-04-10,1268.2,1645.0,1331.0,2026-01-09,1331.0,1645.0,1337.6,2025-10-09,1337.6,1700.0,1384.0,2025-07-10,1384.0,1700.0,1451.6,2025-04-09,1451.6,1700.0,-1.42,7.71,5.05,9.27,4.11,-8.97,-4.72,-5.15,-4.79,-0.45,-1.96,-8.74,-3.35,-7.85,-14.38,-4.66,-12.1,25.67,-7.88,-4.72,16.37,1.0,,2025-10-09,OK,2026-10-10 12:55
URBANCO,URBANCO-EQ,759084,159.76,2026-10-09,183.97,2025-09-17,132.75,2026-07-10,132.75,201.18,134.52,2026-04-10,134.52,201.18,135.66,2026-01-09,135.66,201.18,160.59,2025-10-09,160.59,201.18,,,,,,,,,20.35,18.76,6.85,-1.32,-2.15,,-0.84,-14.18,,-13.45,,,,,,,,,,,,1.0,,2025-10-09,OK,2026-10-10 12:55
USHAMART,USHAMART-EQ,8840,502.05,2026-10-09,542.6,2024-03-26,510.1,2026-07-10,510.1,527.5,440.85,2026-04-10,440.85,497.1,442.05,2026-01-09,442.05,497.1,481.6,2025-10-09,481.6,485.9,366.45,2025-07-10,366.45,451.0,298.15,2025-04-09,298.15,451.0,-1.58,13.88,3.54,15.71,15.39,31.16,-0.27,-6.13,42.58,-5.88,19.33,19.14,31.42,61.53,13.31,22.91,1.3,-20.72,-19.3,-13.09,-5.34,1.0,,2025-10-09,OK,2026-10-10 12:55
VTL,VTL-EQ,2073,528.2,2026-10-09,688.0,2024-03-26,636.15,2026-07-10,636.15,688.0,560.85,2026-04-10,560.85,566.0,411.55,2026-01-09,411.55,539.9,400.25,2025-10-09,400.25,563.95,508.1,2025-07-10,508.1,592.0,436.55,2025-04-09,436.55,592.0,-16.97,-5.82,45.66,13.43,54.57,20.73,36.28,39.5,25.07,2.36,-17.29,-7.42,-21.23,-8.32,-12.64,16.39,5.46,-7.94,-11.5,-6.92,-14.94,1.0,,2025-10-09,OK,2026-10-10 12:55
VBL,VBL-EQ,18921,441.0,2026-10-09,555.8,2024-03-26,478.1,2026-07-10,478.1,555.8,431.6,2026-04-10,431.6,568.5,489.0,2026-01-09,489.0,602.75,445.9,2025-10-09,445.9,663.6,459.75,2025-07-10,459.75,681.12,540.2,2025-04-09,540.2,681.12,-7.76,2.18,-8.72,10.77,-2.23,14.46,-11.74,-2.72,-20.17,10.22,8.13,-21.88,-3.01,-17.46,-19.9,-14.89,-24.06,-25.56,-11.0,-8.81,-16.03,1.0,,2025-10-09,OK,2026-10-10 12:55
VAML,VAML-EQ,750174,371.65,2026-10-09,537.0,2026-06-15,443.55,2026-07-10,443.55,537.0,,,,,,,,,,,,,,,,,,,,,-16.21,,,,,,,,,,,,,,,,,,,,,,,2025-10-09,NOT LISTED ON BACK DATE,2026-10-10 12:55
VISL,VISL-EQ,750290,29.09,2026-10-09,44.78,2026-06-15,34.68,2026-07-10,34.68,44.78,,,,,,,,,,,,,,,,,,,,,-16.12,,,,,,,,,,,,,,,,,,,,,,,2025-10-09,NOT LISTED ON BACK DATE,2026-10-10 12:55
VEDL,VEDL-EQ,3063,264.0,2026-10-09,360.0,2024-03-26,272.55,2026-07-10,272.55,360.0,278.85,2026-04-10,278.85,288.08,228.22,2026-01-09,228.22,235.72,181.2,2025-10-09,181.2,197.2,164.36,2025-07-10,164.36,197.2,138.67,2025-04-09,138.67,197.2,-3.14,-5.33,50.39,-2.26,19.42,82.1,22.18,54.53,94.72,26.47,37.74,19.43,10.25,30.67,-12.79,18.53,0.07,1.06,-16.99,-25.33,29.41,1.0,,2025-10-09,OK,2026-10-10 12:55
VOGL,VOGL-EQ,750368,30.1,2026-10-09,47.6,2026-06-15,38.74,2026-07-10,38.74,47.6,,,,,,,,,,,,,,,,,,,,,-22.3,,,,,,,,,,,,,,,,,,,,,,,2025-10-09,NOT LISTED ON BACK DATE,2026-10-10 12:55
VEDPOWER,VEDPOWER-EQ,750518,31.59,2026-10-09,49.88,2026-06-15,41.83,2026-07-10,41.83,49.88,,,,,,,,,,,,,,,,,,,,,-24.48,,,,,,,,,,,,,,,,,,,,,,,2025-10-09,NOT LISTED ON BACK DATE,2026-10-10 12:55
VIJAYA,VIJAYA-EQ,5585,1436.6,2026-10-09,1593.6,2024-03-26,1389.1,2026-07-10,1389.1,1427.8,981.8,2026-04-10,981.8,1180.0,991.9,2026-01-09,991.9,1275.0,981.4,2025-10-09,981.4,1275.0,1009.05,2025-07-10,1009.05,1275.0,970.95,2025-04-09,970.95,1275.0,3.42,46.32,52.73,41.49,40.04,25.83,-1.02,0.08,-0.91,1.11,-2.8,-16.81,-2.74,1.08,10.07,3.92,-17.38,17.71,-19.7,-1.46,53.48,1.0,,2025-10-09,OK,2026-10-10 12:55
VMM,VMM-EQ,27969,97.5,2026-10-09,149.82,2024-12-18,118.79,2026-07-10,118.79,157.6,114.5,2026-04-10,114.5,157.6,129.19,2026-01-09,129.19,157.6,148.17,2025-10-09,148.17,157.6,130.55,2025-07-10,130.55,137.8,102.92,2025-04-09,102.92,126.87,-17.92,-14.85,-30.36,3.75,-8.05,-8.97,-11.37,-21.68,4.96,-11.63,-3.32,18.12,13.5,43.97,,26.85,17.68,,-7.67,,,1.0,,2025-10-09,OK,2026-10-10 12:55
IDEA,IDEA-EQ,14366,13.0,2026-10-09,15.79,2024-03-26,14.19,2026-07-10,14.19,15.34,9.25,2026-04-10,9.25,12.8,11.26,2026-01-09,11.26,12.8,9.03,2025-10-09,9.03,10.47,7.33,2025-07-10,7.33,17.67,7.09,2025-04-09,7.09,19.18,-8.39,40.54,71.87,53.41,26.02,89.36,-17.85,2.32,36.95,24.56,57.04,35.35,23.19,27.36,-20.89,3.39,-7.45,-58.11,-11.26,-22.85,-43.72,1.0,,2025-10-09,OK,2026-10-10 12:55
VOLTAS,VOLTAS-EQ,3718,1033.7,2026-10-09,1582.5,2024-03-26,1286.7,2026-07-10,1286.7,1582.5,1315.6,2026-04-10,1315.6,1582.5,1470.5,2026-01-09,1470.5,1731.35,1382.0,2025-10-09,1382.0,1902.0,1368.9,2025-07-10,1368.9,1944.9,1277.75,2025-04-09,1277.75,1944.9,-19.66,-21.43,-17.24,-2.2,-12.5,-5.76,-10.53,-7.18,15.16,3.75,7.37,-23.01,0.96,8.16,-20.95,7.13,-20.78,-11.27,-27.58,-28.48,6.37,1.0,,2025-10-09,OK,2026-10-10 12:55
WAAREEENER,WAAREEENER-EQ,25907,2323.0,2026-10-09,3718.8,2024-10-28,2922.9,2026-07-10,2922.9,3865.0,3281.4,2026-04-10,3281.4,3865.0,2544.6,2026-01-09,2544.6,3865.0,3344.7,2025-10-09,3344.7,3865.0,3170.6,2025-07-10,3170.6,3743.0,2149.4,2025-04-09,2149.4,3743.0,-20.52,-29.21,-23.22,-10.93,14.87,-4.84,28.96,-1.56,24.82,-23.66,-18.24,11.03,5.49,55.61,,47.51,21.93,,-20.32,,,1.0,,2025-10-09,OK,2026-10-10 12:55
WELCORP,WELCORP-EQ,11821,2640.4,2026-10-09,2900.0,2024-03-26,1612.6,2026-07-10,1612.6,1634.0,961.8,2026-04-10,961.8,994.0,753.7,2026-01-09,753.7,994.0,851.95,2025-10-09,851.95,994.0,933.85,2025-07-10,933.85,994.0,751.05,2025-04-09,751.05,900.0,63.74,174.53,206.18,67.66,113.96,46.75,27.61,13.39,10.84,-11.15,-17.26,3.33,-8.77,13.43,25.27,24.34,20.6,48.67,-4.91,6.29,39.48,1.0,,2025-10-09,OK,2026-10-10 12:55
WELSPUNLIV,WELSPUNLIV-EQ,11253,223.75,2026-10-09,245.5,2024-03-26,166.17,2026-07-10,166.17,173.4,123.07,2026-04-10,123.07,154.57,123.67,2026-01-09,123.67,159.44,119.34,2025-10-09,119.34,180.7,143.11,2025-07-10,143.11,212.95,113.47,2025-04-09,113.47,212.95,34.65,81.81,76.2,35.02,34.37,-2.03,-0.49,0.24,4.59,0.73,-11.92,-6.36,-16.61,5.17,-33.38,26.12,-4.83,-15.54,-26.69,-33.84,-21.99,1.0,,2025-10-09,OK,2026-10-10 12:55
WHIRLPOOL,WHIRLPOOL-EQ,18011,816.75,2026-10-09,1437.0,2024-03-26,795.15,2026-07-10,795.15,1473.8,830.05,2026-04-10,830.05,1473.8,845.25,2026-01-09,845.25,1730.0,1144.1,2025-10-09,1144.1,2449.7,1328.3,2025-07-10,1328.3,2449.7,1069.5,2025-04-09,1069.5,2449.7,2.72,-1.6,-30.51,-4.2,-5.93,-41.2,-1.8,-29.03,-16.65,-27.73,-38.42,-45.74,-13.87,6.98,-42.18,24.2,-21.91,-34.9,-37.47,-54.9,-31.21,1.0,,2025-10-09,OK,2026-10-10 12:55
WIPRO,WIPRO-EQ,3787,162.57,2026-10-09,273.1,2024-03-26,175.46,2026-07-10,175.46,273.1,204.88,2026-04-10,204.88,273.1,261.95,2026-01-09,261.95,324.6,246.4,2025-10-09,246.4,324.6,265.05,2025-07-10,265.05,324.6,236.65,2025-04-09,236.65,324.6,-7.35,-20.65,-32.22,-14.36,-33.02,-32.49,-21.79,-17.62,-14.54,5.33,1.41,-11.74,-7.04,4.12,-6.19,12.0,-9.32,-4.82,-20.47,-10.89,18.07,1.0,,2025-10-09,OK,2026-10-10 12:55
WOCKPHARMA,WOCKPHARMA-EQ,7506,1996.4,2026-10-09,2422.3,2024-03-26,1810.7,2026-07-10,1810.7,2422.3,1343.8,2026-04-10,1343.8,1868.8,1403.9,2026-01-09,1403.9,1868.8,1399.6,2025-10-09,1399.6,1868.8,1696.8,2025-07-10,1696.8,1868.8,1200.2,2025-04-09,1200.2,1679.9,10.26,48.56,60.67,34.74,28.98,8.03,-4.28,-5.27,8.77,-1.03,-20.1,-7.59,-17.52,16.61,55.25,41.38,17.58,80.2,-17.67,24.75,112.59,1.0,,2025-10-09,OK,2026-10-10 12:55
YESBANK,YESBANK-EQ,11915,20.5,2026-10-09,25.78,2024-03-26,23.94,2026-07-10,23.94,25.78,19.08,2026-04-10,19.08,24.3,22.84,2026-01-09,22.84,24.3,22.42,2025-10-09,22.42,23.39,19.81,2025-07-10,19.81,27.2,17.16,2025-04-09,17.16,28.55,-14.37,7.44,0.0,25.47,4.82,14.08,-16.46,-20.5,13.81,-4.83,16.17,17.47,13.18,30.65,-5.61,15.44,7.14,-16.55,-8.58,-20.37,-32.71,1.0,,2025-10-09,OK,2026-10-10 12:55
ZFCVINDIA,ZFCVINDIA-EQ,16915,2082.2,2026-10-09,3044.0,2024-03-26,2333.8,2026-07-10,2333.8,3044.0,2394.0,2026-04-10,2394.0,2777.5,2364.17,2026-01-09,2364.17,2641.33,2226.67,2025-10-09,2226.67,2629.83,2176.17,2025-07-10,2176.17,2883.33,2012.37,2025-04-09,2012.37,3041.67,-10.78,-13.02,10.92,-2.51,-1.28,12.69,1.26,7.74,15.82,6.4,9.51,24.58,2.32,10.65,-9.78,8.14,13.99,-14.96,5.37,-20.65,-21.64,1.0,,2025-10-09,OK,2026-10-10 12:55
ZEEL,ZEEL-EQ,3812,69.97,2026-10-09,118.35,2024-03-26,97.47,2026-07-10,97.47,146.99,81.94,2026-04-10,81.94,151.7,91.01,2026-01-09,91.01,151.7,109.85,2025-10-09,109.85,151.7,141.9,2025-07-10,141.9,164.03,104.01,2025-04-09,104.01,168.7,-28.21,-14.61,-21.98,18.95,7.1,-27.46,-9.97,-26.46,-22.62,-18.32,-33.74,-29.67,-22.59,5.61,-10.76,36.43,6.9,-10.51,-22.25,-19.33,-26.63,1.0,,2025-10-09,OK,2026-10-10 12:55
ZENTEC,ZENTEC-EQ,7508,1528.8,2026-10-09,2043.7,2024-03-26,1880.4,2026-07-10,1880.4,2024.0,1541.4,2026-04-10,1541.4,2268.0,1293.0,2026-01-09,1293.0,2529.85,1414.3,2025-10-09,1414.3,2627.0,1895.8,2025-07-10,1895.8,2627.0,1448.9,2025-04-09,1448.9,2627.0,-18.7,-0.82,24.61,21.99,45.43,-7.07,19.21,8.63,-2.78,-8.88,-30.42,-46.11,-25.4,-2.39,-18.3,30.84,-25.33,52.91,-41.31,-17.67,17.69,1.0,,2025-10-09,OK,2026-10-10 12:55
ZENSARTECH,ZENSARTECH-EQ,1076,448.55,2026-10-09,822.0,2024-03-26,508.25,2026-07-10,508.25,868.95,556.8,2026-04-10,556.8,894.0,709.4,2026-01-09,709.4,984.95,784.9,2025-10-09,784.9,984.95,846.5,2025-07-10,846.5,984.95,627.55,2025-04-09,627.55,984.95,-11.75,-19.44,-44.33,-8.72,-28.35,-45.98,-21.51,-30.28,-10.05,-11.18,-13.35,-7.24,-7.28,25.07,13.08,34.89,9.1,18.0,-20.45,-8.77,19.78,1.0,,2025-10-09,OK,2026-10-10 12:55
ZYDUSLIFE,ZYDUSLIFE-EQ,7929,1117.5,2026-10-09,1232.1,2024-03-26,1150.8,2026-07-10,1150.8,1181.5,915.4,2026-04-10,915.4,1059.05,894.9,2026-01-09,894.9,1059.05,994.45,2025-10-09,994.45,1071.75,972.95,2025-07-10,972.95,1324.3,844.4,2025-04-09,844.4,1324.3,-2.89,22.08,13.37,25.72,28.6,12.88,2.29,-7.86,9.16,-9.92,-8.65,-8.6,2.21,17.77,-2.79,15.22,-3.72,-16.81,-13.96,-20.74,-9.65,1.0,,2025-10-09,OK,2026-10-10 12:55
ZYDUSWELL,ZYDUSWELL-EQ,17635,490.7,2026-10-09,611.85,2024-03-26,592.45,2026-07-10,592.45,606.95,489.75,2026-04-10,489.75,530.9,444.85,2026-01-09,444.85,530.9,453.5,2025-10-09,453.5,530.9,402.72,2025-07-10,402.72,496.8,345.55,2025-04-09,345.55,496.8,-17.17,0.19,22.21,20.97,33.18,23.35,10.09,7.4,11.21,-2.45,10.16,9.12,12.61,31.24,26.63,16.54,3.15,-9.94,-11.37,-11.53,3.52,1.0,,2025-10-09,OK,2026-10-10 12:55
ECLERX,ECLERX-EQ,15179,1866.8,2026-10-09,2497.5,2024-03-26,1621.7,2026-07-10,1621.7,2497.5,1498.5,2026-04-10,1498.5,2497.5,2299.25,2026-01-09,2299.25,2479.5,1984.5,2025-10-09,1984.5,2320.0,1705.15,2025-07-10,1705.15,1938.5,1207.03,2025-04-09,1207.03,1938.5,15.11,24.58,-3.12,8.22,-29.47,-20.25,-34.83,-26.62,29.01,12.6,32.1,35.01,16.38,64.41,39.05,41.27,4.31,45.24,-27.63,-22.63,8.83,1.0,,2025-10-09,OK,2026-10-10 12:55
3MINDIA,3MINDIA-EQ,474,30170.0,2026-10-09,38030.0,2024-03-26,35370.0,2026-07-10,35370.0,38030.0,31475.0,2026-04-10,31475.0,38030.0,34135.0,2026-01-09,34135.0,37305.0,29265.0,2025-10-09,29265.0,37133.75,29740.0,2025-07-10,29740.0,40642.95,28028.1,2025-04-09,28028.1,40856.5,-14.7,-4.15,12.85,12.37,3.62,6.19,-7.79,6.37,20.31,15.36,14.93,12.78,-1.6,4.41,-11.73,6.11,-2.79,-25.22,-8.93,-19.75,-8.59,1.0,,2025-10-09,OK,2026-10-10 12:55
AXISCADES,AXISCADES-EQ,9436,2082.3,2026-10-09,2360.0,2024-03-26,1603.3,2026-07-10,1603.3,2211.0,1687.9,2026-04-10,1687.9,1779.2,1398.1,2026-01-09,1398.1,1779.2,1679.1,2025-10-09,1679.1,1779.2,1443.0,2025-07-10,1443.0,1506.5,754.5,2025-04-09,754.5,975.05,29.88,23.37,11.71,-5.01,14.68,33.34,20.73,1.14,93.2,-16.22,-2.65,60.97,16.36,122.54,176.87,91.25,78.34,96.81,-2.1,41.64,39.74,1.0,,2025-10-09,OK,2026-10-10 12:55
AARTIPHARM,AARTIPHARM-EQ,13868,855.5,2026-10-09,1002.4,2024-03-26,709.45,2026-07-10,709.45,971.0,689.05,2026-04-10,689.05,971.0,761.75,2026-01-09,761.75,971.0,834.75,2025-10-09,834.75,971.0,911.55,2025-07-10,911.55,949.5,624.4,2025-04-09,624.4,837.25,20.59,24.16,-0.61,2.96,-6.87,-31.74,-9.54,-17.12,9.07,-8.38,-17.84,8.23,-8.43,33.69,46.27,45.99,38.08,49.71,-4.93,0.73,70.84,1.0,,2025-10-09,OK,2026-10-10 12:55
ABFRL,ABFRL-EQ,30108,43.65,2026-10-09,86.11,2024-03-26,60.02,2026-07-10,60.02,94.95,60.33,2026-04-10,60.33,107.75,74.54,2026-01-09,74.54,107.75,84.57,2025-10-09,84.57,128.83,77.96,2025-07-10,77.96,132.78,89.75,2025-04-09,89.75,132.78,-27.27,-27.65,-39.3,-0.51,-19.48,-24.63,-19.06,-27.48,-31.21,-10.4,-3.01,-25.32,8.48,-5.77,-26.74,-13.14,-22.64,-35.37,-7.87,-27.81,0.01,1.0,,2025-10-09,OK,2026-10-10 12:55
ABLBL,ABLBL-EQ,756843,72.46,2026-10-09,143.25,2025-06-23,95.55,2026-07-10,95.55,166.25,101.16,2026-04-10,101.16,175.0,117.49,2026-01-09,117.49,175.0,143.27,2025-10-09,143.27,175.0,163.31,2025-07-10,163.31,175.0,,,,,-24.17,-28.37,-41.19,-5.55,-18.67,-40.38,-13.9,-29.17,,-17.74,-25.99,,-12.27,,,,,,,,,1.0,,2025-10-09,OK,2026-10-10 12:55
AVL,AVL-EQ,25984,581.05,2026-10-09,705.0,2024-11-06,635.8,2026-07-10,635.8,705.0,481.05,2026-04-10,481.05,598.7,488.65,2026-01-09,488.65,598.7,557.4,2025-10-09,557.4,587.0,358.0,2025-07-10,358.0,546.6,416.7,2025-04-09,416.7,546.6,-8.61,20.79,11.79,32.17,30.11,49.54,-1.56,-13.9,8.8,-12.54,37.18,0.8,55.7,33.77,,-14.09,-28.44,,-18.97,,,1.0,,2025-10-09,OK,2026-10-10 12:55
ADVENZYMES,ADVENZYMES-EQ,18039,267.15,2026-10-09,419.0,2024-03-26,329.85,2026-07-10,329.85,419.0,297.6,2026-04-10,297.6,366.25,302.7,2026-01-09,302.7,366.25,309.75,2025-10-09,309.75,517.9,332.7,2025-07-10,332.7,571.0,271.15,2025-04-09,271.15,571.0,-19.01,-10.23,-3.31,10.84,8.97,11.6,-1.68,-2.9,8.76,-1.24,-8.95,-12.21,-6.9,14.24,-30.11,22.7,-3.95,-15.72,-21.63,-44.62,-21.16,1.0,,2025-10-09,OK,2026-10-10 12:55
AEQUS,AEQUS-EQ,760234,273.5,2026-10-09,294.7,2025-12-10,248.78,2026-07-10,248.78,274.39,143.97,2026-04-10,143.97,165.4,141.08,2026-01-09,141.08,165.4,,,,,,,,,,,,,9.94,89.97,,72.8,76.34,,2.05,,,,,,,,,,,,,,,,,2025-10-09,NOT LISTED ON BACK DATE,2026-10-10 12:55
AKUMS,AKUMS-EQ,24715,751.85,2026-10-09,838.8,2024-08-06,701.95,2026-07-10,701.95,707.4,515.95,2026-04-10,515.95,622.95,445.0,2026-01-09,445.0,636.0,445.5,2025-10-09,445.5,939.95,550.9,2025-07-10,550.9,1175.9,428.85,2025-04-09,428.85,1175.9,7.11,45.72,66.35,36.05,57.74,7.48,15.94,15.64,18.28,-0.26,-20.24,-31.01,-19.13,3.88,-45.72,28.46,-10.77,,-31.31,-49.64,,1.0,,2025-10-09,OK,2026-10-10 12:55
ALKYLAMINE,ALKYLAMINE-EQ,4487,1807.6,2026-10-09,2115.0,2024-03-26,1956.0,2026-07-10,1956.0,2400.0,1395.4,2026-04-10,1395.4,2438.8,1557.6,2026-01-09,1557.6,2438.8,1837.9,2025-10-09,1837.9,2438.8,2309.8,2025-07-10,2309.8,2498.85,1677.3,2025-04-09,1677.3,2498.85,-7.59,29.54,5.79,40.17,25.58,-22.21,-10.41,-24.29,-21.22,-15.49,-30.28,-14.06,-20.43,9.57,-11.55,37.71,23.51,-2.1,-3.54,-26.91,-21.76,1.0,,2025-10-09,OK,2026-10-10 12:55
AMAGI,AMAGI-EQ,760740,559.4,2026-10-09,727.4,2026-01-21,580.2,2026-07-10,580.2,595.0,354.3,2026-04-10,354.3,438.4,,,,,,,,,,,,,,,,,-3.58,57.89,,63.76,,,,,,,,,,,,,,,,,,,,2025-10-09,NOT LISTED ON BACK DATE,2026-10-10 12:55
APOLLO,APOLLO-EQ,1134,388.35,2026-10-09,466.5,2024-03-26,408.85,2026-07-10,408.85,466.5,237.57,2026-04-10,237.57,354.7,246.15,2026-01-09,246.15,354.7,332.0,2025-10-09,332.0,354.7,186.43,2025-07-10,186.43,221.38,111.56,2025-04-09,111.56,157.0,-5.01,63.47,27.24,72.1,66.1,113.51,-3.49,-25.17,90.62,-22.47,36.89,78.62,78.08,197.6,170.2,67.11,44.03,89.63,-16.47,10.34,5.79,1.0,,2025-10-09,OK,2026-10-10 12:55
ACI,ACI-EQ,12024,455.05,2026-10-09,676.0,2024-03-26,527.45,2026-07-10,527.45,727.6,615.7,2026-04-10,615.7,727.6,515.9,2026-01-09,515.9,727.6,646.1,2025-10-09,646.1,730.0,667.05,2025-07-10,667.05,832.0,577.9,2025-04-09,577.9,832.0,-13.73,-26.09,-25.51,-14.33,2.24,-19.5,19.34,-3.8,-7.04,-19.39,-23.37,-22.43,-3.14,11.8,1.2,15.43,3.44,-10.8,-10.93,-15.01,-13.2,1.0,,2025-10-09,OK,2026-10-10 12:55
ARVINDFASN,ARVINDFASN-EQ,9111,402.8,2026-10-09,569.0,2024-03-26,466.0,2026-07-10,466.0,579.0,481.5,2026-04-10,481.5,579.0,475.4,2026-01-09,475.4,579.0,498.45,2025-10-09,498.45,639.7,468.55,2025-07-10,468.55,639.7,363.6,2025-04-09,363.6,639.7,-13.56,-16.34,-10.51,-3.22,-1.98,-4.52,1.28,-4.32,10.09,-5.53,3.66,-8.88,6.38,37.09,-7.71,28.86,-11.05,-9.52,-31.13,-39.1,-13.21,1.0,,2025-10-09,OK,2026-10-10 12:55
ARVIND,ARVIND-EQ,193,509.45,2026-10-09,607.15,2024-03-26,526.7,2026-07-10,526.7,600.0,390.05,2026-04-10,390.05,404.0,296.0,2026-01-09,296.0,408.95,286.35,2025-10-09,286.35,450.0,343.35,2025-07-10,343.35,450.0,315.05,2025-04-09,315.05,450.0,-3.28,30.61,99.34,35.03,77.94,43.7,31.77,39.5,5.84,5.87,-11.97,-18.69,-16.6,-9.11,-15.23,8.98,-13.71,-5.01,-23.08,-10.66,10.5,1.0,,2025-10-09,OK,2026-10-10 12:55
ASHAPURMIN,ASHAPURMIN-EQ,203,470.8,2026-10-09,924.9,2024-03-26,646.35,2026-07-10,646.35,924.9,530.2,2026-04-10,530.2,924.9,867.0,2026-01-09,867.0,924.9,672.1,2025-10-09,672.1,711.8,470.9,2025-07-10,470.9,571.55,339.9,2025-04-09,339.9,571.55,-27.16,-11.2,-18.08,21.91,-25.45,40.79,-38.85,-23.44,55.78,25.19,83.9,48.43,42.73,97.73,107.12,38.54,-0.64,-1.77,-29.87,15.16,-10.02,1.0,,2025-10-09,OK,2026-10-10 12:55
ASHOKA,ASHOKA-EQ,20182,102.02,2026-10-09,214.5,2024-03-26,131.59,2026-07-10,131.59,214.5,124.87,2026-04-10,124.87,230.8,162.08,2026-01-09,162.08,294.0,191.54,2025-10-09,191.54,319.0,206.52,2025-07-10,206.52,319.0,186.06,2025-04-09,186.06,319.0,-22.47,-18.3,-40.7,5.38,-18.81,-42.95,-22.96,-35.17,-35.08,-15.86,-20.99,-40.82,-7.25,2.95,-22.99,11.0,-25.47,-5.5,-36.14,-22.38,2.98,1.0,,2025-10-09,OK,2026-10-10 12:55
ASTRAMICRO,ASTRAMICRO-EQ,11618,1652.9,2026-10-09,1960.0,2024-03-26,1803.7,2026-07-10,1803.7,1871.0,1015.65,2026-04-10,1015.65,1195.9,986.7,2026-01-09,986.7,1195.9,1162.35,2025-10-09,1162.35,1195.9,1022.4,2025-07-10,1022.4,1195.9,689.05,2025-04-09,689.05,1059.0,-8.36,62.74,46.78,77.59,82.8,39.32,2.93,-6.87,49.37,-9.53,-0.7,13.07,13.69,68.69,19.87,48.38,30.38,28.92,-12.55,-17.89,-2.64,1.0,,2025-10-09,OK,2026-10-10 12:55
ATLANTAELE,ATLANTAELE-EQ,759007,1769.5,2026-10-09,2152.6,2025-09-29,1695.4,2026-07-10,1695.4,2152.6,1310.4,2026-04-10,1310.4,1350.8,822.8,2026-01-09,822.8,1097.85,873.25,2025-10-09,873.25,928.0,,,,,,,,,4.37,35.04,111.7,29.38,106.05,,59.26,45.41,,-8.69,,,,,,,,,,,,1.0,,2025-10-09,OK,2026-10-10 12:55
AURIONPRO,AURIONPRO-EQ,12022,601.6,2026-10-09,1240.0,2024-03-26,857.8,2026-07-10,857.8,1665.9,869.0,2026-04-10,869.0,1665.9,1055.4,2026-01-09,1055.4,1727.0,1106.3,2025-10-09,1106.3,1923.75,1614.6,2025-07-10,1614.6,1991.75,1369.75,2025-04-09,1369.75,1991.75,-29.87,-30.77,-39.89,-1.29,-18.72,-53.76,-17.66,-22.13,-35.21,-5.42,-34.49,-38.35,-31.48,-19.23,-23.19,17.88,-6.54,-18.39,-21.25,-16.7,15.34,1.0,,2025-10-09,OK,2026-10-10 12:55
AVALON,AVALON-EQ,15058,2300.5,2026-10-09,2618.0,2024-03-26,1768.1,2026-07-10,1768.1,1853.0,1058.35,2026-04-10,1058.35,1318.0,902.35,2026-01-09,902.35,1318.0,1235.2,2025-10-09,1235.2,1318.0,871.1,2025-07-10,871.1,1073.75,758.85,2025-04-09,758.85,1073.75,30.11,117.37,85.69,67.06,95.94,75.93,17.29,-13.98,24.25,-26.66,5.45,-6.11,41.8,62.77,63.36,14.79,-6.42,58.22,-19.13,32.15,30.24,1.0,,2025-10-09,OK,2026-10-10 12:55
CCAVENUE,CCAVENUE-EQ,16249,14.9,2026-10-09,20.5,2024-03-26,18.1,2026-07-10,18.1,20.5,15.14,2026-04-10,15.14,21.13,15.59,2026-01-09,15.59,22.34,19.3,2025-10-09,19.3,27.09,16.51,2025-07-10,16.51,30.57,14.36,2025-04-09,14.36,32.86,-17.68,-1.59,-20.16,19.55,16.1,-17.75,-2.89,-22.6,3.69,-20.3,-5.97,-21.41,16.9,34.4,-37.66,14.97,-24.16,-23.37,-35.23,-44.25,-48.89,1.0,,2025-10-09,OK,2026-10-10 12:55
BAJAJCON,BAJAJCON-EQ,19531,506.95,2026-10-09,692.0,2024-03-26,670.25,2026-07-10,670.25,679.85,432.25,2026-04-10,432.25,444.7,279.8,2026-01-09,279.8,310.0,247.65,2025-10-09,247.65,263.5,236.84,2025-07-10,236.84,288.95,164.73,2025-04-09,164.73,288.95,-24.36,17.28,110.56,55.06,139.55,137.63,54.49,63.66,116.99,5.94,20.01,30.97,4.56,50.34,-5.42,43.77,21.31,-35.28,-14.98,-29.83,-29.65,1.0,,2025-10-09,OK,2026-10-10 12:55
BALAMINES,BALAMINES-EQ,14501,2040.8,2026-10-09,2629.8,2024-03-26,2414.9,2026-07-10,2414.9,2420.0,1076.5,2026-04-10,1076.5,1945.0,1164.3,2026-01-09,1164.3,1945.0,1361.7,2025-10-09,1361.7,2269.9,1878.7,2025-07-10,1878.7,2549.75,1140.65,2025-04-09,1140.65,2549.75,-15.49,89.58,73.26,124.33,107.41,13.43,-7.54,-21.34,-8.13,-14.92,-35.13,-40.98,-27.52,19.38,-32.89,64.7,-1.59,-35.67,-34.48,-49.09,-43.0,1.0,,2025-10-09,OK,2026-10-10 12:55
BALUFORGE,BALUFORGE-EQ,23607,481.2,2026-10-09,678.0,2024-04-29,465.1,2026-07-10,465.1,702.7,466.85,2026-04-10,466.85,784.0,458.9,2026-01-09,458.9,784.0,644.2,2025-10-09,644.2,873.9,680.05,2025-07-10,680.05,886.95,614.1,2025-04-09,614.1,886.95,3.46,3.07,-15.93,-0.37,1.35,-35.37,1.73,-30.82,-24.81,-31.99,-31.07,-13.01,-5.27,4.9,-10.81,10.74,-8.48,98.06,-17.14,-17.93,,1.0,,2025-10-09,OK,2026-10-10 12:55
BANCOINDIA,BANCOINDIA-EQ,13880,590.8,2026-10-09,865.0,2024-03-26,681.85,2026-07-10,681.85,879.8,590.35,2026-04-10,590.35,879.8,668.3,2026-01-09,668.3,879.8,806.15,2025-10-09,806.15,879.8,654.7,2025-07-10,654.7,690.0,322.75,2025-04-09,322.75,594.43,-13.35,0.08,-21.21,15.5,2.03,0.29,-11.66,-26.57,78.47,-16.87,4.19,45.84,23.13,149.78,71.66,102.85,34.31,83.82,-33.45,-10.72,9.27,1.0,,2025-10-09,OK,2026-10-10 12:55
BAYERCROP,BAYERCROP-EQ,17927,3492.0,2026-10-09,5149.9,2024-03-26,4129.9,2026-07-10,4129.9,6509.5,4805.3,2026-04-10,4805.3,6511.0,4460.0,2026-01-09,4460.0,6511.0,5057.6,2025-10-09,5057.6,6912.25,6282.0,2025-07-10,6282.0,7196.85,4720.9,2025-04-09,4720.9,7196.85,-15.45,-27.33,-21.88,-14.06,-7.4,-31.58,7.74,-4.03,-4.24,-10.93,-28.02,-21.12,-19.49,7.13,-24.26,33.07,12.57,-17.61,-13.74,-29.93,-7.63,1.0,,2025-10-09,OK,2026-10-10 12:55
BIRLACORPN,BIRLACORPN-EQ,480,817.3,2026-10-09,1244.3,2024-03-26,965.3,2026-07-10,965.3,1535.3,945.4,2026-04-10,945.4,1535.3,1059.0,2026-01-09,1059.0,1535.3,1185.4,2025-10-09,1185.4,1535.3,1390.6,2025-07-10,1390.6,1611.95,1091.55,2025-04-09,1091.55,1682.0,-15.33,-13.55,-29.4,2.1,-8.85,-32.95,-10.73,-20.37,-22.72,-10.8,-22.55,-17.14,-14.76,8.6,3.05,27.4,13.01,-11.82,-10.57,-12.19,-32.43,1.0,,2025-10-09,OK,2026-10-10 12:55
BLACKBUCK,BLACKBUCK-EQ,27144,592.05,2026-10-09,748.0,2024-11-22,578.9,2026-07-10,578.9,748.0,577.9,2026-04-10,577.9,748.0,649.25,2026-01-09,649.25,748.0,679.15,2025-10-09,679.15,688.8,442.2,2025-07-10,442.2,550.7,378.35,2025-04-09,378.35,550.7,2.27,2.45,-14.59,0.17,-10.84,19.96,-10.99,-15.7,51.92,-5.29,48.72,54.09,53.58,79.5,,16.88,8.16,,-10.22,,,1.0,,2025-10-09,OK,2026-10-10 12:55
BLUEJET,BLUEJET-EQ,19686,514.6,2026-10-09,692.9,2024-03-26,624.05,2026-07-10,624.05,1027.8,406.85,2026-04-10,406.85,1027.8,500.2,2026-01-09,500.2,1027.8,653.5,2025-10-09,653.5,1027.8,917.15,2025-07-10,917.15,986.0,626.05,2025-04-09,626.05,968.3,-17.54,26.48,-11.97,53.39,24.76,-48.78,-18.66,-39.97,-40.15,-26.2,-44.94,-7.66,-28.75,4.38,48.18,46.5,57.42,113.05,4.51,26.95,112.47,1.0,,2025-10-09,OK,2026-10-10 12:55
BLUESTONE,BLUESTONE-EQ,759291,817.65,2026-10-09,969.9,2025-08-19,580.7,2026-07-10,580.7,793.0,495.1,2026-04-10,495.1,793.0,486.4,2026-01-09,486.4,793.0,761.25,2025-10-09,761.25,793.0,,,,,,,,,40.8,65.15,14.86,17.29,19.39,,1.79,-29.48,,-30.72,,,,,,,,,,,,1.0,,2025-10-09,OK,2026-10-10 12:55
BORORENEW,BORORENEW-EQ,3149,430.4,2026-10-09,721.0,2024-03-26,640.55,2026-07-10,640.55,721.0,467.55,2026-04-10,467.55,721.0,499.2,2026-01-09,499.2,721.0,605.25,2025-10-09,605.25,659.9,544.8,2025-07-10,544.8,643.9,462.0,2025-04-09,462.0,643.9,-32.81,-7.95,-17.07,37.0,28.32,-2.52,-6.34,-27.27,-10.0,-22.35,-10.52,-9.47,11.1,31.01,24.25,17.92,-8.71,13.81,-19.57,-0.76,-0.86,1.0,,2025-10-09,OK,2026-10-10 12:55
MAPMYINDIA,MAPMYINDIA-EQ,7227,873.1,2026-10-09,1998.0,2024-03-26,1083.35,2026-07-10,1083.35,1998.0,939.4,2026-04-10,939.4,2166.7,1602.0,2026-01-09,1602.0,2166.7,1699.0,2025-10-09,1699.0,2203.95,1791.5,2025-07-10,1791.5,2690.0,1714.05,2025-04-09,1714.05,2747.85,-19.41,-7.06,-43.78,15.32,-32.38,-51.98,-41.36,-44.87,-42.24,-5.99,-10.76,-1.86,-5.16,-0.88,-21.33,4.52,8.15,-20.08,3.32,-18.27,-12.42,1.0,,2025-10-09,OK,2026-10-10 12:55
CMRGREEN,CMRGREEN-EQ,30893,216.94,2026-10-09,268.96,2026-06-10,223.5,2026-07-10,223.5,268.96,,,,,,,,,,,,,,,,,,,,,-2.94,,,,,,,,,,,,,,,,,,,,,,,2025-10-09,NOT LISTED ON BACK DATE,2026-10-10 12:55
CMSINFO,CMSINFO-EQ,7603,213.85,2026-10-09,393.3,2024-03-26,262.4,2026-07-10,262.4,541.15,298.6,2026-04-10,298.6,541.15,335.0,2026-01-09,335.0,541.15,375.5,2025-10-09,375.5,616.5,518.8,2025-07-10,518.8,616.5,452.95,2025-04-09,452.95,616.5,-18.5,-28.38,-38.42,-12.12,-21.67,-43.94,-10.87,-17.64,-33.98,-7.6,-35.51,-25.74,-27.62,-17.1,-31.23,14.54,10.13,-4.74,-6.03,-25.16,11.9,1.0,,2025-10-09,OK,2026-10-10 12:55
CSBBANK,CSBBANK-EQ,14966,300.35,2026-10-09,574.4,2024-03-26,360.4,2026-07-10,360.4,574.4,404.9,2026-04-10,404.9,574.4,504.0,2026-01-09,504.0,574.4,397.95,2025-10-09,397.95,445.6,412.55,2025-07-10,412.55,426.0,318.95,2025-04-09,318.95,419.4,-16.66,-25.82,-21.82,-10.99,-28.49,-12.24,-19.66,3.87,12.37,29.3,21.45,28.36,-3.54,24.77,14.53,29.35,35.55,5.44,3.89,1.08,-24.64,1.0,,2025-10-09,OK,2026-10-10 12:55
CAMPUS,CAMPUS-EQ,9362,197.0,2026-10-09,287.8,2024-03-26,231.09,2026-07-10,231.09,304.4,238.53,2026-04-10,238.53,304.4,254.75,2026-01-09,254.75,313.9,277.65,2025-10-09,277.65,337.6,287.55,2025-07-10,287.55,371.9,235.47,2025-04-09,235.47,371.9,-14.75,-17.41,-22.61,-3.12,-9.29,-18.22,-6.37,-14.99,1.18,-9.21,-10.11,-6.97,-3.44,17.91,-14.22,22.12,-0.28,-1.16,-19.99,-25.82,11.82,1.0,,2025-10-09,OK,2026-10-10 12:55
CRAMC,CRAMC-EQ,759311,219.95,2026-10-09,353.4,2025-10-16,253.47,2026-07-10,253.47,353.4,262.86,2026-04-10,262.86,353.4,295.65,2026-01-09,295.65,353.4,,,,,,,,,,,,,-13.22,-16.32,,-3.57,-14.27,,-11.09,,,,,,,,,,,,,,,,,2025-10-09,NOT LISTED ON BACK DATE,2026-10-10 12:55
CAPILLARY,CAPILLARY-EQ,759867,566.65,2026-10-09,798.95,2025-11-21,502.9,2026-07-10,502.9,798.95,549.75,2026-04-10,549.75,798.95,630.25,2026-01-09,630.25,798.95,,,,,,,,,,,,,12.68,3.07,,-8.52,-20.21,,-12.77,,,,,,,,,,,,,,,,,2025-10-09,NOT LISTED ON BACK DATE,2026-10-10 12:55
CEIGALL,CEIGALL-EQ,24742,369.0,2026-10-09,405.7,2024-08-08,365.8,2026-07-10,365.8,405.7,300.1,2026-04-10,300.1,307.9,271.85,2026-01-09,271.85,333.65,260.9,2025-10-09,260.9,394.6,271.15,2025-07-10,271.15,424.8,254.85,2025-04-09,254.85,424.8,0.87,22.96,44.27,21.89,34.56,33.08,10.39,14.7,8.81,3.9,-5.16,-31.02,-3.78,2.37,-29.47,6.4,-18.09,,-24.91,-33.52,,1.0,,2025-10-09,OK,2026-10-10 12:55
CELLO,CELLO-EQ,19795,364.95,2026-10-09,673.8,2024-03-26,368.65,2026-07-10,368.65,673.8,423.05,2026-04-10,423.05,673.8,511.3,2026-01-09,511.3,720.35,602.25,2025-10-09,602.25,900.0,638.65,2025-07-10,638.65,1014.35,519.4,2025-04-09,519.4,1025.0,-1.0,-13.73,-43.98,-12.86,-27.9,-41.03,-17.26,-29.5,-23.59,-14.8,-18.28,-23.87,-5.7,15.95,-30.52,22.96,-11.0,-35.19,-28.12,-40.48,-33.71,1.0,,2025-10-09,OK,2026-10-10 12:55
CENTUM,CENTUM-EQ,14982,4076.7,2026-10-09,4999.5,2024-03-26,3647.6,2026-07-10,3647.6,3916.0,2815.4,2026-04-10,2815.4,3066.6,2091.0,2026-01-09,2091.0,3044.0,2613.6,2025-10-09,2613.6,3044.0,2317.9,2025-07-10,2317.9,2690.0,1653.3,2025-04-09,1653.3,2390.05,11.76,44.8,62.63,29.56,74.44,42.54,34.64,4.53,72.8,-22.37,-9.63,13.59,12.76,58.08,55.66,40.2,15.73,38.46,-18.94,-8.06,-29.9,1.0,,2025-10-09,OK,2026-10-10 12:55
CERA,CERA-EQ,15039,5002.5,2026-10-09,6740.0,2024-03-26,6313.5,2026-07-10,6313.5,7100.0,5162.0,2026-04-10,5162.0,7275.0,5121.5,2026-01-09,5121.5,7275.0,6023.0,2025-10-09,6023.0,8050.6,6827.0,2025-07-10,6827.0,10789.95,5412.8,2025-04-09,5412.8,10789.95,-20.77,-3.09,-5.39,22.31,23.27,-14.03,0.79,-13.49,-14.05,-14.17,-23.26,-25.01,-11.78,11.27,-20.11,26.13,-4.41,-21.55,-24.7,-31.84,-24.04,1.0,,2025-10-09,OK,2026-10-10 12:55
CHALET,CHALET-EQ,8546,820.9,2026-10-09,989.0,2024-03-26,839.75,2026-07-10,839.75,1082.0,770.2,2026-04-10,770.2,1082.0,866.65,2026-01-09,866.65,1082.0,941.15,2025-10-09,941.15,1082.0,870.6,2025-07-10,870.6,1052.45,799.55,2025-04-09,799.55,1052.45,-2.24,6.58,-5.47,9.03,-3.1,-14.55,-11.13,-19.18,-3.08,-9.06,1.0,-3.94,8.1,17.71,15.63,8.89,-5.29,8.52,-14.96,-10.22,-6.73,1.0,,2025-10-09,OK,2026-10-10 12:55
DCBBANK,DCBBANK-EQ,13725,203.79,2026-10-09,234.8,2024-03-26,188.67,2026-07-10,188.67,205.9,188.51,2026-04-10,188.51,203.7,179.84,2026-01-09,179.84,190.5,129.45,2025-10-09,129.45,150.79,141.02,2025-07-10,141.02,150.79,115.09,2025-04-09,115.09,145.9,8.01,8.11,76.21,0.08,4.91,25.53,4.82,44.84,49.73,38.18,26.05,47.42,-8.2,12.48,5.91,22.53,22.4,13.08,-1.22,-1.83,-12.34,1.0,,2025-10-09,OK,2026-10-10 12:55
DATAMATICS,DATAMATICS-EQ,11423,745.8,2026-10-09,1010.0,2024-03-26,900.45,2026-07-10,900.45,1120.0,710.5,2026-04-10,710.5,1120.0,746.2,2026-01-09,746.2,1120.0,874.85,2025-10-09,874.85,1120.0,673.1,2025-07-10,673.1,740.0,549.05,2025-04-09,549.05,740.0,-17.17,4.97,-11.64,26.73,20.67,13.83,-4.78,-19.57,26.96,-15.53,1.92,22.16,29.97,59.34,48.62,22.59,1.67,-3.21,-19.58,-11.48,-5.42,1.0,,2025-10-09,OK,2026-10-10 12:55
DIACABS,DIACABS-BE,18545,380.95,2026-10-09,404.0,2024-03-26,229.01,2026-07-10,229.01,251.8,137.09,2026-04-10,137.09,183.5,134.86,2026-01-09,134.86,183.5,142.21,2025-10-09,142.21,190.0,161.98,2025-07-10,161.98,190.0,88.02,2025-04-09,88.02,190.0,66.35,177.88,135.43,67.05,69.81,21.62,1.65,-3.39,56.0,-4.96,-18.21,-5.17,-12.21,61.57,7.58,84.03,10.63,-19.57,-40.21,-35.62,50.34,1.0,,2025-10-09,OK,2026-10-10 12:55
DBL,DBL-EQ,18086,395.65,2026-10-09,531.65,2024-03-26,426.3,2026-07-10,426.3,585.0,435.6,2026-04-10,435.6,585.0,445.65,2026-01-09,445.65,585.0,516.65,2025-10-09,516.65,585.0,496.0,2025-07-10,496.0,588.0,429.95,2025-04-09,429.95,588.0,-7.19,-9.17,-23.93,-2.13,-4.34,-12.87,-2.26,-16.93,5.34,-15.02,-9.52,3.31,4.16,20.17,-8.6,15.36,14.79,-0.74,-2.34,-14.47,-2.34,1.0,,2025-10-09,OK,2026-10-10 12:55
DUMMYINGL1,,,,,,,,,,,,,,,,,,,,,,,,,,,,,,,,,,,,,,,,,,,,,,,,,,,,,,2025-10-09,NO ANGEL TOKEN,2026-10-10 12:55
DUMMYINGL2,,,,,,,,,,,,,,,,,,,,,,,,,,,,,,,,,,,,,,,,,,,,,,,,,,,,,,2025-10-09,NO ANGEL TOKEN,2026-10-10 12:55
DUMMYINXGN,,,,,,,,,,,,,,,,,,,,,,,,,,,,,,,,,,,,,,,,,,,,,,,,,,,,,,2025-10-09,NO ANGEL TOKEN,2026-10-10 12:55
DYNAMATECH,DYNAMATECH-EQ,4525,13321.0,2026-10-09,14409.0,2024-03-26,10688.0,2026-07-10,10688.0,12875.0,10345.5,2026-04-10,10345.5,10950.0,8786.0,2026-01-09,8786.0,10039.5,7673.0,2025-10-09,7673.0,8937.0,7232.5,2025-07-10,7232.5,8937.0,5848.15,2025-04-09,5848.15,8977.0,24.64,28.76,51.51,3.31,21.65,37.48,17.75,32.69,69.61,12.68,23.7,21.33,6.09,31.2,-15.16,23.67,-8.9,0.17,-25.51,-25.99,-26.87,1.0,,2025-10-09,OK,2026-10-10 12:55
E2E,E2E-BE,8940,704.6,2026-10-09,753.35,2024-03-26,397.9,2026-07-10,397.9,469.4,245.01,2026-04-10,245.01,389.47,203.73,2026-01-09,203.73,435.0,346.56,2025-10-09,346.56,548.77,253.37,2025-07-10,253.37,548.77,187.96,2025-04-09,187.96,548.77,77.08,187.58,74.43,62.4,95.31,53.29,20.26,-28.1,26.22,-40.22,-18.59,-51.52,36.78,84.38,7.63,34.8,-41.1,70.78,-56.3,-34.94,82.67,1.0,,2025-10-09,OK,2026-10-10 12:55
EPL,EPL-EQ,981,232.43,2026-10-09,274.03,2024-03-26,237.56,2026-07-10,237.56,246.86,234.01,2026-04-10,234.01,254.0,208.22,2026-01-09,208.22,261.37,211.71,2025-10-09,211.71,289.9,233.9,2025-07-10,233.9,289.9,181.33,2025-04-09,181.33,289.9,-2.16,-0.68,16.53,1.52,14.09,-8.41,12.39,10.24,7.6,-1.91,-11.86,-17.94,-9.49,16.75,-14.6,28.99,-5.23,3.05,-30.02,-32.64,10.23,1.0,,2025-10-09,OK,2026-10-10 12:55
EDELWEISS,EDELWEISS-EQ,15119,127.89,2026-10-09,146.0,2024-03-26,120.14,2026-07-10,120.14,133.9,116.57,2026-04-10,116.57,130.7,106.79,2026-01-09,106.79,123.5,113.01,2025-10-09,113.01,142.45,114.76,2025-07-10,114.76,145.53,74.97,2025-04-09,74.97,145.53,6.45,9.71,18.25,3.06,12.5,-6.61,9.16,4.95,44.92,-3.85,-6.35,-13.27,-1.52,50.74,-1.69,53.07,-3.25,64.07,-39.17,-36.15,26.41,1.0,,2025-10-09,OK,2026-10-10 12:55
EMIL,EMIL-EQ,11530,191.17,2026-10-09,212.64,2024-03-26,134.36,2026-07-10,134.36,168.5,101.53,2026-04-10,101.53,168.5,95.59,2026-01-09,95.59,168.5,143.43,2025-10-09,143.43,225.5,144.15,2025-07-10,144.15,247.5,115.98,2025-04-09,115.98,262.0,42.28,88.29,27.34,32.34,40.56,-27.19,6.21,-29.53,-19.43,-33.65,-32.6,-30.69,-0.5,23.67,-31.88,24.29,-9.8,-43.31,-28.06,-47.14,-40.18,1.0,,2025-10-09,OK,2026-10-10 12:55
ELECTCAST,ELECTCAST-EQ,928,75.18,2026-10-09,99.0,2024-03-26,77.27,2026-07-10,77.27,127.57,82.67,2026-04-10,82.67,138.75,70.28,2026-01-09,70.28,138.75,95.3,2025-10-09,95.3,209.0,122.72,2025-07-10,122.72,236.6,93.56,2025-04-09,93.56,236.6,-2.7,-9.06,-17.9,-6.53,9.95,-42.36,17.63,-11.95,-19.17,-25.15,-42.98,-46.75,-22.34,1.86,-50.83,31.17,-6.31,-36.3,-30.66,-53.35,-48.36,1.0,,2025-10-09,OK,2026-10-10 12:55
ELLEN,ELLEN-EQ,758563,348.15,2026-10-09,473.55,2025-07-01,294.25,2026-07-10,294.25,637.7,238.1,2026-04-10,238.1,637.7,294.4,2026-01-09,294.4,637.7,434.15,2025-10-09,434.15,637.7,613.3,2025-07-10,613.3,632.4,,,,,18.32,46.22,-18.22,23.58,-0.05,-56.51,-19.12,-46.55,,-33.92,-51.28,,-29.21,,,,,,,,,1.0,,2025-10-09,OK,2026-10-10 12:55
EMBDL,EMBDL-EQ,14450,55.51,2026-10-09,97.42,2024-03-26,66.24,2026-07-10,66.24,121.85,52.85,2026-04-09,52.85,128.0,67.09,2026-01-09,67.09,163.69,93.95,2025-10-09,93.95,163.69,119.71,2025-07-10,119.71,163.69,101.22,2025-04-09,101.22,164.36,-16.2,5.03,-38.97,25.34,-1.27,-51.38,-21.23,-44.41,-45.65,-29.43,-43.45,-47.88,-21.52,-7.18,-22.12,18.27,-11.45,-18.42,-29.38,-16.35,-20.56,1.0,,2025-10-09,OK,2026-10-10 12:55
ENTERO,ENTERO-EQ,22717,1676.2,2026-10-09,1920.0,2024-03-26,1210.9,2026-07-10,1210.9,1390.0,1197.2,2026-04-10,1197.2,1510.8,1174.6,2026-01-09,1174.6,1563.9,1127.5,2025-10-09,1127.5,1584.25,1241.7,2025-07-10,1241.7,1584.25,1126.6,2025-04-09,1126.6,1584.25,38.43,40.01,62.16,1.14,3.09,-8.56,1.92,6.61,-9.11,4.59,-7.62,-29.24,-9.2,0.08,-12.82,10.22,-14.27,10.63,-22.3,-15.98,23.75,1.0,,2025-10-09,OK,2026-10-10 12:55
EQUITASBNK,EQUITASBNK-EQ,913,66.02,2026-10-09,83.9,2024-03-26,82.24,2026-07-10,82.24,83.0,61.79,2026-04-10,61.79,73.4,66.87,2026-01-09,66.87,75.5,55.8,2025-10-09,55.8,75.9,65.21,2025-07-10,65.21,93.07,56.65,2025-04-09,56.65,107.8,-19.72,6.85,30.29,33.1,22.98,12.74,-7.6,10.02,2.67,19.07,4.88,-13.53,-14.43,-1.5,-29.68,15.11,-5.56,-24.48,-16.22,-24.5,-41.33,1.0,,2025-10-09,OK,2026-10-10 12:55
ERIS,ERIS-EQ,21154,1170.7,2026-10-09,1740.0,2024-03-26,1431.2,2026-07-10,1431.2,1885.0,1371.4,2026-04-10,1371.4,1910.0,1508.8,2026-01-09,1508.8,1910.0,1592.4,2025-10-09,1592.4,1910.0,1743.9,2025-07-10,1743.9,1910.0,1359.6,2025-04-09,1359.6,1593.9,-18.2,-14.63,-16.16,4.36,-5.14,-21.62,-9.11,-14.07,-0.76,-5.46,-11.76,23.7,-8.69,17.12,20.16,28.27,34.05,63.26,4.71,-4.46,51.02,1.0,,2025-10-09,OK,2026-10-10 12:55
FEDFINA,FEDFINA-EQ,20322,146.39,2026-10-09,178.48,2024-03-26,159.34,2026-07-10,159.34,178.48,143.11,2026-04-10,143.11,178.48,155.08,2026-01-09,155.08,167.1,158.38,2025-10-09,158.38,166.8,114.89,2025-07-10,114.89,131.45,83.93,2025-04-09,83.93,133.5,-8.13,2.29,-0.91,11.34,2.75,29.85,-7.72,-8.22,52.87,-0.54,34.98,41.72,37.85,88.7,27.01,36.89,14.56,-11.18,-16.81,-25.48,-28.35,1.0,,2025-10-09,OK,2026-10-10 12:55
FIEMIND,FIEMIND-EQ,13710,1747.7,2026-10-09,2674.8,2024-03-26,2249.9,2026-07-10,2249.9,2555.3,2216.6,2026-04-10,2216.6,2555.3,2230.9,2026-01-09,2230.9,2445.0,1971.0,2025-10-09,1971.0,2275.0,1940.7,2025-07-10,1940.7,1999.9,1315.35,2025-04-09,1315.35,1790.0,-22.32,-21.15,2.57,1.5,0.85,15.32,-0.64,14.12,60.5,14.85,16.58,52.3,1.56,49.85,33.2,47.54,31.77,37.27,-11.32,-19.75,19.92,1.0,,2025-10-09,OK,2026-10-10 12:55
FINPIPE,FINPIPE-EQ,1041,151.16,2026-10-09,200.4,2024-03-26,169.44,2026-07-10,169.44,222.5,164.74,2026-04-10,164.74,238.0,173.99,2026-01-09,173.99,238.0,194.04,2025-10-09,194.04,334.3,205.27,2025-07-10,205.27,334.35,167.49,2025-04-09,167.49,355.9,-10.79,-8.24,-19.24,2.85,-2.62,-16.7,-5.32,-14.62,10.7,-9.82,-15.31,-27.59,-5.47,15.85,-26.91,22.56,-9.03,-30.1,-28.01,-41.53,-29.53,1.0,,2025-10-09,OK,2026-10-10 12:55
UTLSOLAR,UTLSOLAR-EQ,759876,409.05,2026-10-09,494.25,2025-11-20,382.7,2026-07-10,382.7,382.7,221.44,2026-04-10,221.44,230.99,214.25,2026-01-09,214.25,230.99,,,,,,,,,,,,,6.89,84.72,,72.82,78.62,,3.36,,,,,,,,,,,,,,,,,2025-10-09,NOT LISTED ON BACK DATE,2026-10-10 12:55
GMRP&UI,GMRP&UI-EQ,8529,98.1,2026-10-09,136.3,2024-03-26,98.73,2026-07-10,98.73,136.95,104.89,2026-04-10,104.89,141.01,101.31,2026-01-09,101.31,141.01,112.9,2025-10-09,112.9,142.8,115.08,2025-07-10,115.08,169.25,114.5,2025-04-09,114.5,169.25,-0.64,-6.47,-16.01,-5.87,-2.55,-8.89,3.53,-6.51,-6.8,-9.7,-10.96,-8.91,-1.89,-1.4,-19.37,0.51,-5.55,21.28,-10.2,-16.2,79.03,1.0,,2025-10-09,OK,2026-10-10 12:55
EBGNG,EBGNG-EQ,757862,685.5,2026-10-09,740.4,2025-07-30,633.85,2026-07-10,633.85,689.5,408.55,2026-04-10,408.55,409.7,287.4,2026-01-09,287.4,401.7,343.45,2025-10-09,343.45,401.7,,,,,,,,,8.15,67.79,96.77,55.15,120.55,,42.15,21.88,,-14.26,,,,,,,,,,,,1.0,,2025-10-09,OK,2026-10-10 12:55
GRWRHITECH,GRWRHITECH-EQ,7982,6997.5,2026-10-09,7990.0,2024-03-26,6968.0,2026-07-10,6968.0,7185.0,3730.3,2026-04-10,3730.3,4782.9,3040.7,2026-01-09,3040.7,4782.9,2950.8,2025-10-09,2950.8,5378.1,3639.0,2025-07-10,3639.0,5378.1,2408.9,2025-04-09,2408.9,5378.1,0.42,87.59,128.84,86.79,129.16,70.6,22.68,26.8,65.5,3.36,-15.63,-24.21,-18.91,22.5,-19.64,51.06,-23.71,88.82,-51.16,-35.89,132.58,1.0,,2025-10-09,OK,2026-10-10 12:55
GENUSPOWER,GENUSPOWER-EQ,11905,296.55,2026-10-09,363.0,2024-03-26,317.05,2026-07-10,317.05,394.0,274.67,2026-04-10,274.67,430.0,273.55,2026-01-09,273.55,430.0,302.4,2025-10-09,302.4,486.05,360.75,2025-07-10,360.75,486.05,266.55,2025-04-09,266.55,486.05,-6.47,7.97,8.8,15.43,15.9,-14.54,0.41,-11.04,-5.03,-11.4,-24.49,-21.78,-16.17,13.45,-18.72,35.34,-6.05,12.06,-31.33,-33.29,-0.25,1.0,,2025-10-09,OK,2026-10-10 12:55
GODIGIT,GODIGIT-EQ,23799,272.85,2026-10-09,374.0,2024-05-23,312.0,2026-07-10,312.0,381.4,319.8,2026-04-10,319.8,381.4,335.25,2026-01-09,335.25,381.4,359.7,2025-10-09,359.7,382.85,342.0,2025-07-10,342.0,407.4,280.0,2025-04-09,280.0,407.4,-12.55,-14.68,-29.58,-2.44,-6.94,-14.14,-4.61,-11.88,19.38,-7.62,-1.99,16.4,5.18,28.46,-8.64,22.14,15.05,-4.41,-7.82,-26.87,,1.0,,2025-10-09,OK,2026-10-10 12:55
GODREJAGRO,GODREJAGRO-EQ,144,628.45,2026-10-09,698.4,2024-03-26,562.15,2026-07-10,562.15,876.35,592.35,2026-04-10,592.35,876.35,557.7,2026-01-09,557.7,876.35,667.25,2025-10-09,667.25,876.35,770.25,2025-07-10,770.25,876.7,742.0,2025-04-09,742.0,876.7,11.79,6.09,1.11,-5.1,0.8,-27.21,6.21,-10.38,-19.09,-15.62,-28.53,-19.38,-13.37,-10.07,-1.79,3.81,3.64,0.97,0.53,-1.05,37.8,1.0,,2025-10-09,OK,2026-10-10 12:55
GOKEX,GOKEX-EQ,11778,667.7,2026-10-09,954.9,2024-03-26,832.75,2026-07-10,832.75,954.9,676.7,2026-04-10,676.7,1060.0,653.45,2026-01-09,653.45,1136.95,734.4,2025-10-09,734.4,1262.15,923.25,2025-07-10,923.25,1262.15,763.1,2025-04-09,763.1,1262.15,-19.82,-1.33,6.95,23.06,27.44,-27.75,3.56,-14.38,-19.83,-17.32,-28.59,-21.15,-20.45,-3.76,-17.42,20.99,-14.7,2.36,-31.75,-16.32,-0.28,1.0,,2025-10-09,OK,2026-10-10 12:55
GOKULAGRO,GOKULAGRO-EQ,14480,206.74,2026-10-09,259.8,2024-03-26,217.71,2026-07-10,217.71,249.92,199.34,2026-04-10,199.34,221.5,168.8,2026-01-09,168.8,221.5,186.33,2025-10-09,186.33,212.5,157.28,2025-07-10,157.28,188.5,115.71,2025-04-09,115.71,188.5,-5.04,3.71,23.74,9.22,28.98,48.12,18.09,6.7,40.52,-9.65,8.88,8.92,18.47,61.03,26.41,35.93,-10.78,69.17,-36.06,-13.87,92.56,1.0,,2025-10-09,OK,2026-10-10 12:55
GREAVESCOT,GREAVESCOT-EQ,1235,207.22,2026-10-09,271.9,2024-03-26,263.6,2026-07-10,263.6,267.0,150.8,2026-04-10,150.8,244.3,176.11,2026-01-09,176.11,305.85,208.78,2025-10-09,208.78,319.5,202.92,2025-07-10,202.92,319.5,174.08,2025-04-09,174.08,319.5,-21.39,37.41,-7.86,74.8,49.68,-11.28,-14.37,-27.48,-17.06,-15.31,-12.53,-31.94,2.89,19.93,25.46,16.57,-23.24,24.55,-36.69,1.07,62.8,1.0,,2025-10-09,OK,2026-10-10 12:55
GRINDWELL,GRINDWELL-EQ,13560,1990.6,2026-10-09,2455.0,2024-03-26,2058.6,2026-07-10,2058.6,2294.4,1536.6,2026-04-10,1536.6,1884.0,1590.0,2026-01-09,1590.0,1965.0,1677.4,2025-10-09,1677.4,2632.0,1739.9,2025-07-10,1739.9,2824.4,1586.35,2025-04-09,1586.35,2960.0,-3.3,29.55,12.86,33.97,29.47,10.05,-3.36,-8.8,-4.52,-5.63,-6.89,-16.86,-3.59,5.74,-33.01,9.68,-6.98,-35.13,-14.27,-33.63,-22.72,1.0,,2025-10-09,OK,2026-10-10 12:55
GAEL,GAEL-EQ,8828,163.43,2026-10-09,184.99,2024-03-26,154.29,2026-07-10,154.29,177.92,151.83,2026-04-10,151.83,154.8,131.56,2026-01-09,131.56,140.8,104.02,2025-10-09,104.02,146.95,111.68,2025-07-10,111.68,151.91,109.79,2025-04-09,109.79,174.0,5.92,7.64,59.96,1.62,17.28,40.53,15.41,45.15,20.61,25.77,19.04,-1.48,-6.86,-5.26,-25.98,1.72,-6.36,-12.71,-9.96,-23.07,-37.16,1.0,,2025-10-09,OK,2026-10-10 12:55
GNFC,GNFC-EQ,1174,592.7,2026-10-09,636.0,2024-03-26,502.45,2026-07-10,502.45,616.0,432.5,2026-04-10,432.5,573.75,478.85,2026-01-09,478.85,584.7,496.9,2025-10-09,496.9,664.9,545.85,2025-07-10,545.85,725.8,476.2,2025-04-09,476.2,776.6,17.96,37.04,15.64,16.17,4.93,-9.57,-9.68,-13.15,-10.72,-3.85,-11.18,-13.26,-8.97,4.35,-21.93,14.63,-4.23,-19.66,-14.55,-26.45,-27.67,1.0,,2025-10-09,OK,2026-10-10 12:55
GPPL,GPPL-EQ,19731,167.9,2026-10-09,200.09,2024-03-26,154.3,2026-07-10,154.3,200.09,153.09,2026-04-10,153.09,200.09,186.11,2026-01-09,186.11,200.09,159.95,2025-10-09,159.95,216.48,156.24,2025-07-10,156.24,250.69,134.86,2025-04-09,134.86,250.69,8.81,9.67,-0.85,0.79,-17.09,-2.65,-17.74,-5.45,18.4,14.95,17.59,10.26,2.37,18.6,-29.49,15.85,-7.65,-25.55,-21.63,-36.86,-38.09,1.0,,2025-10-09,OK,2026-10-10 12:55
GSFC,GSFC-EQ,1247,147.28,2026-10-09,199.33,2024-03-26,160.9,2026-07-10,160.9,220.59,163.76,2026-04-10,163.76,220.59,177.23,2026-01-09,177.23,220.59,193.56,2025-10-09,193.56,231.45,204.58,2025-07-10,204.58,264.4,172.44,2025-04-09,172.44,274.7,-8.46,-10.06,-17.32,-1.75,-9.21,-20.31,-7.6,-15.56,-6.7,-8.62,-11.95,-16.03,-5.39,12.25,-4.0,18.64,0.28,-16.41,-14.03,-18.72,-24.4,1.0,,2025-10-09,OK,2026-10-10 12:55
HGINFRA,HGINFRA-EQ,1672,401.75,2026-10-09,943.0,2024-03-26,563.65,2026-07-10,563.65,1143.0,544.9,2026-04-10,544.9,1275.0,711.35,2026-01-09,711.35,1428.0,925.45,2025-10-09,925.45,1559.0,1114.4,2025-07-10,1114.4,1879.9,1026.95,2025-04-09,1026.95,1879.9,-28.72,-26.27,-48.29,3.44,-20.76,-50.0,-23.4,-41.69,-49.35,-23.88,-34.59,-46.0,-16.96,-9.88,-34.97,8.52,-21.86,-35.08,-29.18,-31.56,-4.98,1.0,,2025-10-09,OK,2026-10-10 12:55
HAPPSTMNDS,HAPPSTMNDS-EQ,48,306.1,2026-10-09,531.0,2024-03-26,386.3,2026-07-10,386.3,646.1,378.8,2026-04-10,378.8,674.85,440.5,2026-01-09,440.5,773.7,498.35,2025-10-09,498.35,812.0,628.85,2025-07-10,628.85,838.0,543.15,2025-04-09,543.15,956.0,-20.76,-19.19,-31.88,1.98,-12.3,-44.53,-14.01,-24.36,-24.2,-12.04,-29.98,-30.82,-20.75,-8.25,-29.56,15.78,-11.19,-23.98,-24.31,-32.53,-15.29,1.0,,2025-10-09,OK,2026-10-10 12:55
HAPPYFORGE,HAPPYFORGE-EQ,20854,1922.6,2026-10-09,2470.0,2024-03-26,1582.3,2026-07-10,1582.3,1598.3,1295.9,2026-04-10,1295.9,1370.0,1115.6,2026-01-09,1115.6,1193.6,936.3,2025-10-09,936.3,1191.05,940.4,2025-07-10,940.4,1292.95,756.15,2025-04-09,756.15,1299.95,21.51,48.36,141.02,22.1,41.83,43.7,16.16,39.59,70.68,20.17,19.44,5.47,-0.44,23.82,-22.77,24.37,-6.91,-21.91,-24.98,-33.48,-6.85,1.0,,2025-10-09,OK,2026-10-10 12:55
HCG,HCG-EQ,15555,589.2,2026-10-09,799.71,2024-03-26,666.4,2026-07-10,666.4,799.71,558.2,2026-04-10,558.2,799.71,634.93,2026-01-09,634.93,799.71,679.55,2025-10-09,679.55,703.65,553.18,2025-07-10,553.18,635.07,522.37,2025-04-09,522.37,564.21,-11.58,5.55,4.86,19.38,4.96,14.97,-12.08,-18.63,10.49,-7.45,14.26,46.85,22.84,30.09,56.35,5.9,15.34,48.63,8.13,19.12,34.04,1.0,,2025-10-09,OK,2026-10-10 12:55
HERITGFOOD,HERITGFOOD-EQ,4598,390.15,2026-10-09,503.8,2024-03-26,336.65,2026-07-10,336.65,540.0,338.0,2026-04-10,338.0,540.0,445.65,2026-01-09,445.65,540.0,485.0,2025-10-09,485.0,659.0,491.15,2025-07-10,491.15,659.0,396.15,2025-04-09,396.15,727.35,15.89,15.43,-21.63,-0.4,-24.46,-35.38,-24.16,-31.1,-21.94,-9.16,-6.46,1.73,-1.25,22.43,-23.32,23.98,7.48,-15.05,-13.71,-36.7,20.65,1.0,,2025-10-09,OK,2026-10-10 12:55
HCC,HCC-EQ,1375,19.01,2026-10-09,28.5,2024-03-26,23.89,2026-07-10,23.89,28.5,17.6,2026-04-10,17.6,31.47,18.17,2026-01-09,18.17,31.47,23.37,2025-10-09,23.37,40.28,24.8,2025-07-10,24.8,48.4,20.61,2025-04-09,20.61,48.4,-20.43,8.01,0.26,35.74,31.48,-9.88,-3.14,-27.0,-22.51,-24.64,-25.84,-39.27,-5.77,13.39,-29.97,20.33,-17.33,-29.81,-34.51,-38.66,-36.79,1.0,,2025-10-09,OK,2026-10-10 12:55
IFBIND,IFBIND-EQ,1485,1161.0,2026-10-09,2019.8,2024-03-26,1380.5,2026-07-10,1380.5,2019.8,1081.25,2026-04-10,1081.25,2019.8,1452.6,2026-01-09,1452.6,2019.8,1688.9,2025-10-09,1688.9,2359.9,1533.8,2025-07-10,1533.8,2359.9,1248.35,2025-04-09,1248.35,2359.9,-15.9,7.38,-24.99,27.68,-4.96,-18.4,-25.56,-38.13,-16.36,-16.89,-2.95,-18.45,10.11,35.29,-18.49,22.87,-22.58,1.31,-37.55,-31.59,-26.45,1.0,,2025-10-09,OK,2026-10-10 12:55
IIFLCAPS,IIFLCAPS-EQ,13072,343.75,2026-10-09,411.3,2024-03-26,338.3,2026-07-10,338.3,411.3,286.19,2026-04-10,286.19,411.3,383.2,2026-01-09,383.2,411.3,301.2,2025-10-09,301.2,448.95,335.4,2025-07-10,335.4,448.95,199.92,2025-04-09,199.92,448.95,1.61,20.11,12.23,18.21,-11.72,2.42,-25.32,-5.33,48.56,26.76,16.14,1.37,-10.2,50.66,-27.57,67.77,8.44,85.18,-36.31,-51.15,37.74,1.0,,2025-10-09,OK,2026-10-10 12:55
INDGN,INDGN-EQ,23693,580.1,2026-10-09,627.0,2024-05-13,509.3,2026-07-10,509.3,596.8,490.25,2026-04-10,490.25,632.9,509.9,2026-01-09,509.9,681.7,553.5,2025-10-09,553.5,735.0,570.75,2025-07-10,570.75,736.3,553.05,2025-04-09,553.05,736.3,13.9,18.33,5.93,3.89,-0.12,-9.15,-3.85,-11.93,-18.71,-8.4,-9.58,-15.67,-3.02,0.08,-18.89,3.2,-9.27,2.34,-12.3,-18.49,,1.0,,2025-10-09,OK,2026-10-10 12:55
INDIAGLYCO,INDIAGLYCO-EQ,1521,329.6,2026-10-09,399.0,2024-03-26,1067.75,2026-07-10,213.55,244.4,926.15,2026-04-10,185.23,244.4,953.5,2026-01-09,190.7,244.4,929.35,2025-10-09,185.87,213.8,1034.75,2025-07-10,206.95,213.8,610.48,2025-04-09,122.096,154.9,54.34,77.94,62.1,15.29,11.98,-7.09,-2.87,-1.17,42.15,1.74,-7.12,68.36,-10.19,52.23,11.1,69.5,64.04,104.13,-3.6,-18.0,30.46,0.2,2026-09-02 ×0.2 (1:5 split),2025-10-09,OK,2026-10-10 12:55
IMFA,IMFA-EQ,19235,1182.5,2026-10-09,1679.9,2024-03-26,1400.9,2026-07-10,1400.9,1679.9,1399.6,2026-04-10,1399.6,1510.6,1216.3,2026-01-09,1216.3,1510.6,1242.7,2025-10-09,1242.7,1255.0,726.6,2025-07-10,726.6,998.8,587.15,2025-04-09,587.15,998.8,-15.59,-15.51,4.71,0.09,15.18,85.95,15.07,13.99,109.54,-0.94,61.88,52.85,71.03,111.65,45.98,23.75,-19.2,-0.4,-35.28,-14.53,-16.92,1.0,,2025-10-09,OK,2026-10-10 12:55
INDIGOPNTS,INDIGOPNTS-EQ,2048,1022.7,2026-10-09,1345.9,2024-03-26,1052.4,2026-07-10,1052.4,1345.9,810.9,2026-04-10,810.9,1345.9,1204.1,2026-01-09,1204.1,1345.9,1049.0,2025-10-09,1049.0,1720.3,1200.2,2025-07-10,1200.2,1720.3,982.5,2025-04-09,982.5,1720.3,-2.82,26.12,5.93,29.78,-12.6,-18.63,-32.66,-22.87,-16.19,14.52,0.32,-7.56,-12.6,6.77,-23.02,22.16,-9.55,-27.12,-25.98,-32.93,-22.64,1.0,,2025-10-09,OK,2026-10-10 12:55
ICIL,ICIL-EQ,11987,436.3,2026-10-09,485.95,2024-03-26,412.55,2026-07-10,412.55,463.8,248.56,2026-04-10,248.56,351.35,258.25,2026-01-09,258.25,355.5,261.35,2025-10-09,261.35,423.95,291.2,2025-07-10,291.2,438.9,279.7,2025-04-09,279.7,450.65,5.76,75.53,70.48,65.98,59.75,11.9,-3.75,-9.63,-11.3,-6.11,-9.83,-14.59,-10.25,-6.56,-34.59,4.11,-11.96,-30.72,-15.55,-22.89,-30.8,1.0,,2025-10-09,OK,2026-10-10 12:55
IONEXCHANG,IONEXCHANG-EQ,1630,390.75,2026-10-09,486.0,2024-03-26,468.3,2026-07-10,468.3,580.75,378.1,2026-04-10,378.1,580.75,354.5,2026-01-09,354.5,656.5,398.45,2025-10-09,398.45,744.2,541.55,2025-07-10,541.55,768.4,463.95,2025-04-09,463.95,768.4,-16.56,3.35,9.79,23.86,32.1,-37.84,6.66,-5.38,-20.35,-11.29,-34.99,-44.92,-26.42,-14.12,-35.24,16.73,-16.0,-16.3,-27.89,-26.75,-9.87,1.0,,2025-10-09,OK,2026-10-10 12:55
JAIBALAJI,JAIBALAJI-EQ,11256,68.4,2026-10-09,99.04,2024-03-26,66.06,2026-07-10,66.06,127.7,63.91,2026-04-10,63.91,139.0,67.18,2026-01-09,67.18,177.2,98.05,2025-10-09,98.05,235.4,121.84,2025-07-10,121.84,236.0,123.56,2025-04-09,123.56,236.0,3.54,7.03,-29.93,3.36,-1.67,-45.79,-4.87,-34.84,-45.4,-31.5,-44.6,-63.43,-19.53,-20.65,-55.33,-1.39,-27.73,-40.99,-26.12,-44.9,-31.37,1.0,,2025-10-09,OK,2026-10-10 12:55
JKPAPER,JKPAPER-EQ,11860,365.5,2026-10-09,442.0,2024-03-26,365.4,2026-07-10,365.4,444.8,352.25,2026-04-10,352.25,444.8,355.25,2026-01-09,355.25,444.8,413.2,2025-10-09,413.2,523.35,394.95,2025-07-10,394.95,599.0,312.0,2025-04-09,312.0,638.75,0.03,3.76,-1.05,3.73,2.86,-11.84,-0.84,-16.25,8.67,-15.54,-9.2,-10.09,4.62,32.44,-19.84,26.59,-2.7,-32.32,-23.94,-37.81,-16.41,1.0,,2025-10-09,OK,2026-10-10 12:55
JAMNAAUTO,JAMNAAUTO-EQ,20778,142.67,2026-10-09,154.0,2024-03-26,136.56,2026-07-10,136.56,152.6,124.8,2026-04-10,124.8,152.6,128.4,2026-01-09,128.4,138.5,96.74,2025-10-09,96.74,123.5,96.29,2025-07-10,96.29,149.66,71.75,2025-04-09,71.75,149.66,4.47,14.32,33.27,9.42,6.36,23.84,-2.8,28.36,72.67,32.06,35.99,25.8,0.47,34.83,-3.92,34.2,-1.21,-28.03,-26.27,-37.27,-46.21,1.0,,2025-10-09,OK,2026-10-10 12:55
JSFB,JSFB-EQ,22663,489.35,2026-10-09,606.95,2024-03-26,474.1,2026-07-10,474.1,507.0,384.6,2026-04-10,384.6,552.5,412.4,2026-01-09,412.4,552.5,475.7,2025-10-09,475.7,574.35,494.4,2025-07-10,494.4,714.0,442.45,2025-04-09,442.45,760.9,3.22,27.24,12.25,23.27,14.96,-5.58,-6.74,-18.75,-18.54,-12.88,-15.98,10.09,-3.78,7.51,-15.79,11.74,22.77,-23.32,8.8,-21.34,-2.95,1.0,,2025-10-09,OK,2026-10-10 12:55
JAYNECOIND,JAYNECOIND-EQ,2331,91.4,2026-10-09,117.0,2024-03-26,91.48,2026-07-10,91.48,117.0,81.69,2026-04-10,81.69,94.3,83.43,2026-01-09,83.43,94.3,72.43,2025-10-09,72.43,75.8,38.3,2025-07-10,38.3,55.5,30.52,2025-04-09,30.52,58.85,-0.09,11.89,26.14,11.98,9.65,132.09,-2.09,15.91,140.92,18.37,119.38,74.78,89.11,137.32,31.85,25.49,-5.03,-14.77,-26.62,-35.83,-36.4,1.0,,2025-10-09,OK,2026-10-10 12:55
JSLL,JSLL-EQ,758115,385.15,2026-10-09,835.0,2024-03-26,593.0,2026-07-10,593.0,849.5,666.9,2026-04-10,666.9,849.5,678.55,2026-01-09,678.55,849.5,775.05,2025-10-09,775.05,849.5,563.9,2025-07-10,563.9,584.0,430.13,2025-04-09,430.13,499.72,-35.05,-42.25,-34.69,-11.08,-12.61,3.18,-1.72,-12.78,43.33,-11.26,22.42,51.54,37.44,80.19,147.51,31.1,26.87,109.92,-4.42,38.88,71.35,1.0,,2025-10-09,OK,2026-10-10 12:55
JUBLPHARMA,JUBLPHARMA-EQ,3637,931.9,2026-10-09,1184.8,2024-03-26,964.2,2026-07-10,964.2,1248.0,890.8,2026-04-10,890.8,1248.0,1053.2,2026-01-09,1053.2,1248.0,1098.0,2025-10-09,1098.0,1309.9,1171.8,2025-07-10,1171.8,1309.9,828.1,2025-04-09,828.1,1309.9,-3.35,4.61,-7.19,8.24,-8.45,-17.69,-15.42,-20.76,-2.47,-6.32,-9.65,6.26,-6.3,32.59,-4.64,41.5,16.84,57.9,-20.36,-28.84,35.72,1.0,,2025-10-09,OK,2026-10-10 12:55
JUSTDIAL,JUSTDIAL-EQ,29962,648.05,2026-10-09,878.6,2024-03-26,564.05,2026-07-10,564.05,957.9,581.5,2026-04-10,581.5,1048.9,715.1,2026-01-09,715.1,1087.4,822.75,2025-10-09,822.75,1395.0,926.75,2025-07-10,926.75,1395.0,816.0,2025-04-09,816.0,1395.0,14.89,11.44,-17.54,-3.0,-21.12,-42.26,-18.68,-30.15,-34.39,-14.1,-24.25,-34.11,-11.22,0.83,-32.3,13.57,-13.81,-6.29,-24.62,-34.32,-6.28,1.0,,2025-10-09,OK,2026-10-10 12:55
JYOTHYLAB,JYOTHYLAB-EQ,15146,187.94,2026-10-09,325.0,2024-03-26,200.54,2026-07-10,200.54,360.75,225.27,2026-04-10,225.27,399.9,260.6,2026-01-09,260.6,423.0,312.35,2025-10-09,312.35,545.0,352.3,2025-07-10,352.3,595.85,379.6,2025-04-09,379.6,595.85,-6.28,-16.57,-37.54,-10.98,-23.05,-43.6,-13.56,-28.18,-37.66,-16.91,-26.73,-30.74,-11.34,-17.72,-38.56,-7.19,-13.67,-29.88,-5.19,-28.33,-26.13,1.0,,2025-10-09,OK,2026-10-10 12:55
KNRCON,KNRCON-EQ,15283,112.92,2026-10-09,194.38,2024-03-26,129.05,2026-07-10,129.05,228.0,118.66,2026-04-10,118.66,247.8,145.31,2026-01-09,145.31,332.55,192.84,2025-10-09,192.84,358.85,218.57,2025-07-10,218.57,415.4,219.85,2025-04-09,219.85,415.4,-12.5,-4.84,-36.27,8.76,-11.19,-44.05,-18.34,-38.66,-42.82,-24.88,-32.53,-56.0,-11.77,-12.29,-38.46,-0.58,-34.87,-40.64,-34.7,-31.18,-20.5,1.0,,2025-10-09,OK,2026-10-10 12:55
KPIGREEN,KPIGREEN-EQ,5108,325.3,2026-10-09,542.25,2024-03-26,404.6,2026-07-10,404.6,563.0,411.1,2026-04-10,411.1,563.0,447.0,2026-01-09,447.0,563.0,421.8,2025-10-09,421.8,588.8,534.15,2025-07-10,534.15,745.33,388.4,2025-04-09,388.4,745.33,-19.6,-20.87,-30.88,-1.58,-9.49,-27.28,-8.03,-7.12,-6.36,0.99,-14.24,-18.57,-21.03,8.6,-13.8,37.53,10.57,-16.42,-20.96,-29.76,-34.26,1.0,,2025-10-09,OK,2026-10-10 12:55
KRBL,KRBL-EQ,10577,389.2,2026-10-09,452.8,2024-03-26,366.15,2026-07-10,366.15,495.0,331.8,2026-04-10,331.8,495.0,363.05,2026-01-09,363.05,495.0,347.35,2025-10-09,347.35,495.0,398.75,2025-07-10,398.75,406.9,281.6,2025-04-09,281.6,348.7,6.3,17.3,25.08,10.35,0.85,-14.27,-8.61,-10.54,10.19,-2.12,-6.56,35.31,-12.89,23.35,61.15,41.6,38.24,16.4,-3.66,-1.74,-14.18,1.0,,2025-10-09,OK,2026-10-10 12:55
KRN,KRN-EQ,25643,1386.1,2026-10-09,1687.0,2024-10-03,1230.9,2026-07-10,1230.9,1405.0,969.35,2026-04-10,969.35,1031.8,720.85,2026-01-09,720.85,1012.0,829.05,2025-10-09,829.05,1012.0,915.7,2025-07-10,915.7,1012.0,772.35,2025-04-09,772.35,1012.0,12.61,42.99,92.67,26.98,70.76,37.13,34.47,14.68,20.01,-14.72,-18.71,2.26,-9.46,7.34,86.94,18.56,25.23,,1.56,68.22,,1.0,,2025-10-09,OK,2026-10-10 12:55
KANSAINER,KANSAINER-EQ,1196,181.29,2026-10-09,264.0,2024-03-26,202.64,2026-07-10,202.64,264.0,191.52,2026-04-10,191.52,271.18,232.46,2026-01-09,232.46,271.18,245.35,2025-10-09,245.35,298.7,249.1,2025-07-10,249.1,320.5,244.84,2025-04-09,244.84,320.5,-10.54,-5.34,-22.07,5.81,-12.83,-13.93,-17.61,-22.62,-23.62,-6.08,-5.6,-12.63,-1.51,0.21,-14.66,1.74,-3.11,-10.09,-4.82,-15.98,-17.82,1.0,,2025-10-09,OK,2026-10-10 12:55
KTKBANK,KTKBANK-EQ,8054,328.2,2026-10-09,345.9,2024-03-26,276.35,2026-07-10,276.35,282.95,242.97,2026-04-10,242.97,251.0,187.61,2026-01-09,187.61,220.4,172.35,2025-10-09,172.35,231.99,191.23,2025-07-10,191.23,245.0,180.71,2025-04-09,180.71,245.0,18.76,35.08,92.2,13.74,47.3,38.66,29.51,39.14,26.57,7.44,-1.46,1.78,-9.87,-4.63,-22.25,5.82,-4.71,-6.98,-10.63,-19.57,-23.65,1.0,,2025-10-09,OK,2026-10-10 12:55
KSCL,KSCL-EQ,14972,676.8,2026-10-09,1095.9,2024-03-26,869.95,2026-07-10,869.95,1225.0,927.05,2026-04-10,927.05,1602.0,900.1,2026-01-09,900.1,1602.0,1060.2,2025-10-09,1060.2,1602.0,1166.7,2025-07-10,1166.7,1602.0,1371.75,2025-04-09,1371.75,1499.0,-22.2,-26.99,-31.89,-6.16,-3.35,-24.91,2.99,-12.86,-41.65,-15.4,-20.83,4.64,-9.13,-22.71,27.86,-14.95,25.87,44.39,48.93,52.85,58.69,1.0,,2025-10-09,OK,2026-10-10 12:55
KIRLPNU,KIRLPNU-EQ,15180,667.25,2026-10-09,1098.55,2024-03-26,891.85,2026-07-10,891.85,1098.55,602.05,2026-04-10,602.05,775.0,525.0,2026-01-09,525.0,775.0,590.2,2025-10-09,590.2,908.5,716.65,2025-07-10,716.65,908.5,535.9,2025-04-09,535.9,908.5,-25.18,10.83,22.81,48.14,69.88,13.42,14.68,2.02,4.23,-11.04,-25.09,-30.79,-17.64,10.13,-2.7,33.73,-4.14,0.24,-26.83,-17.66,37.74,1.0,,2025-10-09,OK,2026-10-10 12:55
KMEW,KMEW-EQ,27084,3207.8,2026-10-09,3338.0,2024-11-14,2412.7,2026-07-10,2412.7,2440.0,1774.6,2026-04-10,1774.6,1959.3,1675.2,2026-01-09,1675.2,1959.3,1188.95,2025-10-09,1188.95,1299.95,830.6,2025-07-10,830.6,1242.73,682.7,2025-04-09,682.7,1242.73,32.95,80.76,149.3,35.96,44.02,124.32,5.93,49.48,134.51,41.11,104.14,45.05,43.14,74.15,,21.66,-23.32,,-36.47,,,1.0,,2025-10-09,OK,2026-10-10 12:55
KWIL,KWIL-EQ,760946,37.36,2026-10-09,50.68,2026-02-16,32.91,2026-07-10,32.91,39.45,24.85,2026-04-10,24.85,31.29,,,,,,,,,,,,,,,,,13.52,50.34,,32.43,,,,,,,,,,,,,,,,,,,,2025-10-09,NOT LISTED ON BACK DATE,2026-10-10 12:55
LATENTVIEW,LATENTVIEW-EQ,6818,232.01,2026-10-09,517.5,2024-03-26,301.15,2026-07-10,301.15,517.5,295.5,2026-04-10,295.5,517.5,442.0,2026-01-09,442.0,517.5,427.2,2025-10-09,427.2,520.25,439.45,2025-07-10,439.45,575.0,361.6,2025-04-09,361.6,575.0,-22.96,-21.49,-39.1,1.91,-31.87,-33.25,-33.14,-32.8,-17.27,0.51,2.27,0.86,-2.79,18.14,-10.09,21.53,-6.61,-20.68,-24.67,-23.11,-33.11,1.0,,2025-10-09,OK,2026-10-10 12:55
LXCHEM,LXCHEM-EQ,2841,180.34,2026-10-09,209.0,2024-03-26,155.51,2026-07-10,155.51,241.0,126.19,2026-04-10,126.19,241.0,151.7,2026-01-09,151.7,241.0,202.28,2025-10-09,202.28,290.9,195.71,2025-07-10,195.71,325.5,165.92,2025-04-09,165.92,325.5,15.97,42.91,-11.73,23.23,2.51,-23.38,-16.82,-38.21,-27.28,-25.72,-21.28,-26.43,3.36,21.91,-16.18,17.95,-15.53,-22.71,-28.54,-39.93,-26.75,1.0,,2025-10-09,OK,2026-10-10 12:55
IXIGO,IXIGO-EQ,24067,150.75,2026-10-09,339.15,2024-06-18,207.18,2026-07-10,207.18,339.15,170.02,2026-04-10,170.02,339.15,218.9,2026-01-09,218.9,339.15,312.7,2025-10-09,312.7,329.75,175.1,2025-07-10,175.1,196.44,143.43,2025-04-09,143.43,197.5,-27.24,-11.33,-46.42,21.86,-5.35,-11.01,-22.33,-46.58,16.8,-31.23,25.26,59.56,78.58,118.02,105.49,22.08,10.8,5.01,-11.21,-1.75,,1.0,,2025-10-09,OK,2026-10-10 12:55
THELEELA,THELEELA-EQ,757014,587.5,2026-10-09,609.0,2025-06-02,501.0,2026-07-10,501.0,511.0,429.6,2026-04-10,429.6,474.4,425.1,2026-01-09,425.1,474.4,446.05,2025-10-09,446.05,474.4,438.8,2025-07-10,438.8,443.0,,,,,17.27,36.76,19.15,16.62,17.85,-6.57,1.06,-5.13,,-6.13,-2.24,,1.65,,,,,,,,,1.0,,2025-10-09,OK,2026-10-10 12:55
LLOYDSENGG,LLOYDSENGG-EQ,17801,94.42,2026-10-09,104.2,2024-03-26,90.6,2026-07-10,90.6,92.59,49.88,2026-04-10,49.88,84.27,51.0,2026-01-09,51.0,84.27,62.03,2025-10-09,62.03,84.27,81.78,2025-07-10,81.78,84.27,48.16,2025-04-09,48.16,82.6,4.22,89.29,31.08,81.64,77.65,-15.3,-2.2,-20.61,-8.64,-18.83,-37.34,-32.43,-24.15,28.8,-9.17,69.81,7.51,-15.29,-37.96,-31.49,4.54,1.0,,2025-10-09,OK,2026-10-10 12:55
LLOYDSENT,LLOYDSENT-EQ,25807,73.73,2026-10-09,84.7,2024-10-17,78.18,2026-07-10,78.18,85.76,59.3,2026-04-10,59.3,88.16,61.95,2026-01-09,61.95,88.16,70.26,2025-10-09,70.26,88.16,84.92,2025-07-10,84.92,88.16,44.36,2025-04-09,44.36,57.61,-5.69,24.33,0.24,31.84,26.2,-21.83,-4.28,-15.93,10.03,-12.18,-25.28,7.16,-17.26,58.39,,91.43,61.29,,-16.76,,,1.0,,2025-10-09,OK,2026-10-10 12:55
LUMAXTECH,LUMAXTECH-EQ,14014,1827.4,2026-10-09,2190.0,2024-03-26,1491.0,2026-07-10,1491.0,1898.0,1823.3,2026-04-10,1823.3,1848.0,1530.9,2026-01-09,1530.9,1703.1,1190.9,2025-10-09,1190.9,1337.9,1135.2,2025-07-10,1135.2,1209.0,496.1,2025-04-09,496.1,684.5,22.56,0.22,67.15,-18.23,-2.61,42.07,19.1,56.78,196.39,31.63,33.4,135.23,4.91,140.05,101.99,128.82,80.53,82.38,-23.3,-12.02,9.26,1.0,,2025-10-09,OK,2026-10-10 12:55
LUMAXIND,LUMAXIND-EQ,2018,5270.0,2026-10-09,6934.5,2024-03-26,5381.0,2026-07-10,5381.0,6934.5,5571.6,2026-04-10,5571.6,6934.5,5470.0,2026-01-09,5470.0,5878.0,4916.0,2025-10-09,4916.0,5358.0,3524.8,2025-07-10,3524.8,3915.0,2324.6,2025-04-09,2324.6,3033.8,-2.06,-5.41,26.4,-3.42,-1.63,46.66,1.86,12.67,125.29,10.62,55.27,127.76,39.47,111.48,69.65,51.63,43.18,9.91,-4.58,-5.96,-5.31,1.0,,2025-10-09,OK,2026-10-10 12:55
MINDSPACE,,,,,,,,,,,,,,,,,,,,,,,,,,,,,,,,,,,,,,,,,,,,,,,,,,,,,,2025-10-09,NO ANGEL TOKEN,2026-10-10 12:55
MOIL,MOIL-EQ,20830,234.96,2026-10-09,392.3,2024-03-26,274.0,2026-07-10,274.0,404.9,305.7,2026-04-10,305.7,405.6,336.75,2026-01-09,336.75,405.6,389.8,2025-10-09,389.8,405.6,373.05,2025-07-10,373.05,554.5,298.5,2025-04-09,298.5,588.0,-14.25,-23.14,-35.36,-10.37,-18.63,-23.51,-9.22,-21.02,-6.93,-13.0,-9.0,-5.36,4.49,30.59,-7.1,24.97,10.57,-25.19,-11.7,-21.03,-4.56,1.0,,2025-10-09,OK,2026-10-10 12:55
MSTCLTD,MSTCLTD-EQ,9356,672.0,2026-10-09,805.0,2024-03-26,670.65,2026-07-10,670.65,743.9,423.05,2026-04-10,423.05,582.45,483.05,2026-01-09,483.05,652.0,544.35,2025-10-09,544.35,809.75,532.2,2025-07-10,532.2,1036.9,490.6,2025-04-09,490.6,1036.9,0.2,58.85,40.37,58.53,38.84,4.43,-12.42,-22.14,-13.78,-11.1,-8.94,-28.39,2.28,10.96,-25.86,8.48,-18.4,-34.44,-27.95,-30.71,-49.38,1.0,,2025-10-09,OK,2026-10-10 12:55
MBAPL,MBAPL-EQ,12686,165.32,2026-10-09,174.94,2024-03-26,131.25,2026-07-10,131.25,133.4,104.76,2026-04-10,104.76,110.61,79.9,2026-01-09,79.9,93.94,87.87,2025-10-09,87.87,93.0,83.63,2025-07-10,83.63,89.35,51.02,2025-04-09,51.02,65.0,25.96,57.81,84.4,25.29,64.27,33.18,31.11,19.14,81.87,-9.13,-4.79,65.84,5.07,72.23,94.55,63.92,70.26,60.69,3.91,20.47,31.58,1.0,,2025-10-09,OK,2026-10-10 12:55
MANORAMA,MANORAMA-EQ,10227,2043.4,2026-10-09,2149.5,2024-03-26,1603.4,2026-07-10,1603.4,1760.0,1282.7,2026-04-10,1282.7,1760.0,1306.0,2026-01-09,1306.0,1760.0,1431.1,2025-10-09,1431.1,1760.0,1492.5,2025-07-10,1492.5,1554.9,949.05,2025-04-09,949.05,1256.0,27.44,59.3,46.27,25.0,22.77,3.23,-1.78,-14.38,40.9,-12.83,-10.97,32.24,-4.11,50.79,50.69,57.26,45.83,114.37,-9.04,7.75,117.8,1.0,,2025-10-09,OK,2026-10-10 12:55
MARKSANS,MARKSANS-EQ,10579,309.1,2026-10-09,350.95,2024-03-26,272.4,2026-07-10,272.4,281.6,178.48,2026-04-10,178.48,270.7,174.25,2026-01-09,174.25,276.4,169.46,2025-10-09,169.46,358.7,256.75,2025-07-10,256.75,358.7,194.15,2025-04-09,194.15,358.7,13.47,73.18,94.82,52.62,56.33,-3.83,2.43,-1.71,-10.92,-4.04,-31.55,-30.46,-34.0,-12.72,-42.1,32.24,-6.62,32.88,-31.41,-34.64,20.78,1.0,,2025-10-09,OK,2026-10-10 12:55
MASTEK,MASTEK-EQ,2124,1679.9,2026-10-09,2369.0,2024-03-26,1680.1,2026-07-10,1680.1,2818.0,1585.4,2026-04-10,1585.4,2818.0,2045.9,2026-01-09,2045.9,3020.0,2117.9,2025-10-09,2117.9,3375.0,2535.9,2025-07-10,2535.9,3375.0,2137.3,2025-04-09,2137.3,3375.0,-0.01,5.96,-23.34,5.97,-17.88,-37.55,-22.51,-26.49,-26.11,-5.14,-18.84,-27.39,-16.48,-0.91,-9.78,18.65,-14.42,-14.36,-29.21,-20.9,-9.37,1.0,,2025-10-09,OK,2026-10-10 12:55
MEDPLUS,MEDPLUS-EQ,7254,625.3,2026-10-09,1022.2,2024-03-26,826.1,2026-07-10,826.1,1022.2,866.85,2026-04-10,866.85,1045.3,817.6,2026-01-09,817.6,1045.3,779.6,2025-10-09,779.6,1045.3,859.95,2025-07-10,859.95,1045.3,745.8,2025-04-09,745.8,875.65,-24.31,-27.87,-14.06,-4.7,1.04,-0.06,6.02,10.54,11.34,4.26,-6.49,-3.0,-9.34,4.53,28.5,15.31,2.13,33.81,-12.19,14.73,3.83,1.0,,2025-10-09,OK,2026-10-10 12:55
METROPOLIS,METROPOLIS-EQ,9581,529.25,2026-10-09,609.05,2024-03-26,567.95,2026-07-10,567.95,600.0,468.1,2026-04-10,468.1,565.75,480.1,2026-01-09,480.1,565.75,498.2,2025-10-09,498.2,579.58,493.7,2025-07-10,493.7,579.58,394.79,2025-04-09,394.79,579.58,-6.81,13.06,20.86,21.33,18.3,6.23,-2.5,-6.15,16.33,-3.74,1.86,-3.82,0.91,26.19,-6.88,25.05,-1.28,-17.24,-22.08,-31.0,-5.9,1.0,,2025-10-09,OK,2026-10-10 12:55
MIDHANI,MIDHANI-EQ,2463,440.5,2026-10-09,482.4,2024-03-26,415.9,2026-07-10,415.9,458.0,330.25,2026-04-10,330.25,469.0,347.75,2026-01-09,347.75,469.0,393.9,2025-10-09,393.9,469.0,416.7,2025-07-10,416.7,540.0,261.9,2025-04-09,261.9,541.0,5.91,33.38,17.75,25.93,19.6,4.01,-5.03,-15.02,28.31,-10.51,-15.82,-9.48,-5.47,50.4,-1.09,59.11,26.43,-13.89,-21.29,-31.08,-38.07,1.0,,2025-10-09,OK,2026-10-10 12:55
BECTORFOOD,BECTORFOOD-EQ,1628,205.41,2026-10-09,279.9,2024-03-26,169.37,2026-07-10,169.37,313.82,192.85,2026-04-10,192.85,330.8,230.96,2026-01-09,230.96,333.42,252.34,2025-10-09,252.34,395.34,289.26,2025-07-10,289.26,440.0,313.38,2025-04-09,313.38,440.0,21.28,6.51,-4.08,-12.18,-26.67,-38.3,-16.5,-24.46,-40.1,-9.53,-20.46,-19.19,-12.76,-19.48,-24.31,-7.7,-9.75,-0.23,-2.05,-15.59,28.27,1.0,,2025-10-09,OK,2026-10-10 12:55
NEOGEN,NEOGEN-EQ,9917,2378.2,2026-10-09,2499.7,2024-03-26,2085.1,2026-07-10,2085.1,2106.0,1365.5,2026-04-10,1365.5,1797.0,1130.9,2026-01-09,1130.9,2200.0,1506.3,2025-10-09,1506.3,2420.0,1589.5,2025-07-10,1589.5,2420.0,1431.75,2025-04-09,1431.75,2420.0,14.06,74.16,49.72,52.7,84.38,25.53,20.74,-9.59,0.25,-25.13,-28.78,-54.73,-5.23,5.21,-24.26,11.02,-27.12,1.95,-32.9,-30.47,20.49,1.0,,2025-10-09,OK,2026-10-10 12:55
NFL,NFL-EQ,13925,61.74,2026-10-09,98.3,2024-03-26,73.75,2026-07-10,73.75,104.36,75.48,2026-04-10,75.48,112.2,83.97,2026-01-09,83.97,115.0,92.9,2025-10-09,92.9,129.7,98.65,2025-07-10,98.65,169.95,75.97,2025-04-09,75.97,169.95,-16.28,-18.2,-24.67,-2.29,-12.17,-23.56,-10.11,-19.14,-0.91,-10.05,-13.76,-26.44,-5.83,22.29,-18.13,29.85,-14.44,-26.52,-34.67,-36.29,-21.71,1.0,,2025-10-09,OK,2026-10-10 12:55
NAZARA,NAZARA-EQ,2987,377.65,2026-10-09,401.9,2024-03-26,304.3,2026-07-10,304.3,363.25,252.33,2026-04-10,252.33,363.25,273.15,2026-01-09,273.15,363.25,267.7,2025-10-09,267.7,363.25,334.68,2025-07-10,334.68,350.0,242.39,2025-04-09,242.39,279.25,24.1,49.67,39.86,20.6,11.4,-16.35,-7.62,-4.76,0.58,3.09,-18.1,-8.32,-20.01,10.44,12.31,38.08,35.11,40.06,-1.6,-0.9,43.22,1.0,,2025-10-09,OK,2026-10-10 12:55
NEPHROPLUS,NEPHROPLUS-EQ,760346,616.4,2026-10-09,781.5,2025-12-17,649.0,2026-07-10,649.0,769.75,560.3,2026-04-10,560.3,616.0,496.1,2026-01-09,496.1,512.5,,,,,,,,,,,,,-5.02,10.01,,15.83,30.82,,12.94,,,,,,,,,,,,,,,,,2025-10-09,NOT LISTED ON BACK DATE,2026-10-10 12:55
NETWORK18,NETWORK18-EQ,14111,24.69,2026-10-09,53.24,2024-03-26,31.17,2026-07-10,31.17,65.29,33.24,2026-04-10,33.24,65.29,41.83,2026-01-09,41.83,66.75,52.31,2025-10-09,52.31,88.62,55.68,2025-07-10,55.68,106.0,41.06,2025-04-09,41.06,106.0,-20.79,-25.72,-48.54,-6.23,-25.48,-45.4,-20.54,-36.56,-20.92,-20.17,-23.68,-36.02,-6.05,27.4,-29.66,35.61,-16.41,-30.71,-40.04,-46.94,-50.6,1.0,,2025-10-09,OK,2026-10-10 12:55
NEWGEN,NEWGEN-EQ,1164,449.3,2026-10-09,1041.95,2024-03-26,517.2,2026-07-10,517.2,1118.3,447.95,2026-04-10,447.95,1377.15,802.55,2026-01-09,802.55,1798.9,872.65,2025-10-09,872.65,1798.9,1105.2,2025-07-10,1105.2,1798.9,876.25,2025-04-09,876.25,1798.9,-13.13,0.3,-41.23,15.46,-35.56,-57.37,-44.18,-48.62,-47.78,-7.95,-26.37,-47.89,-21.04,-0.41,-30.84,26.13,-31.19,25.69,-46.66,-30.98,13.13,1.0,,2025-10-09,OK,2026-10-10 12:55
NIVABUPA,NIVABUPA-EQ,27097,77.65,2026-10-09,91.4,2024-11-14,86.51,2026-07-10,86.51,92.9,73.67,2026-04-10,73.67,95.21,79.17,2026-01-09,79.17,95.21,80.07,2025-10-09,80.07,109.34,90.26,2025-07-10,90.26,109.34,73.53,2025-04-09,73.53,109.34,-10.24,5.4,-0.6,17.43,9.27,-6.73,-6.95,-7.15,-2.73,-0.21,-10.73,-5.26,-11.29,8.89,,22.75,15.99,,-7.21,,,1.0,,2025-10-09,OK,2026-10-10 12:55
OMNI,OMNI-EQ,760865,634.1,2026-10-09,764.85,2026-03-05,523.25,2026-07-10,523.25,590.1,347.15,2026-04-10,347.15,358.8,,,,,,,,,,,,,,,,,21.18,82.66,,50.73,,,,,,,,,,,,,,,,,,,,2025-10-09,NOT LISTED ON BACK DATE,2026-10-10 12:55
KISSHT,KISSHT-EQ,763294,369.1,2026-10-09,388.15,2026-05-08,320.8,2026-07-10,320.8,333.8,,,,,,,,,,,,,,,,,,,,,15.06,,,,,,,,,,,,,,,,,,,,,,,2025-10-09,NOT LISTED ON BACK DATE,2026-10-10 12:55
OSWALPUMPS,OSWALPUMPS-EQ,756802,254.35,2026-10-09,790.0,2025-06-20,410.3,2026-07-10,410.3,888.4,371.7,2026-04-10,371.7,888.4,472.7,2026-01-09,472.7,888.4,729.45,2025-10-09,729.45,888.4,735.65,2025-07-10,735.65,764.2,,,,,-38.01,-31.57,-61.24,10.38,-13.2,-47.35,-21.37,-51.97,,-38.92,-31.44,,-0.84,,,,,,,,,1.0,,2025-10-09,OK,2026-10-10 12:55
PNGJL,PNGJL-EQ,25312,599.95,2026-10-09,736.4,2024-09-17,588.05,2026-07-10,588.05,736.4,635.1,2026-04-10,635.1,701.4,611.3,2026-01-09,611.3,701.4,674.55,2025-10-09,674.55,830.0,593.35,2025-07-10,593.35,848.0,522.6,2025-04-09,522.6,848.0,2.02,-5.53,-9.35,-7.41,-3.8,-9.38,3.89,-4.32,8.8,-7.9,4.05,-7.77,13.69,29.08,-20.54,13.54,-10.26,,-22.35,-30.32,,1.0,,2025-10-09,OK,2026-10-10 12:55
PCJEWELLER,PCJEWELLER-EQ,29124,14.81,2026-10-09,15.0,2024-03-26,9.99,2026-07-10,9.99,18.99,9.17,2026-04-10,9.17,19.65,10.42,2026-01-09,10.42,19.65,12.95,2025-10-09,12.95,19.65,18.73,2025-07-10,18.73,19.65,13.38,2025-04-09,13.38,19.3,48.25,61.5,7.1,8.94,-4.13,-53.82,-12.0,-28.58,-34.01,-18.85,-39.94,-29.05,-30.86,-3.21,-14.78,39.99,21.47,83.56,-11.21,-14.4,127.8,1.0,,2025-10-09,OK,2026-10-10 12:55
PNCINFRA,PNCINFRA-EQ,9385,134.74,2026-10-09,291.65,2024-03-26,242.87,2026-07-10,242.87,331.8,184.92,2026-04-10,184.92,331.8,242.4,2026-01-09,242.4,331.8,289.3,2025-10-09,289.3,469.65,304.1,2025-07-10,304.1,538.85,256.95,2025-04-09,256.95,574.8,-44.52,-27.14,-38.13,31.34,0.19,-33.91,-23.71,-35.97,-21.36,-16.07,-20.14,-17.98,-4.87,12.59,-28.76,18.35,-0.62,-39.8,-16.52,-40.06,-42.54,1.0,,2025-10-09,OK,2026-10-10 12:55
PTC,PTC-EQ,11355,148.0,2026-10-09,229.51,2024-03-26,172.46,2026-07-10,172.46,229.51,166.44,2026-04-10,166.44,207.0,159.38,2026-01-09,159.38,207.0,164.8,2025-10-09,164.8,207.0,182.09,2025-07-10,182.09,246.85,166.29,2025-04-09,166.29,246.85,-14.18,-11.08,-7.09,3.62,8.21,-0.33,4.43,1.05,-5.28,-3.24,-13.99,12.23,-9.5,-0.9,-10.64,9.5,31.83,-18.24,15.66,-15.35,-21.9,1.0,,2025-10-09,OK,2026-10-10 12:55
PARAS,PARAS-EQ,5911,1267.9,2026-10-09,1585.0,2024-03-26,1253.1,2026-07-10,1253.1,1443.0,681.25,2026-04-10,681.25,972.5,680.2,2026-01-09,680.2,972.5,720.65,2025-10-09,720.65,972.5,836.4,2025-07-10,836.4,972.5,466.65,2025-04-09,466.65,796.35,1.18,86.11,103.98,83.94,84.23,24.4,0.15,-5.64,45.89,-5.78,-16.36,23.37,-13.84,54.43,17.02,79.23,56.37,12.4,-15.97,-15.27,31.95,1.0,,2025-10-09,OK,2026-10-10 12:55
PARKHOSPS,PARKHOSPS-EQ,760351,270.8,2026-10-09,305.0,2025-12-17,286.1,2026-07-10,286.1,305.0,210.45,2026-04-10,210.45,216.2,148.76,2026-01-09,148.76,165.87,,,,,,,,,,,,,-5.35,28.68,,35.95,92.32,,41.47,,,,,,,,,,,,,,,,,2025-10-09,NOT LISTED ON BACK DATE,2026-10-10 12:55
PGIL,PGIL-EQ,14260,1281.1,2026-10-09,1357.9,2024-03-26,999.0,2026-07-10,999.0,1057.85,767.9,2026-04-10,767.9,996.65,754.95,2026-01-09,754.95,996.65,634.2,2025-10-09,634.2,858.5,759.1,2025-07-10,759.1,858.5,459.48,2025-04-09,459.48,858.5,28.24,66.83,79.59,30.1,32.33,8.13,1.72,17.96,61.98,15.97,-0.01,-1.23,-16.45,38.03,32.26,65.21,-3.53,79.18,-41.39,-4.21,150.76,1.0,,2025-10-09,OK,2026-10-10 12:55
PFIZER,PFIZER-EQ,2643,3808.2,2026-10-09,5578.5,2024-03-26,4731.4,2026-07-10,4731.4,5873.5,4868.6,2026-04-10,4868.6,5993.0,4871.8,2026-01-09,4871.8,5993.0,5266.5,2025-10-09,5266.5,6020.0,5474.0,2025-07-10,5474.0,6451.15,4034.9,2025-04-09,4034.9,6451.15,-19.51,-21.78,-20.8,-2.82,-2.88,-17.1,-0.07,-8.71,16.6,-8.65,-11.69,-5.87,-3.79,30.52,-9.69,35.67,2.7,15.04,-25.03,-29.29,-1.87,1.0,,2025-10-09,OK,2026-10-10 12:55
PICCADIL,PICCADIL-EQ,757754,580.7,2026-10-09,809.7,2025-07-02,671.8,2026-07-10,671.8,805.5,570.05,2026-04-10,570.05,805.5,569.0,2026-01-09,569.0,805.5,673.95,2025-10-09,673.95,805.5,595.2,2025-07-10,595.2,630.0,,,,,-13.56,1.87,-11.0,17.85,18.07,-3.18,0.18,-12.02,,-12.18,-3.09,,13.23,,,,,,,,,1.0,,2025-10-09,OK,2026-10-10 12:55
POWERMECH,POWERMECH-EQ,10473,2419.0,2026-10-09,3007.5,2024-03-26,2640.0,2026-07-10,2640.0,3397.0,2261.6,2026-04-10,2261.6,3415.0,2345.0,2026-01-09,2345.0,3415.0,2671.3,2025-10-09,2671.3,3415.0,3346.8,2025-07-10,3346.8,3725.0,2484.2,2025-04-09,2484.2,3725.0,-8.37,6.96,-9.03,16.73,12.58,-23.93,-3.56,-15.61,-20.5,-12.49,-29.09,-20.79,-20.18,7.53,-0.94,34.72,21.79,20.01,-13.06,-19.79,-21.42,1.0,,2025-10-09,OK,2026-10-10 12:55
POWERICA,POWERICA-EQ,761680,585.45,2026-10-09,676.95,2026-04-02,567.25,2026-07-10,567.25,676.95,410.15,2026-04-10,410.15,416.9,,,,,,,,,,,,,,,,,3.21,42.74,,38.3,,,,,,,,,,,,,,,,,,,,2025-10-09,NOT LISTED ON BACK DATE,2026-10-10 12:55
PRAJIND,PRAJIND-EQ,2705,285.8,2026-10-09,427.65,2024-03-26,355.8,2026-07-10,355.8,512.0,338.15,2026-04-10,338.15,539.85,310.95,2026-01-09,310.95,807.0,351.0,2025-10-09,351.0,875.0,500.6,2025-07-10,500.6,875.0,486.6,2025-04-09,486.6,875.0,-19.67,-15.48,-6.92,5.22,14.42,-31.33,8.75,-3.39,-35.48,-11.16,-37.27,-61.35,-29.88,-27.87,-49.24,2.88,-35.95,-27.91,-39.14,-36.61,-4.13,1.0,,2025-10-09,OK,2026-10-10 12:55
PRECWIRE,PRECWIRE-EQ,2717,482.7,2026-10-09,524.9,2024-03-26,385.8,2026-07-10,385.8,467.5,339.65,2026-04-10,339.65,356.1,226.71,2026-01-09,226.71,277.15,214.04,2025-10-09,214.04,221.0,189.98,2025-07-10,189.98,221.0,128.6,2025-04-09,128.6,221.0,25.12,42.12,121.62,13.59,70.17,107.23,49.82,56.86,166.68,4.7,19.79,41.94,12.66,66.44,-16.06,47.73,15.95,17.53,-23.95,-40.0,7.98,1.0,,2025-10-09,OK,2026-10-10 12:55
PRICOLLTD,PRICOLLTD-EQ,19631,670.85,2026-10-09,823.0,2024-03-26,627.25,2026-07-10,627.25,694.2,583.75,2026-04-10,583.75,694.2,626.4,2026-01-09,626.4,694.2,518.25,2025-10-09,518.25,598.8,456.1,2025-07-10,456.1,598.8,410.85,2025-04-09,410.85,598.8,6.95,14.92,43.91,7.45,0.14,19.06,-6.81,11.67,34.19,19.83,36.59,9.25,13.63,26.14,13.43,11.01,-18.44,-9.82,-26.59,-10.29,7.34,1.0,,2025-10-09,OK,2026-10-10 12:55
PGHL,PGHL-EQ,940,5205.0,2026-10-09,6975.0,2024-03-26,6839.0,2026-07-10,6839.0,6941.0,4943.0,2026-04-10,4943.0,6739.0,5569.0,2026-01-09,5569.0,6739.0,6072.5,2025-10-09,6072.5,6739.0,5677.5,2025-07-10,5677.5,6175.5,5221.35,2025-04-09,5221.35,5850.0,-23.89,5.3,-9.84,38.36,22.8,9.82,-11.24,-20.26,-6.19,-10.16,-3.24,11.46,6.96,16.3,22.03,8.74,11.95,12.21,3.1,-1.59,9.08,1.0,,2025-10-09,OK,2026-10-10 12:55
PGHH,PGHH-EQ,2535,6942.5,2026-10-09,14352.0,2024-03-26,8940.0,2026-07-10,8940.0,14540.0,9788.0,2026-04-10,9788.0,14543.0,12500.0,2026-01-09,12500.0,14950.0,14194.0,2025-10-09,14194.0,17011.0,13199.0,2025-07-10,13199.0,17745.0,13796.4,2025-04-09,13796.4,17745.0,-22.34,-29.07,-46.35,-8.66,-28.48,-31.58,-21.7,-31.51,-21.44,-12.54,-5.26,-14.86,7.54,2.88,-20.7,-4.33,-10.81,-19.51,-5.79,-18.29,-17.2,1.0,,2025-10-09,OK,2026-10-10 12:55
PURVA,PURVA-EQ,14922,207.26,2026-10-09,287.3,2024-03-26,224.06,2026-07-10,224.06,305.0,195.25,2026-04-10,195.25,338.95,233.48,2026-01-09,233.48,370.0,247.45,2025-10-09,247.45,463.7,290.85,2025-07-10,290.85,500.0,218.15,2025-04-09,218.15,569.6,-7.5,6.15,-12.61,14.76,-4.03,-29.37,-16.37,-21.9,-11.27,-6.61,-18.79,-33.98,-14.92,13.43,-27.61,33.33,-21.59,-32.22,-42.61,-44.58,-17.55,1.0,,2025-10-09,OK,2026-10-10 12:55
QPOWER,QPOWER-EQ,29711,1547.4,2026-10-09,1681.0,2025-02-24,1212.3,2026-07-10,1212.3,1441.0,962.1,2026-04-10,962.1,1082.0,735.9,2026-01-09,735.9,1082.0,1010.4,2025-10-09,1010.4,1082.0,808.45,2025-07-10,808.45,822.9,273.5,2025-04-09,273.5,430.75,27.64,60.84,49.76,26.01,64.74,41.99,30.74,-3.54,201.52,-26.22,-5.26,,24.98,269.43,,195.59,,,,,,1.0,,2025-10-09,OK,2026-10-10 12:55
QUESS,QUESS-EQ,17704,321.35,2026-10-09,388.75,2024-03-26,288.15,2026-07-10,288.15,320.9,193.2,2026-04-10,193.2,379.05,213.14,2026-01-09,213.14,379.05,238.0,2025-10-09,238.0,379.05,305.45,2025-07-10,305.45,410.81,275.13,2025-04-09,275.13,410.81,11.52,66.33,49.16,49.15,35.19,-22.05,-9.36,-21.22,-29.8,-13.09,-31.4,-30.37,-22.08,-13.5,-24.75,11.02,2.15,8.27,-9.04,-21.84,9.05,1.0,,2025-10-09,OK,2026-10-10 12:55
RSYSTEMS,RSYSTEMS-EQ,13414,274.3,2026-10-09,435.9,2024-03-26,241.86,2026-07-10,241.86,496.9,261.19,2026-04-10,261.19,496.9,393.0,2026-01-09,393.0,496.9,419.55,2025-10-09,419.55,553.1,445.6,2025-07-10,445.6,553.1,293.6,2025-04-09,293.6,553.1,13.41,5.02,-42.02,-7.4,-38.46,-45.99,-33.54,-38.01,2.52,-6.73,-10.39,-14.85,-5.85,42.9,-10.99,51.77,-5.92,-13.44,-38.22,-41.32,-23.8,1.0,,2025-10-09,OK,2026-10-10 12:55
RAIN,RAIN-EQ,15337,215.42,2026-10-09,252.0,2024-03-26,207.05,2026-07-10,207.05,214.17,122.67,2026-04-10,122.67,176.0,141.83,2026-01-09,141.83,168.5,133.05,2025-10-09,133.05,197.0,145.99,2025-07-10,145.99,197.0,133.57,2025-04-09,133.57,197.0,4.04,75.61,67.23,68.79,45.98,35.85,-13.51,-6.29,-11.01,8.35,-2.86,-38.11,-8.86,-0.39,-17.0,9.3,-11.92,-13.38,-20.37,-19.37,-24.26,1.0,,2025-10-09,OK,2026-10-10 12:55
RALLIS,RALLIS-EQ,2816,198.06,2026-10-09,305.6,2024-03-26,229.07,2026-07-10,229.07,385.9,258.2,2026-04-10,258.2,385.9,252.65,2026-01-09,252.65,385.9,303.45,2025-10-09,303.45,385.9,330.65,2025-07-10,330.65,378.7,208.58,2025-04-09,208.58,378.7,-13.54,-23.29,-32.77,-11.28,-9.33,-31.35,2.2,-14.66,19.19,-16.49,-26.46,-12.17,-8.23,45.48,10.69,58.52,11.27,-2.96,-29.98,-33.45,-21.22,1.0,,2025-10-09,OK,2026-10-10 12:55
RCF,RCF-EQ,2866,104.44,2026-10-09,157.2,2024-03-26,131.4,2026-07-10,131.4,164.49,128.2,2026-04-10,128.2,166.5,137.48,2026-01-09,137.48,176.4,146.5,2025-10-09,146.5,188.89,153.65,2025-07-10,153.65,245.0,120.5,2025-04-09,120.5,245.0,-20.52,-18.53,-23.11,2.5,-4.42,-18.22,-6.75,-12.58,2.09,-6.25,-9.54,-19.77,-4.65,21.58,-11.4,27.51,-12.11,-25.69,-31.36,-29.54,-17.79,1.0,,2025-10-09,OK,2026-10-10 12:55
RATEGAIN,RATEGAIN-EQ,7177,853.65,2026-10-09,1050.0,2024-03-26,944.7,2026-07-10,944.7,970.0,562.1,2026-04-10,562.1,741.6,655.6,2026-01-09,655.6,762.7,689.2,2025-10-09,689.2,854.0,480.9,2025-07-10,480.9,859.0,438.65,2025-04-09,438.65,859.0,-9.64,51.87,22.08,68.07,44.1,62.94,-14.26,-17.7,16.47,-4.01,39.25,-8.09,43.31,57.12,-17.3,9.63,-32.72,-43.81,-39.17,-40.81,-29.12,1.0,,2025-10-09,OK,2026-10-10 12:55
RATNAMANI,RATNAMANI-EQ,13451,2523.6,2026-10-09,3345.0,2024-03-26,2693.8,2026-07-10,2693.8,3345.0,2334.3,2026-04-10,2334.3,3050.0,2233.7,2026-01-09,2233.7,3166.65,2340.1,2025-10-09,2340.1,3769.65,2906.8,2025-07-10,2906.8,3978.5,2650.6,2025-04-09,2650.6,3978.5,-6.32,8.11,22.18,15.4,20.6,-13.42,4.5,-0.28,-10.51,-4.58,-23.06,-22.43,-19.5,-11.71,-33.46,9.67,-7.42,-20.52,-15.34,-25.24,-16.16,1.0,,2025-10-09,OK,2026-10-10 12:55
RTNPOWER,RTNPOWER-EQ,17520,6.54,2026-10-09,11.94,2024-03-26,8.99,2026-07-10,8.99,16.92,8.96,2026-04-10,8.96,16.92,9.03,2026-01-09,9.03,16.92,11.12,2025-10-09,11.12,17.09,16.23,2025-07-10,16.23,17.8,9.39,2025-04-09,9.39,21.1,-27.25,-27.01,-34.8,0.33,-0.44,-43.38,-0.78,-21.95,-13.95,-21.34,-43.98,-24.64,-31.48,18.42,-25.7,72.84,29.01,-14.84,-26.64,-43.09,7.69,1.0,,2025-10-09,OK,2026-10-10 12:55
RAYMONDLSL,RAYMONDLSL-EQ,25073,596.4,2026-10-09,1246.4,2024-09-05,743.95,2026-07-10,743.95,1356.7,804.2,2026-04-10,804.2,1411.9,968.9,2026-01-09,968.9,1979.0,1215.4,2025-10-09,1215.4,2496.0,1320.2,2025-07-10,1320.2,3100.0,1023.0,2025-04-09,1023.0,3100.0,-19.83,-25.84,-44.84,-7.49,-23.22,-42.72,-17.0,-33.88,-21.91,-20.34,-23.73,-40.32,-7.94,18.81,-40.25,29.05,-33.32,,-48.97,-52.33,,1.0,,2025-10-09,OK,2026-10-10 12:55
RAYMOND,RAYMOND-EQ,2859,1186.6,2026-10-09,1339.0,2024-03-26,631.7,2026-07-10,631.7,753.0,386.3,2026-04-10,386.3,783.9,407.45,2026-01-09,407.45,783.9,577.45,2025-10-09,577.45,783.9,693.4,2025-07-10,693.4,798.76,501.15,2025-04-09,501.15,798.76,87.84,207.17,40.0,63.53,55.04,-20.26,-5.19,-33.34,-24.51,-29.7,-41.6,-20.54,-16.72,15.22,14.12,38.36,23.34,-3.46,-11.99,-6.52,11.61,1.0,,2025-10-09,OK,2026-10-10 12:55
RAYMONDREL,RAYMONDREL-EQ,758551,698.2,2026-10-09,741.95,2025-07-01,700.0,2026-07-10,700.0,874.0,434.3,2026-04-10,434.3,1050.0,485.1,2026-01-09,485.1,1050.0,593.3,2025-10-09,593.3,1050.0,861.8,2025-07-10,861.8,1050.0,,,,,-0.26,60.76,-2.13,61.18,44.3,-33.04,-10.47,-28.44,,-20.07,-43.31,,-31.16,,,,,,,,,1.0,,2025-10-09,OK,2026-10-10 12:55
REFEX,REFEX-EQ,17764,254.4,2026-10-09,382.0,2024-03-26,344.75,2026-07-10,344.75,464.35,226.17,2026-04-10,226.17,534.0,236.7,2026-01-09,236.7,534.0,358.35,2025-10-09,358.35,572.0,453.4,2025-07-10,453.4,600.0,386.55,2025-04-09,386.55,600.0,-26.21,12.48,-23.78,52.43,45.65,-33.11,-4.45,-36.66,-45.65,-33.71,-46.49,-35.15,-20.96,-7.3,-31.59,17.29,-9.46,135.72,-22.97,-23.68,195.7,1.0,,2025-10-09,OK,2026-10-10 12:55
RELAXO,RELAXO-EQ,24225,286.0,2026-10-09,454.7,2024-03-26,394.7,2026-07-10,394.7,526.0,290.12,2026-04-10,290.12,526.0,400.3,2026-01-09,400.3,615.0,437.9,2025-10-09,437.9,811.55,518.85,2025-07-10,518.85,888.2,405.1,2025-04-09,405.1,888.2,-27.54,-1.42,-25.53,36.05,-1.4,-33.58,-27.52,-33.24,-24.8,-7.89,-20.07,-33.52,-15.6,8.1,-37.73,28.08,-15.26,-46.04,-34.51,-49.04,-48.94,1.0,,2025-10-09,OK,2026-10-10 12:55
RELIGARE,RELIGARE-EQ,15068,217.59,2026-10-09,280.0,2024-03-26,270.45,2026-07-10,270.45,295.0,225.56,2026-04-10,225.56,295.0,247.06,2026-01-09,247.06,297.0,253.75,2025-10-09,253.75,320.0,251.01,2025-07-10,251.01,320.0,215.02,2025-04-09,215.02,320.0,-19.55,-3.53,1.14,19.9,9.47,-9.1,-8.7,-14.79,2.21,-6.66,-8.78,-23.91,1.09,18.01,-7.28,16.74,-14.96,-1.15,-23.71,-21.34,2.02,1.0,,2025-10-09,OK,2026-10-10 12:55
RESPONIND,RESPONIND-EQ,20323,151.72,2026-10-09,240.9,2024-03-26,188.36,2026-07-10,188.36,247.8,140.93,2026-04-10,140.93,251.0,190.93,2026-01-09,190.93,266.94,181.67,2025-10-09,181.67,289.5,244.07,2025-07-10,244.07,306.75,187.11,2025-04-09,187.11,339.45,-19.45,7.66,-6.65,33.66,-1.35,-32.4,-26.19,-22.4,-11.56,5.14,-21.5,-26.56,-25.57,-2.91,-26.38,30.44,-6.6,-26.34,-28.23,-30.98,-33.85,1.0,,2025-10-09,OK,2026-10-10 12:55
RBA,RBA-EQ,1494,91.1,2026-10-09,111.15,2024-03-26,73.52,2026-07-10,73.52,87.65,62.7,2026-04-10,62.7,89.5,65.87,2026-01-09,65.87,89.5,71.07,2025-10-09,71.07,107.5,84.15,2025-07-10,84.15,117.6,69.27,2025-04-09,69.27,118.9,23.91,45.3,41.41,17.26,11.61,-18.95,-4.81,-12.81,-10.44,-8.4,-19.92,-21.86,-15.54,2.6,-24.43,21.48,5.68,-29.91,-13.52,-34.65,-35.17,1.0,,2025-10-09,OK,2026-10-10 12:55
ROUTE,ROUTE-EQ,128,416.7,2026-10-09,769.45,2024-03-26,546.25,2026-07-10,546.25,1028.0,485.55,2026-04-10,485.55,1158.0,669.95,2026-01-09,669.95,1369.0,761.5,2025-10-09,761.5,1607.7,1001.0,2025-07-10,1001.0,1942.45,975.4,2025-04-09,975.4,1942.45,-23.72,-14.18,-33.98,12.5,-18.46,-48.22,-27.52,-36.16,-50.62,-11.91,-32.29,-50.55,-23.93,-21.93,-44.1,2.62,-26.28,-42.0,-28.12,-36.62,-39.53,1.0,,2025-10-09,OK,2026-10-10 12:55
SJS,SJS-EQ,6643,1994.8,2026-10-09,2590.0,2024-03-26,2183.4,2026-07-10,2183.4,2288.9,1793.4,2026-04-10,1793.4,1930.0,1681.9,2026-01-09,1681.9,1869.0,1502.0,2025-10-09,1502.0,1577.5,1265.9,2025-07-10,1265.9,1347.0,832.6,2025-04-09,832.6,1347.0,-8.64,11.23,52.81,21.75,29.82,64.14,6.63,19.04,94.76,11.64,38.42,53.79,18.65,80.4,46.42,52.04,16.12,51.7,-26.44,-14.84,38.07,1.0,,2025-10-09,OK,2026-10-10 12:55
SBFC,SBFC-EQ,18026,84.4,2026-10-09,123.0,2024-03-26,91.96,2026-07-10,91.96,123.0,92.68,2026-04-10,92.68,123.0,99.45,2026-01-09,99.45,123.0,108.64,2025-10-09,108.64,120.5,115.48,2025-07-10,115.48,117.0,86.91,2025-04-09,86.91,105.81,-8.22,-8.93,-8.33,-0.78,-7.53,-20.65,-6.81,-14.78,6.25,-8.56,-16.44,21.17,-5.92,25.0,19.41,32.87,32.69,39.14,-2.22,-2.39,4.28,1.0,,2025-10-09,OK,2026-10-10 12:55
SEDEMAC,SEDEMAC-EQ,761153,3229.8,2026-10-09,3650.0,2026-03-11,2745.4,2026-07-10,2745.4,2977.7,1647.6,2026-04-10,1647.6,1817.9,,,,,,,,,,,,,,,,,17.64,96.03,,66.63,,,,,,,,,,,,,,,,,,,,2025-10-09,NOT LISTED ON BACK DATE,2026-10-10 12:55
SGMART,SGMART-EQ,758889,775.6,2026-10-09,860.6,2025-09-12,658.45,2026-07-10,658.45,688.0,539.35,2026-04-10,539.35,572.75,355.6,2026-01-09,355.6,397.2,341.8,2025-10-09,341.8,389.55,,,,,,,,,17.79,43.8,126.13,22.08,85.17,,51.67,56.02,,2.86,,,,,,,,,,,,1.0,,2025-10-09,OK,2026-10-10 12:55
SIGMAADV,SIGMAADV-BE,14797,1008.8,2026-10-09,1165.0,2024-03-26,582.65,2026-07-10,582.65,638.1,179.43,2026-04-10,179.43,231.0,193.74,2026-01-09,193.74,231.0,153.91,2025-10-09,153.91,174.0,99.47,2025-07-10,99.47,111.0,56.34,2025-04-09,56.34,111.0,73.14,462.22,390.61,224.72,200.74,361.75,-7.39,13.51,174.67,22.56,98.75,74.17,54.73,173.18,135.02,76.55,-4.65,50.38,-47.26,-13.81,-26.73,1.0,,2025-10-09,OK,2026-10-10 12:55
SKYGOLD,SKYGOLD-EQ,13631,921.0,2026-10-09,936.0,2024-03-26,623.85,2026-07-10,623.85,638.0,389.35,2026-04-10,389.35,400.95,337.7,2026-01-09,337.7,402.85,337.0,2025-10-09,337.0,488.55,322.95,2025-07-10,322.95,488.55,304.75,2025-04-09,304.75,488.55,47.63,136.55,146.94,60.23,84.73,55.63,15.29,13.63,12.03,-1.44,6.56,-15.44,4.35,10.58,-6.0,5.97,-16.31,74.08,-22.74,4.18,229.61,1.0,,2025-10-09,OK,2026-10-10 12:55
SMLMAH,SMLMAH-EQ,3387,5811.5,2026-10-09,6898.5,2024-03-26,4154.9,2026-07-10,4154.9,5348.0,4151.1,2026-04-10,4151.1,5348.0,4248.2,2026-01-09,4248.2,4743.0,3053.4,2025-10-09,3053.4,4743.0,3082.9,2025-07-10,3082.9,3253.7,1688.65,2025-04-09,1688.65,2405.0,39.87,40.0,115.17,0.09,-2.2,22.14,-2.29,29.48,135.32,32.51,41.11,176.88,-0.96,80.82,102.1,82.57,126.02,-8.03,21.57,-7.25,-45.95,1.0,,2025-10-09,OK,2026-10-10 12:55
LOTUSDEV,LOTUSDEV-BE,758147,239.75,2026-10-09,248.1,2025-08-06,145.42,2026-07-10,145.42,218.49,139.06,2026-04-10,139.06,218.49,157.03,2026-01-09,157.03,218.49,184.78,2025-10-09,184.78,218.49,,,,,,,,,64.87,72.41,7.15,4.57,-7.39,,-11.44,-25.06,,-15.38,,,,,,,,,,,,1.0,,2025-10-09,OK,2026-10-10 12:55
SAFARI,SAFARI-EQ,13035,1319.6,2026-10-09,2507.1,2024-03-26,1631.2,2026-07-10,1631.2,2507.1,1558.5,2026-04-10,1558.5,2507.1,2110.0,2026-01-09,2110.0,2594.0,2268.4,2025-10-09,2268.4,2744.7,2230.4,2025-07-10,2230.4,2744.7,1952.1,2025-04-09,1952.1,2744.7,-19.1,-15.33,-32.37,4.66,-22.69,-30.28,-26.14,-30.31,-15.3,-5.65,-4.93,-9.03,1.7,16.2,-15.78,14.26,-12.54,3.01,-23.94,-25.14,0.01,1.0,,2025-10-09,OK,2026-10-10 12:55
SAMHI,SAMHI-EQ,18614,141.9,2026-10-09,217.3,2024-03-26,173.08,2026-07-10,173.08,254.5,158.03,2026-04-10,158.03,254.5,194.89,2026-01-09,194.89,254.5,193.76,2025-10-09,193.76,254.5,230.27,2025-07-10,230.27,240.3,144.45,2025-04-09,144.45,225.48,-18.01,-10.21,-21.33,9.52,-11.19,-30.54,-18.91,-19.48,4.42,-0.7,-15.94,-12.68,-15.86,34.14,8.4,59.41,14.57,18.07,-25.0,-28.65,-27.93,1.0,,2025-10-09,OK,2026-10-10 12:55
SANDUMA,SANDUMA-EQ,18359,177.68,2026-10-09,273.0,2024-03-26,203.33,2026-07-10,203.33,273.0,202.0,2026-04-10,202.0,273.0,224.77,2026-01-09,224.77,273.0,203.41,2025-10-09,203.41,214.1,157.92,2025-07-10,157.92,204.88,131.22,2025-04-09,131.22,211.6,-12.61,-12.04,-1.18,0.66,-9.54,33.01,-10.13,-1.68,53.07,9.4,41.97,48.39,28.81,55.01,-2.22,20.35,18.56,-16.05,-3.3,-16.64,17.68,1.0,,2025-10-09,OK,2026-10-10 12:55
SAPPHIRE,SAPPHIRE-EQ,6718,207.08,2026-10-09,310.5,2024-03-26,182.65,2026-07-10,182.65,368.0,170.03,2026-04-10,170.03,368.0,221.8,2026-01-09,221.8,368.0,286.65,2025-10-09,286.65,374.95,337.65,2025-07-10,337.65,401.0,293.0,2025-04-09,293.0,401.0,13.38,21.79,-20.6,7.42,-17.65,-48.2,-23.34,-39.1,-41.63,-20.56,-32.96,-31.33,-15.1,-2.17,-9.17,15.24,-1.82,2.58,-13.72,-17.04,6.79,1.0,,2025-10-09,OK,2026-10-10 12:55
SAREGAMA,SAREGAMA-EQ,4892,485.6,2026-10-09,574.5,2024-03-26,479.2,2026-07-10,479.2,520.0,329.5,2026-04-10,329.5,603.0,366.55,2026-01-09,366.55,603.0,452.15,2025-10-09,452.15,626.7,500.45,2025-07-10,500.45,688.9,512.35,2025-04-09,512.35,688.9,1.34,47.37,10.7,45.43,30.73,-12.47,-10.11,-27.06,-35.73,-18.86,-25.25,-33.46,-9.65,-11.75,-19.78,-2.32,-9.39,7.1,-6.58,-17.79,24.31,1.0,,2025-10-09,OK,2026-10-10 12:55
SENCO,SENCO-EQ,17271,334.75,2026-10-09,430.0,2024-03-26,362.15,2026-07-10,362.15,404.85,323.0,2026-04-10,323.0,405.7,353.6,2026-01-09,353.6,560.0,324.75,2025-10-09,324.75,731.28,339.8,2025-07-10,339.8,772.0,318.25,2025-04-09,318.25,772.0,-7.57,3.64,9.56,12.12,2.42,-2.83,-8.65,-0.94,-6.57,8.45,3.21,-45.38,-4.43,2.04,-45.1,6.77,-39.73,-25.65,-43.11,-54.95,-27.95,1.0,,2025-10-09,OK,2026-10-10 12:55
SENORES,SENORES-EQ,28888,1320.0,2026-10-09,1599.0,2024-12-30,1417.8,2026-07-10,1417.8,1487.9,821.4,2026-04-10,821.4,876.5,811.4,2026-01-09,811.4,876.5,720.25,2025-10-09,720.25,751.2,588.0,2025-07-10,588.0,665.0,515.65,2025-04-09,515.65,665.0,-6.9,60.7,106.68,72.61,74.74,89.22,1.23,12.19,43.89,10.82,32.69,45.31,22.49,39.68,,14.03,10.69,,-7.28,,,1.0,,2025-10-09,OK,2026-10-10 12:55
SHADOWFAX,SHADOWFAX-EQ,761469,294.85,2026-10-09,301.25,2026-01-28,228.13,2026-07-10,228.13,241.63,132.34,2026-04-10,132.34,136.4,,,,,,,,,,,,,,,,,29.25,122.8,,72.38,,,,,,,,,,,,,,,,,,,,2025-10-09,NOT LISTED ON BACK DATE,2026-10-10 12:55
SHAILY,SHAILY-EQ,8727,3063.4,2026-10-09,3615.2,2024-03-26,2767.4,2026-07-10,2767.4,3233.9,1950.5,2026-04-10,1950.5,2799.9,2223.8,2026-01-09,2223.8,2799.9,2358.5,2025-10-09,2358.5,2670.0,1611.4,2025-07-10,1611.4,2073.8,1390.45,2025-04-09,1390.45,1942.75,10.7,57.06,46.49,41.88,24.44,87.3,-12.29,-19.77,37.26,-8.53,37.97,53.23,46.36,69.62,128.31,15.89,-1.18,108.5,-11.61,42.48,215.29,1.0,,2025-10-09,OK,2026-10-10 12:55
SHAKTIPUMP,SHAKTIPUMP-EQ,25574,419.0,2026-10-09,829.95,2024-03-26,579.25,2026-07-10,579.25,946.0,510.25,2026-04-10,510.25,1049.0,685.15,2026-01-09,685.15,1340.0,806.0,2025-10-09,806.0,1387.0,928.4,2025-07-10,928.4,1387.0,891.95,2025-04-09,891.95,1387.0,-27.67,-17.88,-41.96,13.52,-15.46,-44.4,-25.53,-37.32,-40.78,-15.83,-25.48,-57.07,-13.18,-9.64,4.2,4.09,-27.67,36.96,-33.68,14.28,271.11,1.0,,2025-10-09,OK,2026-10-10 12:55
SHARDACROP,SHARDACROP-EQ,4992,723.9,2026-10-09,1297.0,2024-03-26,914.75,2026-07-10,914.75,1297.0,1057.25,2026-04-10,1057.25,1297.0,797.65,2026-01-09,797.65,1181.0,820.1,2025-10-09,820.1,1181.0,838.0,2025-07-10,838.0,926.0,456.05,2025-04-09,456.05,886.6,-20.86,-31.53,-4.46,-13.48,14.68,7.74,32.55,28.94,127.32,-2.72,-3.65,11.78,-2.14,79.83,55.72,83.75,3.7,59.16,-44.96,-19.55,49.82,1.0,,2025-10-09,OK,2026-10-10 12:55
SFL,SFL-EQ,19184,603.65,2026-10-09,832.45,2024-03-26,765.3,2026-07-10,765.3,783.0,528.7,2026-04-10,528.7,769.9,565.0,2026-01-09,565.0,1000.95,658.3,2025-10-09,658.3,1058.7,677.2,2025-07-10,677.2,1061.65,680.1,2025-04-09,680.1,1067.0,-21.12,14.18,4.36,44.75,35.45,2.86,-6.42,-22.38,-22.83,-17.05,-16.59,-41.27,-2.79,-3.21,-19.63,-0.43,-32.32,-34.98,-32.27,-26.07,-26.07,1.0,,2025-10-09,OK,2026-10-10 12:55
SHILCTECH,SHILCTECH-EQ,759847,3925.3,2026-10-09,5399.0,2025-11-24,4484.3,2026-07-10,4484.3,5399.0,4574.0,2026-04-10,4574.0,4620.0,3395.0,2026-01-09,3395.0,4350.0,,,,,,,,,,,,,-12.47,-14.18,,-1.96,32.09,,34.73,,,,,,,,,,,,,,,,,2025-10-09,NOT LISTED ON BACK DATE,2026-10-10 12:55
SHILPAMED,SHILPAMED-EQ,17752,1021.7,2026-10-09,1095.0,2024-03-26,627.15,2026-07-10,627.15,633.3,420.1,2026-04-10,420.1,500.0,300.0,2026-01-09,300.0,500.0,369.0,2025-10-09,369.0,500.0,435.13,2025-07-10,435.13,500.0,305.05,2025-04-09,305.05,479.75,62.91,143.2,160.33,49.29,109.05,28.42,40.03,14.53,10.15,-18.21,-33.09,-17.96,-15.2,20.96,0.31,42.64,7.6,46.6,-26.9,-26.21,26.06,1.0,,2025-10-09,OK,2026-10-10 12:55
RENUKA,RENUKA-EQ,12026,21.72,2026-10-09,30.9,2024-03-26,22.73,2026-07-10,22.73,33.5,27.3,2026-04-10,27.3,35.85,25.18,2026-01-09,25.18,40.3,30.39,2025-10-09,30.39,48.77,32.94,2025-07-10,32.94,56.5,26.12,2025-04-09,26.12,56.5,-4.44,-20.44,-19.87,-16.74,-9.73,-33.7,8.42,-10.37,-5.55,-17.33,-22.62,-29.9,-7.74,16.35,-34.54,26.11,-14.06,-30.2,-33.09,-45.78,-38.7,1.0,,2025-10-09,OK,2026-10-10 12:55
SHREEJISPG,SHREEJISPG-EQ,759448,811.8,2026-10-09,812.0,2025-08-26,551.75,2026-07-10,551.75,553.7,345.5,2026-04-10,345.5,421.95,373.75,2026-01-09,373.75,394.0,245.78,2025-10-09,245.78,275.0,,,,,,,,,47.13,134.96,190.14,59.7,47.63,,-7.56,36.96,,48.16,,,,,,,,,,,,1.0,,2025-10-09,OK,2026-10-10 12:55
SKIPPER,SKIPPER-EQ,9428,530.25,2026-10-09,616.8,2024-03-26,546.5,2026-07-10,546.5,593.0,384.3,2026-04-10,384.3,588.0,408.75,2026-01-09,408.75,588.0,509.9,2025-10-09,509.9,665.0,485.3,2025-07-10,485.3,665.0,403.2,2025-04-09,403.2,665.0,-2.97,37.98,16.48,42.21,33.7,10.24,-5.98,-25.54,-15.55,-20.8,-14.72,-8.57,5.07,26.46,5.94,20.36,0.23,46.28,-19.68,-22.75,25.58,1.0,,2025-10-09,OK,2026-10-10 12:55
SONATSOFTW,SONATSOFTW-EQ,6596,239.15,2026-10-09,400.5,2024-03-26,285.35,2026-07-10,285.35,447.3,246.27,2026-04-10,246.27,464.2,351.65,2026-01-09,351.65,616.5,374.9,2025-10-09,374.9,687.1,430.3,2025-07-10,430.3,763.7,312.7,2025-04-09,312.7,763.7,-16.19,-2.89,-28.59,15.87,-18.85,-39.34,-29.97,-33.21,-21.71,-4.62,-18.23,-42.92,-12.87,19.89,-36.07,37.61,-29.39,-32.09,-49.03,-45.89,-50.56,1.0,,2025-10-09,OK,2026-10-10 12:55
SOUTHBANK,SOUTHBANK-EQ,5948,47.91,2026-10-09,50.68,2024-03-26,45.81,2026-07-10,45.81,49.9,38.76,2026-04-10,38.76,46.84,41.43,2026-01-09,41.43,43.26,31.11,2025-10-09,31.11,32.25,30.05,2025-07-10,30.05,32.25,23.36,2025-04-09,23.36,31.8,4.58,23.61,49.18,18.19,10.57,50.18,-6.44,13.13,68.79,20.93,38.1,50.52,3.53,33.18,19.59,28.64,15.8,16.84,-9.91,-2.42,-15.47,1.0,,2025-10-09,OK,2026-10-10 12:55
SWSOLAR,SWSOLAR-EQ,12489,162.12,2026-10-09,260.8,2024-03-26,236.55,2026-07-10,236.55,341.0,181.46,2026-04-10,181.46,348.9,198.53,2026-01-09,198.53,466.75,239.47,2025-10-09,239.47,641.7,336.55,2025-07-10,336.55,758.45,241.8,2025-04-09,241.8,828.0,-31.46,-10.66,-23.99,30.36,19.15,-40.71,-8.6,-27.27,-26.15,-20.43,-39.78,-53.88,-28.85,-0.96,-50.77,39.19,-23.28,-55.12,-45.97,-55.28,-52.01,1.0,,2025-10-09,OK,2026-10-10 12:55
STAR,STAR-EQ,7374,1085.3,2026-10-09,1260.9,2024-03-26,1082.6,2026-07-10,1082.6,1231.0,1000.0,2026-04-10,1000.0,1025.0,941.85,2026-01-09,941.85,1025.0,852.55,2025-10-09,852.55,972.0,870.25,2025-07-10,870.25,914.0,584.4,2025-04-09,584.4,760.95,0.25,8.53,40.25,8.26,14.94,12.4,6.17,17.53,52.97,10.7,6.09,35.68,-2.03,45.88,45.86,48.91,32.08,118.54,-12.61,-2.94,78.59,1.0,2024-12-06 ×0.4 (2:5 split),2025-10-09,OK,2026-10-10 12:55
STYLAMIND,STYLAMIND-EQ,5186,3271.0,2026-10-09,4150.0,2024-03-26,3284.8,2026-07-10,3284.8,3357.3,2222.6,2026-04-10,2222.6,2430.0,2174.0,2026-01-09,2174.0,2430.0,2034.9,2025-10-09,2034.9,2735.0,1639.4,2025-07-10,1639.4,2735.0,1618.4,2025-04-09,1618.4,2735.0,-0.42,47.17,66.21,47.79,51.09,90.13,2.24,10.14,36.7,7.73,31.24,-3.88,24.12,25.74,-17.96,1.3,-26.81,-15.19,-27.61,-26.13,-2.76,1.0,,2025-10-09,OK,2026-10-10 12:55
SUBROS,SUBROS-EQ,3324,676.75,2026-10-09,1172.7,2024-03-26,821.65,2026-07-10,821.65,1213.7,750.3,2026-04-10,750.3,1213.7,844.85,2026-01-09,844.85,1213.7,1164.0,2025-10-09,1164.0,1213.7,930.5,2025-07-10,930.5,1083.2,560.75,2025-04-09,560.75,827.4,-17.64,-9.8,-37.37,9.51,-2.75,-23.71,-11.19,-33.09,24.51,-24.65,-8.73,28.59,25.09,107.58,40.29,65.94,41.84,15.74,-15.22,-18.69,-1.61,1.0,,2025-10-09,OK,2026-10-10 12:55
SUDARSCHEM,SUDARSCHEM-EQ,3327,1166.8,2026-10-09,1347.0,2024-03-26,999.25,2026-07-10,999.25,1603.0,814.15,2026-04-10,814.15,1603.0,942.35,2026-01-09,942.35,1603.0,1298.0,2025-10-09,1298.0,1603.0,1226.5,2025-07-10,1226.5,1315.0,961.0,2025-04-09,961.0,1234.45,16.77,43.32,-2.75,22.74,6.04,-30.37,-13.6,-37.95,-9.8,-28.18,-22.79,-8.94,5.83,35.07,36.5,27.63,9.88,44.02,-12.93,-7.54,50.36,1.0,,2025-10-09,OK,2026-10-10 12:55
SUDEEPPHRM,SUDEEPPHRM-EQ,760039,1050.3,2026-10-09,1378.0,2025-11-28,824.25,2026-07-10,824.25,894.45,609.85,2026-04-10,609.85,795.0,546.75,2026-01-09,546.75,795.0,,,,,,,,,,,,,27.42,72.22,,35.16,50.75,,11.54,,,,,,,,,,,,,,,,,2025-10-09,NOT LISTED ON BACK DATE,2026-10-10 12:55
SPARC,SPARC-EQ,14788,185.6,2026-10-09,289.0,2024-03-26,264.6,2026-07-10,264.6,289.0,148.34,2026-04-10,148.34,204.4,132.38,2026-01-09,132.38,204.4,128.03,2025-10-09,128.03,241.0,156.02,2025-07-10,156.02,244.0,143.63,2025-04-09,143.63,429.7,-29.86,25.12,56.67,78.37,99.88,31.98,12.06,10.69,-12.59,-1.22,-16.92,-27.3,-17.94,-10.86,-31.67,8.63,-17.65,-31.2,-25.36,-30.68,-71.84,1.0,,2025-10-09,OK,2026-10-10 12:55
SUNDRMFAST,SUNDRMFAST-EQ,3345,1127.8,2026-10-09,1347.2,2024-03-26,940.8,2026-07-10,940.8,1072.0,802.75,2026-04-10,802.75,1080.0,934.9,2026-01-09,934.9,1102.7,992.65,2025-10-09,992.65,1497.55,1033.6,2025-07-10,1033.6,1505.95,892.65,2025-04-09,892.65,1505.95,19.88,40.49,22.84,17.2,0.63,-19.66,-14.14,-19.8,-6.3,-6.59,-9.24,-12.48,-3.96,11.2,-29.17,15.79,-3.55,-28.39,-14.88,-38.02,-17.07,1.0,,2025-10-09,OK,2026-10-10 12:55
SUNFLAG,SUNFLAG-EQ,3348,439.8,2026-10-09,479.1,2024-03-26,342.7,2026-07-10,342.7,428.0,249.42,2026-04-10,249.42,322.0,248.9,2026-01-09,248.9,322.0,269.85,2025-10-09,269.85,322.0,313.2,2025-07-10,313.2,322.0,225.2,2025-04-09,225.2,311.45,28.33,76.33,22.79,37.4,37.69,9.79,0.21,-6.78,1.3,-6.97,-17.62,-11.67,-13.84,19.83,20.86,39.08,6.22,5.54,-25.12,2.96,15.62,1.0,,2025-10-09,OK,2026-10-10 12:55
SUNTECK,SUNTECK-EQ,17641,271.15,2026-10-09,472.5,2024-03-26,327.2,2026-07-10,327.2,473.0,316.45,2026-04-10,316.45,478.75,420.8,2026-01-09,420.8,545.0,433.45,2025-10-09,433.45,602.75,443.95,2025-07-10,443.95,699.0,354.45,2025-04-09,354.45,699.0,-17.13,-14.32,-32.7,3.4,-22.24,-37.12,-24.8,-28.79,-3.41,-5.31,-4.11,-19.33,-2.37,22.29,-22.14,25.25,-10.14,-20.66,-28.23,-37.86,-14.54,1.0,,2025-10-09,OK,2026-10-10 12:55
SPLPETRO,SPLPETRO-EQ,9617,788.55,2026-10-09,899.0,2024-03-26,733.55,2026-07-10,733.55,979.0,745.45,2026-04-10,745.45,979.0,571.35,2026-01-09,571.35,979.0,798.25,2025-10-09,798.25,979.0,827.6,2025-07-10,827.6,926.6,592.4,2025-04-09,592.4,926.6,7.5,5.78,1.92,-1.6,28.39,-18.33,30.47,-6.95,17.08,-28.68,-29.68,-0.45,-3.55,34.75,-1.28,39.7,25.76,-15.72,-9.04,-24.46,-10.36,1.0,,2025-10-09,OK,2026-10-10 12:55
SUPRIYA,SUPRIYA-EQ,7390,847.65,2026-10-09,1085.0,2024-03-26,854.6,2026-07-10,854.6,1085.0,638.75,2026-04-10,638.75,832.4,736.7,2026-01-09,736.7,842.0,720.4,2025-10-09,720.4,842.0,693.45,2025-07-10,693.45,842.0,667.8,2025-04-09,667.8,842.0,-0.81,32.7,26.51,33.79,16.0,37.34,-13.3,-11.54,-10.67,2.03,7.13,3.66,3.89,7.88,12.85,3.84,-1.03,68.96,-8.85,15.14,64.51,1.0,,2025-10-09,OK,2026-10-10 12:55
SURYAROSNI,SURYAROSNI-EQ,3375,208.33,2026-10-09,314.5,2024-03-26,257.2,2026-07-10,257.2,351.2,222.55,2026-04-10,222.55,359.0,274.45,2026-01-09,274.45,359.0,289.3,2025-10-09,289.3,368.35,332.65,2025-07-10,332.65,371.98,239.1,2025-04-09,239.1,371.98,-19.0,-6.39,-24.1,15.57,-6.29,-25.56,-18.91,-22.78,-11.28,-4.77,-16.1,0.27,-13.03,21.0,-14.07,39.13,30.07,10.06,-6.86,-30.89,-17.01,1.0,,2025-10-09,OK,2026-10-10 12:55
SUVEN,SUVEN-EQ,11233,282.75,2026-10-09,403.35,2024-03-26,357.85,2026-07-10,357.85,370.8,195.52,2026-04-10,195.52,299.99,159.67,2026-01-09,159.67,299.99,203.89,2025-10-09,203.89,299.99,270.09,2025-07-10,270.09,280.0,119.33,2025-04-09,119.33,169.3,-20.99,44.61,75.34,83.02,124.12,-0.48,22.45,-6.63,18.44,-23.75,-42.28,26.13,-24.51,70.86,54.75,126.34,100.93,67.22,-15.33,-16.76,3.33,1.0,,2025-10-09,OK,2026-10-10 12:55
TARC,TARC-EQ,1581,117.47,2026-10-09,186.3,2024-03-26,124.21,2026-07-10,124.21,206.1,125.05,2026-04-10,125.05,206.1,176.73,2026-01-09,176.73,206.1,153.58,2025-10-09,153.58,266.1,195.77,2025-07-10,195.77,269.95,144.12,2025-04-09,144.12,269.95,-5.43,-6.06,-15.5,-0.67,-29.72,-36.76,-29.24,-17.26,-5.04,16.93,-12.48,-16.55,-21.55,6.56,-39.46,35.84,12.46,-10.28,-17.6,-43.92,-30.11,1.0,,2025-10-09,OK,2026-10-10 12:55
TTKPRESTIG,TTKPRESTIG-EQ,3546,515.15,2026-10-09,771.2,2024-03-26,631.15,2026-07-10,631.15,771.2,477.3,2026-04-10,477.3,771.2,610.05,2026-01-09,610.05,810.6,637.05,2025-10-09,637.05,930.95,631.65,2025-07-10,631.65,1025.0,623.85,2025-04-09,623.85,1025.0,-18.38,7.93,-15.02,32.23,3.46,-13.77,-21.76,-24.86,-14.17,-3.97,-3.13,-20.11,0.85,2.12,-22.41,1.25,-20.9,-29.29,-22.01,-28.68,-13.53,1.0,,2025-10-09,OK,2026-10-10 12:55
TVSSCS,TVSSCS-EQ,18151,124.54,2026-10-09,146.5,2024-03-26,141.66,2026-07-10,141.66,146.5,111.06,2026-04-10,111.06,147.0,107.15,2026-01-09,107.15,168.7,123.98,2025-10-09,123.98,197.0,134.89,2025-07-10,134.89,217.58,109.67,2025-04-09,109.67,217.58,-12.09,12.14,0.54,27.55,32.21,-7.97,3.65,-11.25,-2.04,-14.38,-19.92,-38.02,-8.09,13.05,-32.12,23.0,-19.84,-26.48,-35.15,-43.18,-21.2,1.0,,2025-10-09,OK,2026-10-10 12:55
TMB,TMB-EQ,10945,874.8,2026-10-09,954.2,2024-03-26,801.6,2026-07-10,801.6,807.95,652.75,2026-04-10,652.75,721.0,568.65,2026-01-09,568.65,575.0,431.45,2025-10-09,431.45,513.55,446.95,2025-07-10,446.95,513.55,414.55,2025-04-09,414.55,513.55,9.13,34.02,113.76,22.8,40.97,73.31,14.79,50.13,49.5,30.78,27.9,10.42,-3.47,4.08,-4.89,7.82,-0.57,-4.04,-7.07,-7.59,-16.46,1.0,,2025-10-09,OK,2026-10-10 12:55
TANLA,TANLA-EQ,13976,498.35,2026-10-09,726.8,2024-03-26,550.2,2026-07-10,550.2,766.0,475.45,2026-04-10,475.45,766.0,503.85,2026-01-09,503.85,766.0,717.75,2025-10-09,717.75,891.0,636.6,2025-07-10,636.6,1086.45,460.05,2025-04-09,460.05,1086.45,-9.42,4.82,-29.04,15.72,9.2,-19.79,-5.64,-33.16,-4.53,-29.16,-20.29,-20.15,12.75,56.02,-21.54,38.38,-7.38,-32.7,-34.48,-46.59,-50.88,1.0,,2025-10-09,OK,2026-10-10 12:55
TEXRAIL,TEXRAIL-EQ,21828,110.99,2026-10-09,142.95,2024-03-26,116.39,2026-07-10,116.39,165.01,98.58,2026-04-10,98.58,189.0,126.49,2026-01-09,126.49,205.5,138.3,2025-10-09,138.3,239.74,164.8,2025-07-10,164.8,296.49,129.61,2025-04-09,129.61,296.49,-4.64,12.59,-16.73,18.07,-7.98,-37.59,-22.06,-28.66,-25.22,-8.46,-22.87,-33.14,-16.08,6.7,-25.84,27.15,-13.09,-35.64,-32.95,-31.6,-22.42,1.0,,2025-10-09,OK,2026-10-10 12:55
THOMASCOOK,THOMASCOOK-EQ,3481,96.75,2026-10-09,169.0,2024-03-26,102.98,2026-07-10,102.98,188.29,106.86,2026-04-10,106.86,188.29,139.0,2026-01-09,139.0,188.29,151.29,2025-10-09,151.29,224.5,169.31,2025-07-10,169.31,264.0,123.97,2025-04-09,123.97,264.0,-6.05,-9.46,-27.87,-3.63,-25.91,-32.03,-23.12,-30.03,-24.93,-8.98,-14.66,-24.05,-10.64,22.04,-9.44,36.57,-7.65,-31.08,-34.82,-36.46,-18.36,1.0,,2025-10-09,OK,2026-10-10 12:55
THYROCARE,THYROCARE-EQ,17032,499.7,2026-10-09,662.0,2024-03-26,515.7,2026-07-10,515.7,578.25,399.0,2026-04-10,399.0,536.67,455.1,2026-01-09,455.1,536.67,402.2,2025-10-09,402.2,478.33,360.62,2025-07-10,360.62,367.33,235.17,2025-04-09,235.17,351.67,-3.1,25.24,40.94,29.25,13.32,47.75,-12.33,-5.3,57.4,8.02,25.78,39.01,11.53,71.03,58.53,53.34,18.31,56.13,-24.61,-13.96,11.28,1.0,,2025-10-09,OK,2026-10-10 12:55
TI,TI-EQ,19196,541.0,2026-10-09,607.8,2024-03-26,446.45,2026-07-10,446.45,549.7,428.55,2026-04-10,428.55,549.7,437.05,2026-01-09,437.05,549.7,458.6,2025-10-09,458.6,529.9,342.35,2025-07-10,342.35,457.0,229.08,2025-04-09,229.08,457.0,21.18,26.24,15.77,4.18,2.15,26.74,-1.94,-5.45,99.38,-3.57,29.19,7.3,33.96,100.19,58.19,49.45,-17.57,52.94,-46.64,-23.1,14.73,1.0,,2025-10-09,OK,2026-10-10 12:55
TIMETECHNO,TIMETECHNO-EQ,14707,176.35,2026-10-09,227.5,2024-03-26,184.35,2026-07-10,184.35,249.15,186.27,2026-04-10,186.27,249.15,180.43,2026-01-09,180.43,249.15,222.19,2025-10-09,222.19,256.78,224.33,2025-07-10,224.33,256.78,167.6,2025-04-09,167.6,256.78,-4.34,-5.33,-16.74,-1.03,2.17,-24.8,3.24,-16.19,2.55,-18.81,-18.0,-12.83,-0.95,32.57,21.66,33.85,3.53,33.76,-26.84,-14.29,41.52,1.0,,2025-10-09,OK,2026-10-10 12:55
TIMEX,TIMEX-EQ,762954,724.4,2026-10-09,759.7,2026-04-20,569.6,2026-07-10,569.6,576.8,,,,,,,,,,,,,,,,,,,,,27.18,,,,,,,,,,,,,,,,,,,,,,,2025-10-09,NOT LISTED ON BACK DATE,2026-10-10 12:55
TIPSMUSIC,TIPSMUSIC-EQ,9117,636.35,2026-10-09,741.0,2024-03-26,711.55,2026-07-10,711.55,726.75,539.45,2026-04-10,539.45,718.0,526.8,2026-01-09,526.8,735.0,544.7,2025-10-09,544.7,950.0,639.75,2025-07-10,639.75,950.0,634.95,2025-04-09,634.95,950.0,-10.57,17.96,19.48,31.9,35.07,0.46,2.4,-1.75,-18.73,-4.05,-19.04,-21.67,-14.86,-14.21,-20.57,0.76,-7.2,39.81,-8.75,-17.19,36.98,1.0,,2025-10-09,OK,2026-10-10 12:55
TRANSRAILL,TRANSRAILL-EQ,28714,464.65,2026-10-09,764.9,2024-12-27,508.05,2026-07-10,508.05,855.8,554.55,2026-04-10,554.55,855.8,502.5,2026-01-09,502.5,855.8,759.05,2025-10-09,759.05,855.8,763.8,2025-07-10,763.8,787.0,441.65,2025-04-09,441.65,718.9,-8.54,-16.21,-44.13,-8.39,1.1,-37.39,10.36,-27.02,16.71,-33.87,-32.62,-17.53,-0.62,71.87,,72.94,12.8,,-33.56,,,1.0,,2025-10-09,OK,2026-10-10 12:55
TRIVENIPT,TRIVENIPT-BE,766534,,,,,,,,,,,,,,,,,,,,,,,,,,,,,,,,,,,,,,,,,,,,,,,,,,,,2025-10-09,FAILED: no candles,2026-10-10 12:55
UJJIVANSFB,UJJIVANSFB-EQ,15228,61.45,2026-10-09,73.94,2024-03-26,65.27,2026-07-10,65.27,68.0,60.3,2026-04-10,60.3,68.0,59.34,2026-01-09,59.34,60.2,48.21,2025-10-09,48.21,51.87,47.69,2025-07-10,47.69,51.87,39.03,2025-04-09,39.03,56.15,-5.85,1.91,33.0,8.24,9.99,11.01,1.62,23.62,38.1,21.65,24.82,49.9,1.09,23.52,14.97,22.19,34.38,14.31,10.13,-5.47,-35.87,1.0,,2025-10-09,OK,2026-10-10 12:55
UNIMECH,UNIMECH-EQ,28960,1734.8,2026-10-09,1901.0,2024-12-31,1185.0,2026-07-10,1185.0,1289.9,856.65,2026-04-10,856.65,1397.0,885.25,2026-01-09,885.25,1397.0,948.3,2025-10-09,948.3,1523.75,1280.0,2025-07-10,1280.0,1523.75,904.75,2025-04-09,904.75,1523.75,46.4,102.51,67.29,38.33,33.86,-10.24,-3.23,-10.64,-5.28,-7.66,-29.1,-27.8,-25.91,4.81,,41.48,-1.65,,-33.17,,,1.0,,2025-10-09,OK,2026-10-10 12:55
VGUARD,VGUARD-EQ,15362,288.2,2026-10-09,384.0,2024-03-26,305.6,2026-07-10,305.6,409.75,321.65,2026-04-10,321.65,409.75,316.1,2026-01-09,316.1,415.45,350.45,2025-10-09,350.45,454.55,392.7,2025-07-10,392.7,577.45,357.75,2025-04-09,357.75,577.45,-5.69,-10.4,-6.71,-4.99,-3.32,-24.27,1.76,-7.66,-12.05,-9.26,-19.74,-19.55,-10.76,-2.04,-16.13,9.77,-5.02,-20.15,-14.4,-18.61,-3.71,1.0,,2025-10-09,OK,2026-10-10 12:55
VMART,VMART-EQ,29284,821.95,2026-10-09,888.0,2024-03-26,777.85,2026-07-10,777.85,888.0,622.1,2026-04-10,622.1,945.0,649.6,2026-01-09,649.6,945.0,851.25,2025-10-09,851.25,1130.0,788.3,2025-07-10,788.3,1130.0,769.99,2025-04-09,769.99,1130.0,5.67,32.13,-3.53,25.04,19.74,-12.36,-4.23,-27.09,-30.4,-23.87,-15.11,-14.61,7.99,10.55,-31.53,2.38,-9.17,7.42,-11.15,-29.58,31.29,1.0,,2025-10-09,OK,2026-10-10 12:55
VIPIND,VIPIND-EQ,3703,269.55,2026-10-09,447.3,2024-03-26,303.0,2026-07-10,303.0,492.3,324.4,2026-04-10,324.4,492.3,388.1,2026-01-09,388.1,492.3,426.0,2025-10-09,426.0,564.0,448.8,2025-07-10,448.8,589.75,260.0,2025-04-09,260.0,589.75,-11.04,-16.91,-28.4,-6.6,-21.93,-31.16,-16.41,-25.09,34.81,-10.38,-14.99,-23.43,-5.08,63.85,-20.95,72.62,-3.19,-20.93,-45.55,-53.14,-44.64,1.0,,2025-10-09,OK,2026-10-10 12:55
V2RETAIL,V2RETAIL-EQ,14766,154.5,2026-10-09,259.25,2024-03-26,220.23,2026-07-10,220.23,259.25,197.13,2026-04-10,197.13,256.41,220.04,2026-01-09,220.04,256.41,244.55,2025-10-09,244.55,246.5,196.43,2025-07-10,196.43,209.7,169.78,2025-04-09,169.78,209.7,-29.85,-21.63,-10.17,11.72,0.09,14.51,-10.41,-17.04,15.88,-7.4,14.89,24.5,24.5,44.04,13.89,15.7,12.09,156.29,-2.91,20.78,249.26,1.0,,2025-10-09,OK,2026-10-10 12:55
DBREALTY,DBREALTY-EQ,18124,84.98,2026-10-09,161.2,2024-03-26,114.27,2026-07-10,114.27,249.8,100.77,2026-04-10,100.77,252.67,111.89,2026-01-09,111.89,252.67,154.3,2025-10-09,154.3,252.67,242.33,2025-07-10,242.33,252.67,164.44,2025-04-09,164.44,242.45,-25.63,-15.67,-35.67,13.4,2.13,-56.34,-9.94,-37.09,-38.4,-30.15,-53.63,-25.73,-36.33,-6.17,-0.95,47.37,49.41,9.61,-2.02,-5.92,-41.26,1.0,,2025-10-09,OK,2026-10-10 12:55
WABAG,WABAG-EQ,20188,1936.8,2026-10-09,2319.0,2024-03-26,2221.2,2026-07-10,2221.2,2248.0,1355.5,2026-04-10,1355.5,1680.0,1198.8,2026-01-09,1198.8,1680.0,1434.1,2025-10-09,1434.1,1944.0,1489.8,2025-07-10,1489.8,1944.0,1309.45,2025-04-09,1309.45,1944.0,-12.8,42.88,48.59,63.87,85.29,4.04,13.07,-4.86,-4.39,-15.86,-19.14,-16.2,-3.74,9.52,3.69,13.77,-1.11,22.28,-15.03,-10.88,68.79,1.0,,2025-10-09,OK,2026-10-10 12:55
VAIBHAVGBL,VAIBHAVGBL-EQ,11364,201.67,2026-10-09,293.25,2024-03-26,261.36,2026-07-10,261.36,293.25,217.43,2026-04-10,217.43,293.25,222.66,2026-01-09,222.66,304.7,218.98,2025-10-09,218.98,338.55,241.37,2025-07-10,241.37,352.75,201.35,2025-04-09,201.35,437.8,-22.84,-7.25,-2.16,20.2,17.38,-7.37,-2.35,-3.35,7.41,-1.03,-5.95,-20.58,-9.28,8.76,-20.63,19.88,-18.44,-19.64,-29.51,-32.91,-40.83,1.0,,2025-10-09,OK,2026-10-10 12:55
MANYAVAR,MANYAVAR-EQ,8167,500.75,2026-10-09,705.0,2024-03-26,392.15,2026-07-10,392.15,824.35,396.25,2026-04-10,396.25,849.9,540.45,2026-01-09,540.45,1220.95,690.15,2025-10-09,690.15,1512.0,806.2,2025-07-10,806.2,1512.0,786.7,2025-04-09,786.7,1512.0,27.69,26.37,-15.76,-1.03,-27.44,-50.75,-26.68,-43.17,-53.68,-22.48,-32.11,-50.74,-14.39,-12.27,-45.79,2.48,-32.98,-23.74,-36.29,-40.87,-13.32,1.0,,2025-10-09,OK,2026-10-10 12:55
VESUVIUS,VESUVIUS-EQ,3676,409.0,2026-10-09,607.9,2024-03-26,464.5,2026-07-10,464.5,607.9,460.0,2026-04-10,460.0,646.0,458.1,2026-01-09,458.1,646.0,503.55,2025-10-09,503.55,646.0,529.85,2025-07-10,529.85,646.0,408.83,2025-04-09,408.83,599.9,-11.95,-11.09,-16.42,0.98,1.4,-15.23,0.41,-8.95,23.39,-9.32,-11.38,9.43,-4.96,23.17,-4.09,29.6,20.06,17.02,-7.24,-23.8,26.04,1.0,,2025-10-09,OK,2026-10-10 12:55
VIKRAMSOLR,VIKRAMSOLR-EQ,759453,142.32,2026-10-09,354.4,2025-08-26,203.35,2026-07-10,203.35,407.95,214.44,2026-04-10,214.44,407.95,226.08,2026-01-09,226.08,407.95,327.65,2025-10-09,327.65,407.95,,,,,,,,,-30.01,-33.63,-49.16,-5.17,-10.05,,-5.15,-34.39,,-30.83,,,,,,,,,,,,1.0,,2025-10-09,OK,2026-10-10 12:55
VIYASH,VIYASH-EQ,14296,234.06,2026-10-09,298.0,2024-03-26,277.8,2026-07-10,277.8,298.0,208.75,2026-04-10,208.75,257.85,198.57,2026-01-09,198.57,257.85,214.28,2025-10-09,214.28,231.0,188.24,2025-07-10,188.24,240.7,132.09,2025-04-09,132.09,240.7,-15.75,12.12,22.22,33.08,39.9,34.03,5.13,-3.37,47.87,-8.09,7.73,7.65,13.83,62.22,-5.65,42.51,0.98,50.49,-31.45,-33.56,14.08,1.0,,2025-10-09,OK,2026-10-10 12:55
VOLTAMP,VOLTAMP-EQ,13577,10302.0,2026-10-09,12863.0,2024-03-26,9562.0,2026-07-10,9562.0,12863.0,9311.5,2026-04-10,9311.5,10088.0,7264.5,2026-01-09,7264.5,10088.0,7078.0,2025-10-09,7078.0,14280.0,9837.0,2025-07-10,9837.0,14800.0,6516.85,2025-04-09,6516.85,14800.0,7.74,10.64,56.39,2.69,31.63,-0.84,28.18,29.47,30.86,1.01,-24.69,-13.99,-28.05,8.61,-43.54,50.95,6.68,-27.52,-32.69,-50.96,-34.32,1.0,,2025-10-09,OK,2026-10-10 12:55
WAAREERTL,WAAREERTL-EQ,756038,802.45,2026-10-09,1358.0,2025-04-09,1016.3,2026-07-10,1016.3,1358.0,918.8,2026-04-10,918.8,1358.0,892.7,2026-01-09,892.7,1358.0,1110.5,2025-10-09,1110.5,1272.0,995.2,2025-07-10,995.2,1170.0,856.25,2025-04-09,856.25,884.95,-21.04,-12.66,-24.94,10.61,13.85,-4.18,2.92,-18.92,-4.11,-21.22,-9.34,,11.59,29.69,,16.23,,,,,,1.0,,2025-10-09,OK,2026-10-10 12:55
WAKEFIT,WAKEFIT-EQ,760259,131.39,2026-10-09,224.0,2025-12-15,129.8,2026-07-10,129.8,224.0,153.06,2026-04-10,153.06,224.0,172.67,2026-01-09,172.67,203.5,,,,,,,,,,,,,1.22,-14.16,,-15.2,-24.83,,-11.36,,,,,,,,,,,,,,,,,2025-10-09,NOT LISTED ON BACK DATE,2026-10-10 12:55
WEWORK,WEWORK-EQ,759434,669.45,2026-10-09,794.5,2025-10-10,732.05,2026-07-10,732.05,767.0,479.6,2026-04-10,479.6,664.0,614.65,2026-01-09,614.65,664.0,,,,,,,,,,,,,-8.55,39.59,,52.64,19.1,,-21.97,-23.71,,-2.23,,,,,,,,,,,,,,2025-10-09,NOT LISTED ON BACK DATE,2026-10-10 12:55
WEBELSOLAR,WEBELSOLAR-EQ,14602,65.57,2026-10-09,137.9,2024-03-26,99.85,2026-07-10,99.85,157.3,78.89,2026-04-10,78.89,158.99,83.43,2026-01-09,83.43,177.9,111.1,2025-10-09,111.1,186.5,132.19,2025-07-10,132.19,186.5,120.34,2025-04-09,120.34,186.5,-34.33,-16.88,-29.47,26.57,19.68,-21.65,-5.44,-33.93,-53.17,-30.13,-35.35,-45.45,-15.95,-7.68,28.21,9.85,-24.71,137.7,-34.48,18.31,73.69,1.0,,2025-10-09,OK,2026-10-10 12:55
WELENT,WELENT-EQ,11626,735.9,2026-10-09,841.9,2024-03-26,614.0,2026-07-10,614.0,633.7,442.7,2026-04-10,442.7,580.0,470.45,2026-01-09,470.45,636.35,519.5,2025-10-09,519.5,655.0,521.5,2025-07-10,521.5,655.0,473.1,2025-04-09,473.1,655.0,19.85,66.23,50.69,38.69,30.51,6.63,-5.9,-15.83,1.62,-10.55,-8.21,-20.16,-0.38,9.81,-13.22,10.23,-18.36,3.1,-26.87,-14.62,33.48,1.0,,2025-10-09,OK,2026-10-10 12:55
WESTLIFE,WESTLIFE-EQ,11580,580.6,2026-10-09,659.65,2024-03-26,507.6,2026-07-10,507.6,806.4,466.35,2026-04-10,466.35,819.2,502.6,2026-01-09,502.6,893.35,656.85,2025-10-09,656.85,916.9,785.45,2025-07-10,785.45,957.0,689.05,2025-04-09,689.05,957.0,14.38,24.5,-14.52,8.85,0.99,-45.33,-7.21,-27.33,-30.75,-21.68,-35.1,-32.55,-16.37,-4.67,-17.37,13.99,-2.52,-16.95,-16.32,-22.76,-13.7,1.0,,2025-10-09,OK,2026-10-10 12:55
YATHARTH,YATHARTH-EQ,17738,1022.2,2026-10-09,1184.0,2024-03-26,829.75,2026-07-10,829.75,889.9,753.75,2026-04-10,753.75,843.7,645.9,2026-01-09,645.9,843.7,825.6,2025-10-09,825.6,843.7,621.6,2025-07-10,621.6,693.0,444.5,2025-04-09,444.5,693.0,23.19,35.62,19.88,10.08,28.46,33.53,16.7,-6.8,57.29,-20.14,5.89,28.96,32.82,85.74,37.86,39.84,17.55,23.7,-17.76,-21.86,-19.89,1.0,,2025-10-09,OK,2026-10-10 12:55
ZAGGLE,ZAGGLE-EQ,18608,168.3,2026-10-09,405.4,2024-03-26,207.79,2026-07-10,207.79,431.95,251.47,2026-04-10,251.47,469.8,305.55,2026-01-09,305.55,547.1,339.8,2025-10-09,339.8,591.9,419.55,2025-07-10,419.55,591.9,301.8,2025-04-09,301.8,591.9,-19.0,-33.07,-47.89,-17.37,-31.99,-53.05,-17.7,-30.21,-24.49,-15.2,-26.1,-33.1,-19.01,12.59,-12.43,39.02,-18.72,56.41,-43.35,-29.04,20.09,1.0,,2025-10-09,OK,2026-10-10 12:55
AEROFLEX,AEROFLEX-EQ,18268,520.5,2026-10-09,584.15,2024-03-26,413.55,2026-07-10,413.55,521.9,288.99,2026-04-10,288.99,296.0,183.39,2026-01-09,183.39,272.0,173.05,2025-10-09,173.05,272.0,199.32,2025-07-10,199.32,272.0,162.96,2025-04-09,162.96,272.0,25.86,80.11,224.27,43.1,125.5,107.76,57.58,67.04,43.7,6.0,-7.5,-10.2,-13.18,6.19,-9.1,22.31,1.65,9.21,-19.67,-15.57,12.23,1.0,,2025-10-09,OK,2026-10-10 12:55
DUMMYTRVN,,,,,,,,,,,,,,,,,,,,,,,,,,,,,,,,,,,,,,,,,,,,,,,,,,,,,,2025-10-09,NO ANGEL TOKEN,2026-10-10 12:55
EIEL,EIEL-EQ,27213,179.96,2026-10-09,257.66,2024-11-29,244.49,2026-07-10,244.49,306.4,173.15,2026-04-10,173.15,306.4,189.19,2026-01-09,189.19,306.4,243.62,2025-10-09,243.62,391.6,245.2,2025-07-10,245.2,391.6,200.62,2025-04-09,200.62,391.6,-26.39,3.93,-15.42,41.2,29.23,-26.1,-8.48,-30.41,-23.7,-23.97,-31.35,-32.74,-0.64,21.43,,22.22,-16.68,,-34.52,,,1.0,,2025-10-09,OK,2026-10-10 12:55
GOLDIAM,GOLDIAM-EQ,11971,305.9,2026-10-09,398.2,2024-03-26,378.0,2026-07-10,378.0,380.59,259.91,2026-04-10,259.91,333.0,257.1,2026-01-09,257.1,426.75,280.31,2025-10-09,280.31,426.75,256.46,2025-07-10,256.46,426.75,204.34,2025-04-09,204.34,426.75,-19.07,17.69,17.66,45.43,47.02,26.22,1.09,-7.06,14.92,-8.06,0.88,-21.27,9.3,37.18,5.79,25.51,-27.42,104.37,-43.11,-27.41,121.84,1.0,,2025-10-09,OK,2026-10-10 12:55
GUJALKALI,GUJALKALI-EQ,1267,605.45,2026-10-09,815.0,2024-03-26,588.5,2026-07-10,588.5,815.0,617.95,2026-04-10,617.95,684.35,478.4,2026-01-09,478.4,752.55,560.45,2025-10-09,560.45,900.0,595.95,2025-07-10,595.95,900.0,605.1,2025-04-09,605.1,900.0,2.88,-2.02,27.14,-4.77,23.01,3.98,29.17,9.07,-26.43,-15.56,-19.12,-30.71,-5.96,-7.38,-26.64,-1.51,-19.03,-23.66,-18.56,-25.06,-31.12,1.0,,2025-10-09,OK,2026-10-10 12:55
KITEX,KITEX-EQ,28899,115.01,2026-10-09,232.7,2024-03-26,153.35,2026-07-10,153.35,291.65,169.76,2026-04-10,169.76,324.42,154.71,2026-01-09,154.71,324.42,178.17,2025-10-09,178.17,324.42,289.75,2025-07-10,289.75,324.42,207.96,2025-04-09,207.96,295.47,-25.0,-32.25,-28.9,-9.67,-0.88,-50.72,9.73,-10.89,-19.31,-18.79,-45.81,-12.01,-38.51,-14.32,7.0,39.33,26.96,302.43,-9.26,19.11,142.1,1.0,,2025-10-09,OK,2026-10-10 12:55
NORTHARC,NORTHARC-EQ,25426,281.45,2026-10-09,334.0,2024-09-24,325.3,2026-07-10,325.3,328.0,238.42,2026-04-10,238.42,290.0,260.53,2026-01-09,260.53,290.0,270.4,2025-10-09,270.4,293.0,256.59,2025-07-10,256.59,350.0,169.38,2025-04-09,169.38,350.0,-13.48,18.05,14.03,36.44,24.86,12.01,-8.49,-11.79,43.11,-3.61,5.32,17.39,5.38,59.64,-13.09,51.49,16.03,,-23.85,-40.64,,1.0,,2025-10-09,OK,2026-10-10 12:55
PDSL,PDSL-EQ,5264,336.0,2026-10-09,418.5,2024-03-26,356.85,2026-07-10,356.85,411.0,294.95,2026-04-10,294.95,449.95,352.75,2026-01-09,352.75,572.1,311.0,2025-10-09,311.0,659.0,390.4,2025-07-10,390.4,659.0,381.55,2025-04-09,381.55,659.0,-5.84,13.92,11.16,20.99,1.16,-22.58,-16.39,-4.98,-23.72,13.64,-9.21,-39.76,-20.34,-18.49,-36.04,2.32,-31.96,-20.37,-34.65,-25.13,-4.37,1.0,,2025-10-09,OK,2026-10-10 12:55
PAISALO,PAISALO-EQ,25468,80.9,2026-10-09,94.88,2024-03-26,73.24,2026-07-10,73.24,74.9,39.3,2026-04-10,39.3,41.7,34.74,2026-01-09,34.74,48.36,38.77,2025-10-09,38.77,63.74,31.44,2025-07-10,31.44,82.0,31.63,2025-04-09,31.63,86.9,10.46,105.85,106.14,86.36,110.82,89.28,13.13,-0.35,3.48,-11.92,13.09,-17.04,23.31,22.57,-28.58,-0.6,-30.86,-55.2,-31.82,-39.98,-56.78,1.0,,2025-10-09,OK,2026-10-10 12:55
SHAREINDIA,SHAREINDIA-EQ,104,182.71,2026-10-09,233.35,2024-03-26,179.34,2026-07-10,179.34,211.0,142.79,2026-04-10,142.79,211.0,156.22,2026-01-09,156.22,293.2,143.19,2025-10-09,143.19,336.9,174.16,2025-07-10,174.16,344.8,146.97,2025-04-09,146.97,352.0,1.88,27.96,32.31,25.6,14.8,-24.88,-8.6,0.65,-8.59,10.11,-8.99,-46.32,-17.78,-2.57,-51.79,18.5,-40.67,-37.89,-51.44,-51.7,-47.95,1.0,,2025-10-09,OK,2026-10-10 12:55
^NIFTY500,Nifty 500,99926004,21866.65,2026-10-09,24144.2,2024-03-26,23348.4,2026-07-10,23348.4,24144.2,22346.75,2026-04-10,22346.75,24144.2,23467.35,2026-01-09,23467.35,24144.2,23241.75,2025-10-09,23241.75,23814.95,23471.4,2025-07-10,23471.4,24573.4,20356.75,2025-04-09,20356.75,24573.4,-6.35,-2.15,-1.22,4.48,-0.51,-5.27,-4.78,-4.25,8.28,0.56,0.79,6.18,-0.98,14.17,-2.76,15.3,6.46,1.58,-8.43,-13.74,-2.52,1.0,,2025-10-09,OK,2026-10-10 12:55
